-- MySQL dump 10.13  Distrib 5.7.18, for Linux (x86_64)
--
-- Host: localhost    Database: simulator
-- ------------------------------------------------------
-- Server version	5.7.18-0ubuntu0.16.04.1

/*!40101 SET @OLD_CHARACTER_SET_CLIENT=@@CHARACTER_SET_CLIENT */;
/*!40101 SET @OLD_CHARACTER_SET_RESULTS=@@CHARACTER_SET_RESULTS */;
/*!40101 SET @OLD_COLLATION_CONNECTION=@@COLLATION_CONNECTION */;
/*!40101 SET NAMES utf8 */;
/*!40103 SET @OLD_TIME_ZONE=@@TIME_ZONE */;
/*!40103 SET TIME_ZONE='+00:00' */;
/*!40014 SET @OLD_UNIQUE_CHECKS=@@UNIQUE_CHECKS, UNIQUE_CHECKS=0 */;
/*!40014 SET @OLD_FOREIGN_KEY_CHECKS=@@FOREIGN_KEY_CHECKS, FOREIGN_KEY_CHECKS=0 */;
/*!40101 SET @OLD_SQL_MODE=@@SQL_MODE, SQL_MODE='NO_AUTO_VALUE_ON_ZERO' */;
/*!40111 SET @OLD_SQL_NOTES=@@SQL_NOTES, SQL_NOTES=0 */;

--
-- Table structure for table `alumnos`
--

DROP TABLE IF EXISTS `alumnos`;
/*!40101 SET @saved_cs_client     = @@character_set_client */;
/*!40101 SET character_set_client = utf8 */;
CREATE TABLE `alumnos` (
  `ALU_id` int(10) unsigned NOT NULL AUTO_INCREMENT,
  `ALU_nombre` varchar(255) COLLATE utf8_unicode_ci DEFAULT NULL,
  `ALU_apellido_p` varchar(255) COLLATE utf8_unicode_ci DEFAULT NULL,
  `ALU_apellido_m` varchar(255) COLLATE utf8_unicode_ci DEFAULT NULL,
  `ALU_edad` varchar(255) COLLATE utf8_unicode_ci DEFAULT NULL,
  `ALU_sexo` varchar(255) COLLATE utf8_unicode_ci DEFAULT NULL,
  `ALU_metricula` int(11) DEFAULT NULL,
  `USE_id` int(10) unsigned DEFAULT NULL,
  `DIR_id` int(10) unsigned DEFAULT NULL,
  `created_at` timestamp NULL DEFAULT NULL,
  `updated_at` timestamp NULL DEFAULT NULL,
  PRIMARY KEY (`ALU_id`),
  KEY `alumnos_use_id_foreign` (`USE_id`),
  KEY `alumnos_dir_id_foreign` (`DIR_id`),
  CONSTRAINT `alumnos_dir_id_foreign` FOREIGN KEY (`DIR_id`) REFERENCES `direccions` (`DIR_id`),
  CONSTRAINT `alumnos_use_id_foreign` FOREIGN KEY (`USE_id`) REFERENCES `users` (`id`)
) ENGINE=InnoDB AUTO_INCREMENT=56 DEFAULT CHARSET=utf8 COLLATE=utf8_unicode_ci;
/*!40101 SET character_set_client = @saved_cs_client */;

--
-- Dumping data for table `alumnos`
--

LOCK TABLES `alumnos` WRITE;
/*!40000 ALTER TABLE `alumnos` DISABLE KEYS */;
INSERT INTO `alumnos` VALUES (1,'Alejandro','Salmeron','Cuate','00','hombre',0,3,2,'2017-06-02 08:18:23','2017-06-02 08:18:23'),(2,'Azucena','Flores','Castro','00','mujer',0,4,3,'2017-06-02 08:19:52','2017-06-02 08:19:52'),(3,'Ma. Luciveth','Gallardo','Villanueva','00','mujer',0,5,4,'2017-06-02 08:21:35','2017-06-02 08:21:35'),(4,'Delfino','Garcia ','Morales','00','hombre',0,6,5,'2017-06-02 08:22:39','2017-06-02 08:22:39'),(5,'Kendy Bisley','Herrera','Balanzar','00','mujer',0,7,6,'2017-06-02 08:24:15','2017-06-02 08:24:15'),(6,'Hensel Rene','Jimenez','Lopez','00','hombre',0,8,7,'2017-06-02 08:25:18','2017-06-02 08:25:18'),(7,'Rosa Isela ','Lopez','Blanco','00','mujer',0,9,8,'2017-06-02 08:26:20','2017-06-02 08:26:20'),(8,'Lizeth','Maldonado','Garcia','00','mujer',0,10,9,'2017-06-02 08:30:14','2017-06-02 08:30:14'),(9,'Jose Francisco','Martinez','Adame ','00','hombre',0,11,10,'2017-06-02 08:31:43','2017-06-02 08:31:43'),(10,'Jesus Geovanni','Martinez','Morales','00','hombre',0,12,11,'2017-06-02 08:32:55','2017-06-02 08:32:55'),(11,'Maricruz','Martinez','Morales','00','mujer',0,13,12,'2017-06-02 08:34:01','2017-06-02 08:34:01'),(12,'Rocio Andrea','Paulino','Juarez','00','mujer',0,14,13,'2017-06-02 08:35:11','2017-06-02 08:35:11'),(13,'Abner Caleb','Pascual','Castro','00','hombre',0,15,14,'2017-06-02 08:36:12','2017-06-02 08:36:12'),(14,'Alondra Guadalupe','Portillo','Morales','00','mujer',0,16,15,'2017-06-02 08:37:08','2017-06-02 08:37:08'),(15,'Yoana Astrid','Ramirez','Bahena','00','mujer',0,17,16,'2017-06-02 08:37:57','2017-06-02 08:37:57'),(16,'Juan Francisco','Rosales','Celino','00','hombre',0,18,17,'2017-06-02 08:39:03','2017-06-02 08:39:03'),(17,'Uriel','Valadez','Legideño','00','hombre',0,19,18,'2017-06-02 08:39:52','2017-06-02 08:39:52'),(18,'Cecilia','Vela','Cruz','00','mujer',0,20,19,'2017-06-02 08:40:45','2017-06-02 08:40:45'),(19,'Angel de Jesus','Abad ','Romero','00','hombre',0,21,20,'2017-06-02 08:41:49','2017-06-02 08:41:49'),(20,'Heriberto','Bartolo','Morales','00','hombre',0,22,21,'2017-06-02 08:42:36','2017-06-02 08:42:36'),(21,'Cinthia Pamela','Benitez','Villalva','00','mujer',0,23,22,'2017-06-02 08:43:27','2017-06-02 08:43:27'),(22,'Cindy Lizeth','Bernal','Bello','00','mujer',0,24,23,'2017-06-02 08:44:34','2017-06-02 08:44:34'),(23,'Lerwin Yahir','Chauteco','Valadez','00','hombre',0,25,24,'2017-06-02 08:45:28','2017-06-02 08:45:28'),(24,'Ulises ','Flores','Abrajan','00','hombre',0,26,25,'2017-06-02 08:46:24','2017-06-02 08:46:24'),(25,'Kelvin Gerardo','Guzman','Garcia','00','hombre',0,27,26,'2017-06-02 08:47:16','2017-06-02 08:47:16'),(26,'Irving Paul','Manrique','Aviles','00','hombre',0,28,27,'2017-06-02 08:47:59','2017-06-02 08:47:59'),(27,'Leidy Gethzemani','Marin','Telumbre','00','mujer',0,29,28,'2017-06-02 08:49:01','2017-06-02 08:49:01'),(28,'Graciela','Melo','Galeana','00','mujer',0,30,29,'2017-06-02 08:49:53','2017-06-02 08:49:53'),(29,'Itzel','Muñoz','Rosales','00','mujer',0,31,30,'2017-06-02 08:50:41','2017-06-02 08:50:41'),(30,'Luz Arely','Najera','Martinez','00','mujer',0,32,31,'2017-06-02 08:51:32','2017-06-02 08:51:32'),(31,'Gema Josabeth','Ojeda','Bello','00','mujer',0,33,32,'2017-06-02 08:52:33','2017-06-02 08:52:33'),(32,'Ricardo','Ortega','Arista','00','hombre',0,34,33,'2017-06-02 08:53:40','2017-06-02 08:53:40'),(33,'Jose Arturo','Suastegui','Jimenez','00','hombre',0,35,34,'2017-06-02 08:54:41','2017-06-02 08:54:41'),(34,'Margarely','Trigo','Navarrete','00','mujer',0,36,35,'2017-06-02 08:55:24','2017-06-02 08:55:24'),(35,'Diana Arleth','Vazquez','Ramirez','00','mujer',0,37,36,'2017-06-02 08:56:11','2017-06-02 08:56:11'),(36,'Israel','Zeferino','Jaimes','00','hombre',0,38,37,'2017-06-02 08:57:02','2017-06-02 08:57:02'),(37,'Blanca Azucena','Adame','Cisceros','00','mujer',0,39,38,'2017-06-02 08:58:01','2017-06-02 08:58:01'),(38,'Maria Teresa de Jesus','Amado','Zoto','00','mujer',0,40,39,'2017-06-02 08:59:03','2017-06-02 08:59:03'),(39,'Luis Diego','Antaño','Tapia','00','hombre',0,41,40,'2017-06-02 09:00:01','2017-06-02 09:00:01'),(40,'Jocelyn Yaritzy','Bello','Mendoza','00','mujer',0,42,41,'2017-06-02 09:00:46','2017-06-02 09:00:46'),(41,'Ever Josue','Casarrubias','Felipe','00','hombre',0,43,42,'2017-06-02 09:01:47','2017-06-02 09:01:47'),(42,'Rud Queli','Carrillo','Cipriano','00','mujer',0,44,43,'2017-06-02 09:02:52','2017-06-02 09:02:52'),(43,'Angel Osvaldo','Celino','Garcia','00','hombre',0,45,44,'2017-06-02 09:03:42','2017-06-02 09:03:42'),(44,'Jesus','Coronel','Coronel','00','hombre',0,46,45,'2017-06-02 09:04:27','2017-06-02 09:04:27'),(45,'Elizabeth','De la Cruz','Martinez','00','mujer',0,47,46,'2017-06-02 09:05:11','2017-06-02 09:05:11'),(46,'Abilene','Ibañez','Sanchez','00','mujer',0,48,47,'2017-06-02 09:06:01','2017-06-02 09:06:01'),(47,'David','Juarez','Luis','00','hombre',0,49,48,'2017-06-02 09:06:41','2017-06-02 09:06:41'),(48,'Jose Angel','Nava','Jacobo','00','hombre',0,50,49,'2017-06-02 09:07:40','2017-06-02 09:07:40'),(49,'Natividad','Sandoval','Sanchez','00','mujer',0,51,50,'2017-06-02 09:08:23','2017-06-02 09:08:23'),(50,'Luis Valerio','Suarez','Suarez','00','hombre',0,52,51,'2017-06-02 09:09:10','2017-06-02 09:09:10'),(51,'Edith Guadalupe','Sebastian','Salazar','00','mujer',0,53,52,'2017-06-02 09:09:55','2017-06-02 09:09:55'),(52,'Erick Manuel','Tizapa','Hernandez','00','hombre',0,54,53,'2017-06-02 09:10:37','2017-06-02 09:10:37'),(53,'Katia Guadaluoe','Valadez','Castañeda','00','mujer',0,55,54,'2017-06-02 09:11:32','2017-06-02 09:11:32'),(54,'Yaritza Emir','Villanueva','Lopez','00','mujer',0,56,55,'2017-06-02 09:12:20','2017-06-02 09:12:20'),(55,'Maria Roxana','González','Gonzalez','00','mujer',0,57,56,'2017-06-02 09:13:48','2017-06-02 09:13:48');
/*!40000 ALTER TABLE `alumnos` ENABLE KEYS */;
UNLOCK TABLES;

--
-- Table structure for table `cur_alus`
--

DROP TABLE IF EXISTS `cur_alus`;
/*!40101 SET @saved_cs_client     = @@character_set_client */;
/*!40101 SET character_set_client = utf8 */;
CREATE TABLE `cur_alus` (
  `CUAL_id` int(10) unsigned NOT NULL AUTO_INCREMENT,
  `CUAL_estatus` enum('aprobado','pendiente','denegado') COLLATE utf8_unicode_ci NOT NULL DEFAULT 'pendiente',
  `CUR_id` int(10) unsigned DEFAULT NULL,
  `ALU_id` int(10) unsigned DEFAULT NULL,
  `CUAL_intentos` int(11) DEFAULT NULL,
  `CUAL_calificacion` int(11) DEFAULT NULL,
  `created_at` timestamp NULL DEFAULT NULL,
  `updated_at` timestamp NULL DEFAULT NULL,
  PRIMARY KEY (`CUAL_id`),
  KEY `cur_alus_cur_id_foreign` (`CUR_id`),
  KEY `cur_alus_alu_id_foreign` (`ALU_id`),
  CONSTRAINT `cur_alus_alu_id_foreign` FOREIGN KEY (`ALU_id`) REFERENCES `alumnos` (`ALU_id`),
  CONSTRAINT `cur_alus_cur_id_foreign` FOREIGN KEY (`CUR_id`) REFERENCES `cursos` (`CUR_id`)
) ENGINE=InnoDB AUTO_INCREMENT=56 DEFAULT CHARSET=utf8 COLLATE=utf8_unicode_ci;
/*!40101 SET character_set_client = @saved_cs_client */;

--
-- Dumping data for table `cur_alus`
--

LOCK TABLES `cur_alus` WRITE;
/*!40000 ALTER TABLE `cur_alus` DISABLE KEYS */;
INSERT INTO `cur_alus` VALUES (1,'aprobado',1,1,NULL,NULL,'2017-06-02 08:18:44','2017-06-02 09:15:11'),(2,'aprobado',1,2,NULL,NULL,'2017-06-02 08:20:02','2017-06-02 09:15:13'),(3,'aprobado',1,3,NULL,NULL,'2017-06-02 08:21:51','2017-06-02 09:15:15'),(4,'aprobado',1,4,NULL,NULL,'2017-06-02 08:22:50','2017-06-02 09:15:18'),(5,'aprobado',1,5,NULL,NULL,'2017-06-02 08:24:28','2017-06-02 09:15:20'),(6,'aprobado',1,6,NULL,NULL,'2017-06-02 08:25:30','2017-06-02 09:15:23'),(7,'aprobado',1,7,NULL,NULL,'2017-06-02 08:26:30','2017-06-02 09:15:25'),(8,'aprobado',1,8,NULL,NULL,'2017-06-02 08:30:26','2017-06-02 09:15:27'),(9,'aprobado',1,9,NULL,NULL,'2017-06-02 08:31:53','2017-06-02 09:15:29'),(10,'aprobado',1,10,NULL,NULL,'2017-06-02 08:33:05','2017-06-02 09:15:31'),(11,'aprobado',1,11,NULL,NULL,'2017-06-02 08:34:11','2017-06-02 09:15:33'),(12,'aprobado',1,12,NULL,NULL,'2017-06-02 08:35:21','2017-06-02 09:15:35'),(13,'aprobado',1,13,NULL,NULL,'2017-06-02 08:36:22','2017-06-02 09:15:37'),(14,'aprobado',1,14,NULL,NULL,'2017-06-02 08:37:17','2017-06-02 09:15:39'),(15,'aprobado',1,15,NULL,NULL,'2017-06-02 08:38:06','2017-06-02 09:15:41'),(16,'aprobado',1,16,NULL,NULL,'2017-06-02 08:39:13','2017-06-02 09:15:44'),(17,'aprobado',1,17,NULL,NULL,'2017-06-02 08:40:01','2017-06-02 09:15:46'),(18,'aprobado',1,18,NULL,NULL,'2017-06-02 08:40:55','2017-06-02 09:15:48'),(19,'aprobado',2,19,NULL,NULL,'2017-06-02 08:41:57','2017-06-02 09:16:12'),(20,'aprobado',2,20,NULL,NULL,'2017-06-02 08:42:45','2017-06-02 09:16:14'),(21,'aprobado',2,21,NULL,NULL,'2017-06-02 08:43:38','2017-06-02 09:16:15'),(22,'aprobado',2,22,NULL,NULL,'2017-06-02 08:44:43','2017-06-02 09:16:16'),(23,'aprobado',2,23,NULL,NULL,'2017-06-02 08:45:42','2017-06-02 09:16:19'),(24,'aprobado',2,24,NULL,NULL,'2017-06-02 08:46:34','2017-06-02 09:16:22'),(25,'aprobado',2,25,NULL,NULL,'2017-06-02 08:47:26','2017-06-02 09:16:24'),(26,'aprobado',2,26,NULL,NULL,'2017-06-02 08:48:11','2017-06-02 09:16:27'),(27,'aprobado',2,27,NULL,NULL,'2017-06-02 08:49:13','2017-06-02 09:16:28'),(28,'aprobado',2,28,NULL,NULL,'2017-06-02 08:50:03','2017-06-02 09:16:31'),(29,'aprobado',2,29,NULL,NULL,'2017-06-02 08:50:52','2017-06-02 09:16:33'),(30,'aprobado',2,30,NULL,NULL,'2017-06-02 08:51:42','2017-06-02 09:16:36'),(31,'aprobado',2,31,NULL,NULL,'2017-06-02 08:53:08','2017-06-02 09:16:39'),(32,'aprobado',2,32,NULL,NULL,'2017-06-02 08:53:54','2017-06-02 09:16:40'),(33,'aprobado',2,33,NULL,NULL,'2017-06-02 08:54:51','2017-06-02 09:16:43'),(34,'aprobado',2,34,NULL,NULL,'2017-06-02 08:55:35','2017-06-02 09:16:45'),(35,'aprobado',2,35,NULL,NULL,'2017-06-02 08:56:22','2017-06-02 09:16:47'),(36,'aprobado',2,36,NULL,NULL,'2017-06-02 08:57:13','2017-06-02 09:16:49'),(37,'aprobado',3,37,NULL,NULL,'2017-06-02 08:58:22','2017-06-02 09:16:56'),(38,'aprobado',3,38,NULL,NULL,'2017-06-02 08:59:13','2017-06-02 09:16:58'),(39,'aprobado',3,40,NULL,NULL,'2017-06-02 09:00:58','2017-06-02 09:17:00'),(40,'aprobado',3,41,NULL,NULL,'2017-06-02 09:02:01','2017-06-02 09:17:02'),(41,'aprobado',3,42,NULL,NULL,'2017-06-02 09:03:05','2017-06-02 09:17:04'),(42,'aprobado',3,43,NULL,NULL,'2017-06-02 09:03:55','2017-06-02 09:17:06'),(43,'aprobado',3,44,NULL,NULL,'2017-06-02 09:04:37','2017-06-02 09:17:08'),(44,'aprobado',3,45,NULL,NULL,'2017-06-02 09:05:24','2017-06-02 09:17:10'),(45,'aprobado',3,46,NULL,NULL,'2017-06-02 09:06:12','2017-06-02 09:17:12'),(46,'aprobado',3,47,NULL,NULL,'2017-06-02 09:06:54','2017-06-02 09:17:14'),(47,'aprobado',3,48,NULL,NULL,'2017-06-02 09:07:50','2017-06-02 09:17:18'),(48,'aprobado',3,49,NULL,NULL,'2017-06-02 09:08:33','2017-06-02 09:17:20'),(49,'aprobado',3,50,NULL,NULL,'2017-06-02 09:09:25','2017-06-02 09:17:22'),(50,'aprobado',3,51,NULL,NULL,'2017-06-02 09:10:05','2017-06-02 09:17:25'),(51,'aprobado',3,52,NULL,NULL,'2017-06-02 09:10:49','2017-06-02 09:17:27'),(52,'aprobado',3,53,NULL,NULL,'2017-06-02 09:11:41','2017-06-02 09:17:29'),(53,'aprobado',3,54,NULL,NULL,'2017-06-02 09:12:28','2017-06-02 09:17:32'),(54,'aprobado',3,55,NULL,NULL,'2017-06-02 09:14:01','2017-06-02 09:17:34'),(55,'aprobado',3,39,NULL,NULL,'2017-06-02 09:19:53','2017-06-02 09:20:13');
/*!40000 ALTER TABLE `cur_alus` ENABLE KEYS */;
UNLOCK TABLES;

--
-- Table structure for table `cursos`
--

DROP TABLE IF EXISTS `cursos`;
/*!40101 SET @saved_cs_client     = @@character_set_client */;
/*!40101 SET character_set_client = utf8 */;
CREATE TABLE `cursos` (
  `CUR_id` int(10) unsigned NOT NULL AUTO_INCREMENT,
  `CUR_nombre` varchar(255) COLLATE utf8_unicode_ci DEFAULT NULL,
  `CUR_descripcion` longtext COLLATE utf8_unicode_ci,
  `CUR_cupos` int(11) DEFAULT NULL,
  `CUR_fecha` date DEFAULT NULL,
  `CUR_clave` varchar(255) COLLATE utf8_unicode_ci DEFAULT NULL,
  `CUR_foto` varchar(255) COLLATE utf8_unicode_ci DEFAULT NULL,
  `CUR_estatus` enum('habilitado','deshabilitado') COLLATE utf8_unicode_ci NOT NULL DEFAULT 'habilitado',
  `PRO_id` int(10) unsigned DEFAULT NULL,
  `CUR_fecha_inicio` date DEFAULT NULL,
  `CUR_fecha_final` date DEFAULT NULL,
  `CUR_estatus_examen` enum('habilitado','deshabilitado') COLLATE utf8_unicode_ci NOT NULL DEFAULT 'deshabilitado',
  `CUR_tiempo` varchar(255) COLLATE utf8_unicode_ci DEFAULT NULL,
  `CUR_numero_preguntas` int(11) DEFAULT NULL,
  `created_at` timestamp NULL DEFAULT NULL,
  `updated_at` timestamp NULL DEFAULT NULL,
  PRIMARY KEY (`CUR_id`),
  KEY `cursos_pro_id_foreign` (`PRO_id`),
  CONSTRAINT `cursos_pro_id_foreign` FOREIGN KEY (`PRO_id`) REFERENCES `profesors` (`PRO_id`)
) ENGINE=InnoDB AUTO_INCREMENT=4 DEFAULT CHARSET=utf8 COLLATE=utf8_unicode_ci;
/*!40101 SET character_set_client = @saved_cs_client */;

--
-- Dumping data for table `cursos`
--

LOCK TABLES `cursos` WRITE;
/*!40000 ALTER TABLE `cursos` DISABLE KEYS */;
INSERT INTO `cursos` VALUES (1,'USO DE LOS MEDIOS EN EL AULA GRUPO 401','El uso de medios de comunicación e información en las prácticas pedagógicas es un recurso indispensable para acercar el desarrollo de las competencias de los estudiantes a las dinámicas del mundo contemporáneo. La Revolución Educativa propone mejorar los aprendizajes fomentando el uso de los medios electrónicos, la televisión, la radio, el cine, el vídeo y el impreso en el aula de clase. Maestros y maestras son los ejes de este proceso para el tránsito de la enseñanza al aprendizaje.',18,'2017-05-31','401','curso_1496254801.JPG','habilitado',1,NULL,NULL,'deshabilitado',NULL,NULL,'2017-05-31 18:20:01','2017-05-31 18:20:01'),(2,'USO DE LOS MEDIOS EN EL AULA GRUPO 402','El uso de medios de comunicación e información en las prácticas pedagógicas es un recurso indispensable para acercar el desarrollo de las competencias de los estudiantes a las dinámicas del mundo contemporáneo. La Revolución Educativa propone mejorar los aprendizajes fomentando el uso de los medios electrónicos, la televisión, la radio, el cine, el vídeo y el impreso en el aula de clase. Maestros y maestras son los ejes de este proceso para el tránsito de la enseñanza al aprendizaje.',18,'2017-05-31','402','curso_1496254869.JPG','habilitado',1,NULL,NULL,'deshabilitado',NULL,NULL,'2017-05-31 18:21:09','2017-05-31 18:21:09'),(3,'USO DE LOS MEDIOS EN EL AULA GRUPO 403','El uso de medios de comunicación e información en las prácticas pedagógicas es un recurso indispensable para acercar el desarrollo de las competencias de los estudiantes a las dinámicas del mundo contemporáneo. La Revolución Educativa propone mejorar los aprendizajes fomentando el uso de los medios electrónicos, la televisión, la radio, el cine, el vídeo y el impreso en el aula de clase. Maestros y maestras son los ejes de este proceso para el tránsito de la enseñanza al aprendizaje.',19,'2017-05-31','403','curso_1496254917.jpg','habilitado',1,NULL,NULL,'deshabilitado',NULL,NULL,'2017-05-31 18:21:57','2017-05-31 18:21:57');
/*!40000 ALTER TABLE `cursos` ENABLE KEYS */;
UNLOCK TABLES;

--
-- Table structure for table `direccions`
--

DROP TABLE IF EXISTS `direccions`;
/*!40101 SET @saved_cs_client     = @@character_set_client */;
/*!40101 SET character_set_client = utf8 */;
CREATE TABLE `direccions` (
  `DIR_id` int(10) unsigned NOT NULL AUTO_INCREMENT,
  `DIR_calle` varchar(255) COLLATE utf8_unicode_ci DEFAULT NULL,
  `DIR_colonia` varchar(255) COLLATE utf8_unicode_ci DEFAULT NULL,
  `DIR_estado` varchar(255) COLLATE utf8_unicode_ci DEFAULT NULL,
  `DIR_ciudad` varchar(255) COLLATE utf8_unicode_ci DEFAULT NULL,
  `DIR_pais` varchar(255) COLLATE utf8_unicode_ci DEFAULT NULL,
  `DIR_cp` int(11) DEFAULT NULL,
  `created_at` timestamp NULL DEFAULT NULL,
  `updated_at` timestamp NULL DEFAULT NULL,
  PRIMARY KEY (`DIR_id`)
) ENGINE=InnoDB AUTO_INCREMENT=57 DEFAULT CHARSET=utf8 COLLATE=utf8_unicode_ci;
/*!40101 SET character_set_client = @saved_cs_client */;

--
-- Dumping data for table `direccions`
--

LOCK TABLES `direccions` WRITE;
/*!40000 ALTER TABLE `direccions` DISABLE KEYS */;
INSERT INTO `direccions` VALUES (1,NULL,NULL,NULL,NULL,NULL,NULL,'2017-05-31 18:11:10','2017-05-31 18:11:10'),(2,NULL,NULL,NULL,NULL,NULL,NULL,'2017-06-02 08:18:22','2017-06-02 08:18:22'),(3,NULL,NULL,NULL,NULL,NULL,NULL,'2017-06-02 08:19:51','2017-06-02 08:19:51'),(4,NULL,NULL,NULL,NULL,NULL,NULL,'2017-06-02 08:21:34','2017-06-02 08:21:34'),(5,NULL,NULL,NULL,NULL,NULL,NULL,'2017-06-02 08:22:39','2017-06-02 08:22:39'),(6,NULL,NULL,NULL,NULL,NULL,NULL,'2017-06-02 08:24:15','2017-06-02 08:24:15'),(7,NULL,NULL,NULL,NULL,NULL,NULL,'2017-06-02 08:25:18','2017-06-02 08:25:18'),(8,NULL,NULL,NULL,NULL,NULL,NULL,'2017-06-02 08:26:20','2017-06-02 08:26:20'),(9,NULL,NULL,NULL,NULL,NULL,NULL,'2017-06-02 08:30:14','2017-06-02 08:30:14'),(10,NULL,NULL,NULL,NULL,NULL,NULL,'2017-06-02 08:31:43','2017-06-02 08:31:43'),(11,NULL,NULL,NULL,NULL,NULL,NULL,'2017-06-02 08:32:55','2017-06-02 08:32:55'),(12,NULL,NULL,NULL,NULL,NULL,NULL,'2017-06-02 08:34:01','2017-06-02 08:34:01'),(13,NULL,NULL,NULL,NULL,NULL,NULL,'2017-06-02 08:35:10','2017-06-02 08:35:10'),(14,NULL,NULL,NULL,NULL,NULL,NULL,'2017-06-02 08:36:11','2017-06-02 08:36:11'),(15,NULL,NULL,NULL,NULL,NULL,NULL,'2017-06-02 08:37:08','2017-06-02 08:37:08'),(16,NULL,NULL,NULL,NULL,NULL,NULL,'2017-06-02 08:37:57','2017-06-02 08:37:57'),(17,NULL,NULL,NULL,NULL,NULL,NULL,'2017-06-02 08:39:03','2017-06-02 08:39:03'),(18,NULL,NULL,NULL,NULL,NULL,NULL,'2017-06-02 08:39:51','2017-06-02 08:39:51'),(19,NULL,NULL,NULL,NULL,NULL,NULL,'2017-06-02 08:40:44','2017-06-02 08:40:44'),(20,NULL,NULL,NULL,NULL,NULL,NULL,'2017-06-02 08:41:48','2017-06-02 08:41:48'),(21,NULL,NULL,NULL,NULL,NULL,NULL,'2017-06-02 08:42:36','2017-06-02 08:42:36'),(22,NULL,NULL,NULL,NULL,NULL,NULL,'2017-06-02 08:43:27','2017-06-02 08:43:27'),(23,NULL,NULL,NULL,NULL,NULL,NULL,'2017-06-02 08:44:33','2017-06-02 08:44:33'),(24,NULL,NULL,NULL,NULL,NULL,NULL,'2017-06-02 08:45:28','2017-06-02 08:45:28'),(25,NULL,NULL,NULL,NULL,NULL,NULL,'2017-06-02 08:46:23','2017-06-02 08:46:23'),(26,NULL,NULL,NULL,NULL,NULL,NULL,'2017-06-02 08:47:16','2017-06-02 08:47:16'),(27,NULL,NULL,NULL,NULL,NULL,NULL,'2017-06-02 08:47:59','2017-06-02 08:47:59'),(28,NULL,NULL,NULL,NULL,NULL,NULL,'2017-06-02 08:49:00','2017-06-02 08:49:00'),(29,NULL,NULL,NULL,NULL,NULL,NULL,'2017-06-02 08:49:53','2017-06-02 08:49:53'),(30,NULL,NULL,NULL,NULL,NULL,NULL,'2017-06-02 08:50:41','2017-06-02 08:50:41'),(31,NULL,NULL,NULL,NULL,NULL,NULL,'2017-06-02 08:51:32','2017-06-02 08:51:32'),(32,NULL,NULL,NULL,NULL,NULL,NULL,'2017-06-02 08:52:33','2017-06-02 08:52:33'),(33,NULL,NULL,NULL,NULL,NULL,NULL,'2017-06-02 08:53:40','2017-06-02 08:53:40'),(34,NULL,NULL,NULL,NULL,NULL,NULL,'2017-06-02 08:54:40','2017-06-02 08:54:40'),(35,NULL,NULL,NULL,NULL,NULL,NULL,'2017-06-02 08:55:23','2017-06-02 08:55:23'),(36,NULL,NULL,NULL,NULL,NULL,NULL,'2017-06-02 08:56:11','2017-06-02 08:56:11'),(37,NULL,NULL,NULL,NULL,NULL,NULL,'2017-06-02 08:57:02','2017-06-02 08:57:02'),(38,NULL,NULL,NULL,NULL,NULL,NULL,'2017-06-02 08:58:01','2017-06-02 08:58:01'),(39,NULL,NULL,NULL,NULL,NULL,NULL,'2017-06-02 08:59:02','2017-06-02 08:59:02'),(40,NULL,NULL,NULL,NULL,NULL,NULL,'2017-06-02 09:00:01','2017-06-02 09:00:01'),(41,NULL,NULL,NULL,NULL,NULL,NULL,'2017-06-02 09:00:46','2017-06-02 09:00:46'),(42,NULL,NULL,NULL,NULL,NULL,NULL,'2017-06-02 09:01:46','2017-06-02 09:01:46'),(43,NULL,NULL,NULL,NULL,NULL,NULL,'2017-06-02 09:02:52','2017-06-02 09:02:52'),(44,NULL,NULL,NULL,NULL,NULL,NULL,'2017-06-02 09:03:42','2017-06-02 09:03:42'),(45,NULL,NULL,NULL,NULL,NULL,NULL,'2017-06-02 09:04:27','2017-06-02 09:04:27'),(46,NULL,NULL,NULL,NULL,NULL,NULL,'2017-06-02 09:05:11','2017-06-02 09:05:11'),(47,NULL,NULL,NULL,NULL,NULL,NULL,'2017-06-02 09:06:01','2017-06-02 09:06:01'),(48,NULL,NULL,NULL,NULL,NULL,NULL,'2017-06-02 09:06:40','2017-06-02 09:06:40'),(49,NULL,NULL,NULL,NULL,NULL,NULL,'2017-06-02 09:07:40','2017-06-02 09:07:40'),(50,NULL,NULL,NULL,NULL,NULL,NULL,'2017-06-02 09:08:23','2017-06-02 09:08:23'),(51,NULL,NULL,NULL,NULL,NULL,NULL,'2017-06-02 09:09:10','2017-06-02 09:09:10'),(52,NULL,NULL,NULL,NULL,NULL,NULL,'2017-06-02 09:09:55','2017-06-02 09:09:55'),(53,NULL,NULL,NULL,NULL,NULL,NULL,'2017-06-02 09:10:36','2017-06-02 09:10:36'),(54,NULL,NULL,NULL,NULL,NULL,NULL,'2017-06-02 09:11:31','2017-06-02 09:11:31'),(55,NULL,NULL,NULL,NULL,NULL,NULL,'2017-06-02 09:12:20','2017-06-02 09:12:20'),(56,NULL,NULL,NULL,NULL,NULL,NULL,'2017-06-02 09:13:48','2017-06-02 09:13:48');
/*!40000 ALTER TABLE `direccions` ENABLE KEYS */;
UNLOCK TABLES;

--
-- Table structure for table `examens`
--

DROP TABLE IF EXISTS `examens`;
/*!40101 SET @saved_cs_client     = @@character_set_client */;
/*!40101 SET character_set_client = utf8 */;
CREATE TABLE `examens` (
  `EXA_id` int(10) unsigned NOT NULL AUTO_INCREMENT,
  `EXA_nombre` varchar(35) COLLATE utf8_unicode_ci DEFAULT NULL,
  `EXA_fecha` date DEFAULT NULL,
  `EXA_hora` varchar(255) COLLATE utf8_unicode_ci DEFAULT NULL,
  `EXA_calificacion` double(8,2) DEFAULT NULL,
  `EXA_tiempo` varchar(255) COLLATE utf8_unicode_ci DEFAULT NULL,
  `UNI_id` int(10) unsigned DEFAULT NULL,
  `TIP_id` int(10) unsigned DEFAULT NULL,
  `ALU_id` int(10) unsigned DEFAULT NULL,
  `created_at` timestamp NULL DEFAULT NULL,
  `updated_at` timestamp NULL DEFAULT NULL,
  PRIMARY KEY (`EXA_id`),
  KEY `examens_uni_id_foreign` (`UNI_id`),
  KEY `examens_tip_id_foreign` (`TIP_id`),
  KEY `examens_alu_id_foreign` (`ALU_id`),
  CONSTRAINT `examens_alu_id_foreign` FOREIGN KEY (`ALU_id`) REFERENCES `alumnos` (`ALU_id`),
  CONSTRAINT `examens_tip_id_foreign` FOREIGN KEY (`TIP_id`) REFERENCES `tipos` (`TIP_id`),
  CONSTRAINT `examens_uni_id_foreign` FOREIGN KEY (`UNI_id`) REFERENCES `unidads` (`UNI_id`)
) ENGINE=InnoDB DEFAULT CHARSET=utf8 COLLATE=utf8_unicode_ci;
/*!40101 SET character_set_client = @saved_cs_client */;

--
-- Dumping data for table `examens`
--

LOCK TABLES `examens` WRITE;
/*!40000 ALTER TABLE `examens` DISABLE KEYS */;
/*!40000 ALTER TABLE `examens` ENABLE KEYS */;
UNLOCK TABLES;

--
-- Table structure for table `migrations`
--

DROP TABLE IF EXISTS `migrations`;
/*!40101 SET @saved_cs_client     = @@character_set_client */;
/*!40101 SET character_set_client = utf8 */;
CREATE TABLE `migrations` (
  `id` int(10) unsigned NOT NULL AUTO_INCREMENT,
  `migration` varchar(255) COLLATE utf8_unicode_ci NOT NULL,
  `batch` int(11) NOT NULL,
  PRIMARY KEY (`id`)
) ENGINE=InnoDB AUTO_INCREMENT=14 DEFAULT CHARSET=utf8 COLLATE=utf8_unicode_ci;
/*!40101 SET character_set_client = @saved_cs_client */;

--
-- Dumping data for table `migrations`
--

LOCK TABLES `migrations` WRITE;
/*!40000 ALTER TABLE `migrations` DISABLE KEYS */;
INSERT INTO `migrations` VALUES (1,'2014_10_12_000000_create_users_table',1),(2,'2014_10_12_100000_create_password_resets_table',1),(3,'2017_03_06_234248_create_direccions_table',1),(4,'2017_03_06_234259_create_profesors_table',1),(5,'2017_03_06_234310_create_cursos_table',1),(6,'2017_03_06_234320_create_unidads_table',1),(7,'2017_03_06_234330_create_tipos_table',1),(8,'2017_03_06_234356_create_preguntas_table',1),(9,'2017_03_06_234407_create_respuestas_table',1),(10,'2017_03_06_234436_create_alumnos_table',1),(11,'2017_03_16_201043_create_cur_alus_table',1),(12,'2017_03_16_214534_create_examens_table',1),(13,'2017_05_09_103416_create_uni_alus_table',1);
/*!40000 ALTER TABLE `migrations` ENABLE KEYS */;
UNLOCK TABLES;

--
-- Table structure for table `password_resets`
--

DROP TABLE IF EXISTS `password_resets`;
/*!40101 SET @saved_cs_client     = @@character_set_client */;
/*!40101 SET character_set_client = utf8 */;
CREATE TABLE `password_resets` (
  `email` varchar(255) COLLATE utf8_unicode_ci NOT NULL,
  `token` varchar(255) COLLATE utf8_unicode_ci NOT NULL,
  `created_at` timestamp NULL DEFAULT NULL,
  KEY `password_resets_email_index` (`email`),
  KEY `password_resets_token_index` (`token`)
) ENGINE=InnoDB DEFAULT CHARSET=utf8 COLLATE=utf8_unicode_ci;
/*!40101 SET character_set_client = @saved_cs_client */;

--
-- Dumping data for table `password_resets`
--

LOCK TABLES `password_resets` WRITE;
/*!40000 ALTER TABLE `password_resets` DISABLE KEYS */;
/*!40000 ALTER TABLE `password_resets` ENABLE KEYS */;
UNLOCK TABLES;

--
-- Table structure for table `preguntas`
--

DROP TABLE IF EXISTS `preguntas`;
/*!40101 SET @saved_cs_client     = @@character_set_client */;
/*!40101 SET character_set_client = utf8 */;
CREATE TABLE `preguntas` (
  `PRE_id` int(10) unsigned NOT NULL AUTO_INCREMENT,
  `PRE_nombre` varchar(255) COLLATE utf8_unicode_ci DEFAULT NULL,
  `PRE_respuestas` int(11) DEFAULT NULL,
  `UNI_id` int(10) unsigned DEFAULT NULL,
  `CUR_id` int(10) unsigned DEFAULT NULL,
  `PRE_file` varchar(255) COLLATE utf8_unicode_ci DEFAULT NULL,
  `created_at` timestamp NULL DEFAULT NULL,
  `updated_at` timestamp NULL DEFAULT NULL,
  PRIMARY KEY (`PRE_id`),
  KEY `preguntas_cur_id_foreign` (`CUR_id`),
  KEY `preguntas_uni_id_foreign` (`UNI_id`),
  CONSTRAINT `preguntas_cur_id_foreign` FOREIGN KEY (`CUR_id`) REFERENCES `cursos` (`CUR_id`),
  CONSTRAINT `preguntas_uni_id_foreign` FOREIGN KEY (`UNI_id`) REFERENCES `unidads` (`UNI_id`)
) ENGINE=InnoDB AUTO_INCREMENT=376 DEFAULT CHARSET=utf8 COLLATE=utf8_unicode_ci;
/*!40101 SET character_set_client = @saved_cs_client */;

--
-- Dumping data for table `preguntas`
--

LOCK TABLES `preguntas` WRITE;
/*!40000 ALTER TABLE `preguntas` DISABLE KEYS */;
INSERT INTO `preguntas` VALUES (1,'¿Qué es lo que registramos en los tempranos meses de existencia, con el poco significado para nuestro virgen territorio cerebral?',0,1,1,'foto_1496262329.PNG','2017-05-31 18:40:15','2017-05-31 20:25:29'),(2,'Según los experimentos registrados, ¿Que percibimos mientras estamos en el vientre materno?',0,1,1,'foto_1496262339.PNG','2017-05-31 18:42:14','2017-05-31 20:25:39'),(3,'¿Cuáles son las vertientes de búsqueda que tiene el campo de estudio de la imagen?',0,1,1,'foto_1496262348.PNG','2017-05-31 20:22:27','2017-05-31 20:25:48'),(4,'Es el dicho  que forma parte de la mitología que ha crecido al lado del desarrollo del lenguaje de las imágenes y casi nadie se atreve a cuestionarlo:',0,1,1,'foto_1496262391.PNG','2017-05-31 20:26:31','2017-05-31 20:26:31'),(5,'¿Para qué se aprovechó la imagen  desde tiempos muy remotos?',0,1,1,'foto_1496262515.PNG','2017-05-31 20:28:35','2017-05-31 20:28:35'),(6,'¿Qué ámbitos han desarrollado mayormente sus aplicaciones y potenciales, al lado del arte?',0,1,1,'foto_1496262735.PNG','2017-05-31 20:32:15','2017-05-31 20:32:15'),(7,'¿Cómo se reforzó la trayectoria de los medios de comunicación?',0,1,1,'foto_1496262838.PNG','2017-05-31 20:33:58','2017-05-31 20:33:58'),(8,'¿Cuáles son los elementos constitutivos de la imagen?',0,1,1,'foto_1496262926.PNG','2017-05-31 20:35:26','2017-05-31 20:35:26'),(9,'¿Cuál es la primera consideración pertinente cuando necesitamos seleccionar una imagen para utilizarla con fines educativos?',0,1,1,'foto_1496274296.PNG','2017-05-31 23:44:56','2017-05-31 23:44:56'),(10,'Son los dos grandes grupos en los que se clasifican las imágenes:',0,1,1,'foto_1496274444.PNG','2017-05-31 23:47:24','2017-05-31 23:47:24'),(11,'¿Cómo lograr que la imagen sea efectiva desde el punto de vista educativo?',0,1,1,'foto_1496274951.PNG','2017-05-31 23:55:51','2017-05-31 23:55:51'),(12,'¿Cómo se da generalmente nuestra percepción de las imágenes que nos hacen placentera o molesta una imagen?',0,1,1,'foto_1496275039.PNG','2017-05-31 23:57:19','2017-05-31 23:57:19'),(13,'Es conocer los factores que determinan su génesis, su dinámica interna y la forma en que son percibidas las imágenes por un sujeto determinado:',0,1,1,'foto_1496275131.PNG','2017-05-31 23:58:51','2017-05-31 23:58:51'),(14,'Es ante todo tener clara conciencia de su potencial educativo, es reconocer que los espectaculares de la calle informan y forman al individuo:',0,1,1,'foto_1496275232.PNG','2017-06-01 00:00:32','2017-06-01 00:00:32'),(15,'¿Qué función juega la imagen? ',0,1,1,'foto_1496275332.PNG','2017-06-01 00:02:12','2017-06-01 00:03:21'),(16,'¿Es otro tipo de imagen además de las imágenes visuales? ',0,1,1,'foto_1496275439.PNG','2017-06-01 00:03:59','2017-06-01 00:03:59'),(17,'Cuando se descompone en partes un objeto, seleccionando y aislando elementos significativos puede ser una imagen: ',0,1,1,'foto_1496275519.PNG','2017-06-01 00:05:19','2017-06-01 00:05:19'),(18,'¿Que establecen las imágenes figurativas? ',0,1,1,'foto_1496275604.PNG','2017-06-01 00:06:44','2017-06-01 00:06:44'),(19,'Es otra cualidad de las imágenes como procedimiento de ayuda a retenerlos en la mente y a representar conceptos:',0,1,1,'foto_1496275701.PNG','2017-06-01 00:08:21','2017-06-01 00:08:21'),(20,'¿En qué consiste el reto para el profesional de la educación?',0,1,1,'foto_1496275790.PNG','2017-06-01 00:09:50','2017-06-01 00:09:50'),(21,'Son el resultado de reunir cosas que estaban dispersas, o un conjunto orgánico:',0,1,1,'foto_1496275875.PNG','2017-06-01 00:11:15','2017-06-01 00:11:15'),(22,'Es una reunión de cosas, elementos visuales, que se encontraban dispersas en la realidad y que son unidas en un conjunto orgánico:',0,1,1,'foto_1496275960.PNG','2017-06-01 00:12:40','2017-06-01 00:12:40'),(23,'¿Qué es lo que constituye al ser humano para habituarse al paisaje de su entorno y a las condiciones que le ofrece?',0,1,1,'foto_1496276056.PNG','2017-06-01 00:14:16','2017-06-01 00:14:16'),(24,'¿Qué es lo que forma parte constitutiva de nuestra actividad cerebral?',0,1,1,'foto_1496276145.PNG','2017-06-01 00:15:45','2017-06-01 00:15:45'),(25,'Se le ha otorgado el papel que le corresponde como recurso expresivo al servicio de las causas más nobles de la civilización:',0,1,1,'foto_1496276239.PNG','2017-06-01 00:17:19','2017-06-01 00:17:19'),(26,'¿Qué es lo que está presente en una imagen a la cual identificamos?',0,1,1,'foto_1496276339.PNG','2017-06-01 00:18:59','2017-06-01 00:18:59'),(27,'¿Cómo se clasifican las imágenes?',0,1,1,'foto_1496276422.PNG','2017-06-01 00:20:22','2017-06-01 00:20:22'),(28,'¿Cuál es el ejemplo más contundente que apela a la percepción estética?',0,1,1,'foto_1496276509.PNG','2017-06-01 00:21:49','2017-06-01 00:21:49'),(29,'¿Cómo es la formación que recibimos en la escuela?',0,1,1,'foto_1496276708.PNG','2017-06-01 00:25:08','2017-06-01 00:25:08'),(30,'Son fines convenientes de ensayarlos sin perder de vista el papel que están jugando en un contexto y un momento determinado:',0,1,1,'foto_1496277346.PNG','2017-06-01 00:35:46','2017-06-01 00:35:46'),(31,'No es producto de la práctica más común educar con imágenes:',0,1,1,'foto_1496277462.PNG','2017-06-01 00:37:42','2017-06-01 00:37:42'),(32,'¿Qué son las imágenes?',0,1,1,'foto_1496277577.PNG','2017-06-01 00:39:37','2017-06-01 00:39:37'),(33,'¿Cómo es la imagen ante todo cuando queremos mostrar las características de forma, talla, textura y color de un objeto?',0,1,1,'foto_1496277661.PNG','2017-06-01 00:41:01','2017-06-01 00:41:01'),(34,'¿Cómo puede ser la imagen cuando provoca la emergencia de los deseos más íntimos y de las aversiones más escondidas por su aspecto analógico?',0,1,1,'foto_1496277756.PNG','2017-06-01 00:42:36','2017-06-01 00:42:36'),(35,'Se ha convertido en los últimos tiempos en un elemento fundamental para la comprensión y la adquisición del conocimiento: ',0,1,1,'foto_1496278289.PNG','2017-06-01 00:51:29','2017-06-01 00:51:29'),(36,'¿Genéricamente para que fines son concebidas las imágenes?',0,1,1,'foto_1496278534.PNG','2017-06-01 00:55:34','2017-06-01 00:55:34'),(37,'¿Por qué se dice que la imagen tiene un aspecto analógico?',0,1,1,'foto_1496278618.PNG','2017-06-01 00:56:58','2017-06-01 00:56:58'),(38,'En nuestra sociedad moderna ¿Cómo es que aprende el individuo?',0,1,1,'foto_1496278711.PNG','2017-06-01 00:58:31','2017-06-01 00:58:31'),(39,'¿Qué significa educar cualitativamente?',0,1,1,'foto_1496278811.PNG','2017-06-01 01:00:11','2017-06-01 01:00:11'),(40,'Es una superficie plana cubierta de líneas, puntos y colores dispuestos según un orden determinado:',0,2,1,'foto_1496278962.PNG','2017-06-01 01:02:42','2017-06-01 01:02:42'),(41,'Implica el conocimiento de los efectos de líneas, planos, colores y texturas en el espacio:',0,2,1,'foto_1496279046.PNG','2017-06-01 01:04:06','2017-06-01 01:04:06'),(42,'Es la  forma y proporción del espacio en que está plasmada la obra:',0,2,1,'foto_1496279119.PNG','2017-06-01 01:05:19','2017-06-01 01:05:19'),(43,'¿Cuáles son las características del plano?',0,2,1,'foto_1496279197.PNG','2017-06-01 01:06:37','2017-06-01 01:06:37'),(44,'Es una proporción en las formas que desde la antigüedad ha sido considerada de equilibrio armónico:',0,2,1,'foto_1496279284.PNG','2017-06-01 01:08:04','2017-06-01 01:08:04'),(45,'¿Con que serie tiene relación la sección áurea? ',0,2,1,'foto_1496280073.PNG','2017-06-01 01:21:13','2017-06-01 01:21:13'),(46,'Se dice que es la influencia más fuerte y primaria sobre la percepción humana. A partir de ahí hacemos juicios visuales:',0,2,1,'foto_1496280149.PNG','2017-06-01 01:22:29','2017-06-01 01:22:29'),(47,'Este tipo de pintura el eje vertical se deduce fácilmente y guarda una relación de estabilidad con la base horizontal:',0,2,1,'foto_1496280253.PNG','2017-06-01 01:24:13','2017-06-01 01:24:13'),(48,'¿Qué líneas son las que surgen o se contraponen al eje vertical y alteran visualmente el equilibrio?',0,2,1,'foto_1496280343.PNG','2017-06-01 01:25:43','2017-06-01 01:25:43'),(49,'Se dice qué de manera similar al funcionamiento de las palancas, donde un pequeño peso puede desplazar otro mucho mayor, en la pintura un elemento dispuesto en contrapeso con una línea de tensión:',0,2,1,'foto_1496280424.PNG','2017-06-01 01:27:04','2017-06-01 01:27:04'),(50,'Por su ubicación en el plano producen una impresión en el espectador:',0,2,1,'foto_1496280496.PNG','2017-06-01 01:28:16','2017-06-01 01:28:16'),(51,'Son puntos alrededor de los cuales se organizan elementos y tienen como fin hacer que la mirada converja en ellos para contextualizar el resto de la imagen:',0,2,1,'foto_1496280582.PNG','2017-06-01 01:29:42','2017-06-01 01:29:42'),(52,'Es la repetición regular de elementos con respecto de uno o más ejes:',0,2,1,'foto_1496280658.PNG','2017-06-01 01:30:58','2017-06-01 01:30:58'),(53,'¿Qué simetría es la más común?',0,2,1,'foto_1496280736.PNG','2017-06-01 01:32:16','2017-06-01 01:32:16'),(54,'Es la alternancia de elementos que forma un patrón y brinda al conjunto su carácter: dinámico o estático.',0,2,1,'foto_1496280840.PNG','2017-06-01 01:34:00','2017-06-01 01:34:00'),(55,'Es una de las manifestaciones artísticas más antiguas de las que tenemos registro:',0,2,1,'foto_1496280915.PNG','2017-06-01 01:35:15','2017-06-01 01:35:15'),(56,'¿Cómo se le llama a ese orden interno que en combinación con la imagen plasmada marca el propósito y el significado de la obra?',0,2,1,'foto_1496280982.PNG','2017-06-01 01:36:22','2017-06-01 01:36:22'),(57,'¿Qué es lo que implica la adquisición de la sintaxis respectiva, siendo esta la disposición ordenada de las palabras en estructuras apropiadas?',0,2,1,'foto_1496281059.PNG','2017-06-01 01:37:39','2017-06-01 01:37:39'),(58,'¿Qué es lo que implica el conocimiento de los efectos de líneas, planos, colores y texturas en el espacio?',0,2,1,'foto_1496281136.PNG','2017-06-01 01:38:56','2017-06-01 01:38:56'),(59,'Forma parte de un sistema visual que está en relación con la cultura a la que pertenece:',0,2,1,'foto_1496281202.PNG','2017-06-01 01:40:02','2017-06-01 01:40:02'),(60,'La composición está dividida en dos secciones ¿Cuáles son?',0,2,1,'foto_1496281275.PNG','2017-06-01 01:41:15','2017-06-01 01:41:15'),(61,'Se denomina así a la forma y proporción del espacio en que está plasmada la obra:',0,2,1,'foto_1496281348.PNG','2017-06-01 01:42:28','2017-06-01 01:42:28'),(62,'¿Cómo se le conoce a la proporción en las formas que desde la antigüedad ha sido considerada de equilibrio armónico?',0,2,1,'foto_1496281419.PNG','2017-06-01 01:43:39','2017-06-01 01:43:39'),(63,'¿Cómo se construían los retablos novo hispanos? ',0,2,1,'foto_1496281498.PNG','2017-06-01 01:44:58','2017-06-01 01:44:58'),(64,'¿Con que sucesión determinada tiene relación la sección áurea? ',0,2,1,'foto_1496281578.PNG','2017-06-01 01:46:18','2017-06-01 01:46:18'),(65,'Es una de las características principales de los seres humanos:',0,2,1,'foto_1496281648.PNG','2017-06-01 01:47:28','2017-06-01 01:47:28'),(66,'¿A qué se contrapone la verticalidad física y psicológica del hombre? ',0,2,1,'foto_1496281723.PNG','2017-06-01 01:48:43','2017-06-01 01:48:43'),(67,'¿Cómo se marca visualmente una imagen?',0,2,1,'foto_1496281801.PNG','2017-06-01 01:50:01','2017-06-01 01:50:01'),(68,'¿Cómo podemos utilizar la simetría bilateral?',0,2,1,'foto_1496281877.PNG','2017-06-01 01:51:17','2017-06-01 01:51:17'),(69,'Es el primer punto que toma en cuenta el artista en el momento de determinar la composición:',0,2,1,'foto_1496281964.PNG','2017-06-01 01:52:44','2017-06-01 01:52:44'),(70,'Era el nombre de la resina natural que utilizo Niepce para hacer su experimento:',0,3,1,'foto_1496282102.PNG','2017-06-01 01:55:02','2017-06-01 01:55:02'),(71,'Fue el año en el que el inventor francés Nicéforo Niepce comprobó que había formado una imagen del paisaje, y estableció el inicio de una nueva tecnología:',0,3,1,'foto_1496282173.PNG','2017-06-01 01:56:13','2017-06-01 01:56:13'),(72,'Es la representación de una porción de la realidad, como una referencia visual:',0,3,1,'foto_1496282251.PNG','2017-06-01 01:57:31','2017-06-01 01:57:31'),(73,'Es la selección de un pedazo de la realidad:',0,3,1,'foto_1496285267.PNG','2017-06-01 02:47:47','2017-06-01 02:47:47'),(74,'Son los dos tipos de análisis que podemos hacer de una imagen:',0,3,1,'foto_1496285369.PNG','2017-06-01 02:49:29','2017-06-01 02:49:29'),(75,'Son los tres tipos básicos de encuadre:',0,3,1,'foto_1496285648.PNG','2017-06-01 02:54:08','2017-06-01 02:54:08'),(76,'Puede ser una panorámica o un paisaje si se trata de una gran distancia: ',0,3,1,'foto_1496285728.PNG','2017-06-01 02:55:28','2017-06-01 02:55:28'),(77,'Cuando se puede decir que una imagen es icónica:',0,3,1,'foto_1496285811.PNG','2017-06-01 02:56:51','2017-06-01 02:56:51'),(78,'Cuando se puede decir que una imagen es polisémica:',0,3,1,'foto_1496285885.PNG','2017-06-01 02:58:05','2017-06-01 02:58:05'),(79,'Es un estudio de interpretación personal:',0,3,1,'foto_1496285972.PNG','2017-06-01 02:59:32','2017-06-01 02:59:32'),(80,'¿Qué inventor francés logró establecer en 1826 el inicio de la tecnología fotográfica? ',0,3,1,'foto_1496286055.PNG','2017-06-01 03:00:55','2017-06-01 03:00:55'),(81,'¿Quién de los siguientes personajes aporto a la fotografía el uso de hiposulfito de sodio para fijar las imágenes y que además acuñado la palabra fotografía?',0,3,1,'foto_1496286147.PNG','2017-06-01 03:02:27','2017-06-01 03:02:27'),(82,'¿Por qué sustancia se sustituyó la resina de colofonia para el rebelado de imágenes en 1837?',0,3,1,'foto_1496286555.PNG','2017-06-01 03:09:15','2017-06-01 03:09:15'),(83,'¿A quién se le conoce como el padre del sistema fotográfico negativo – positivo?',0,3,1,'foto_1496286638.PNG','2017-06-01 03:10:38','2017-06-01 03:10:38'),(84,'¿Qué físico matemático mejoró en 1840 las lentes, logrando una imagen 22 veces más brillante en ese entonces?',0,3,1,'foto_1496286721.PNG','2017-06-01 03:12:01','2017-06-01 03:12:01'),(85,'¿Qué científico obtuvo imágenes positivas sobre papel en julio de 1839? ',0,3,1,'foto_1496286796.PNG','2017-06-01 03:13:16','2017-06-01 03:13:16'),(86,'¿Qué elemento fue muy importante en la industria fotográfica conocido técnicamente como nitrato de celulosa? ',0,3,1,'foto_1496286874.PNG','2017-06-01 03:14:34','2017-06-01 03:14:34'),(87,'¿Cómo se le llama a la distancia que separa al fotógrafo del sujeto a fotografiar?  ',0,3,1,'foto_1496287648.PNG','2017-06-01 03:27:28','2017-06-01 03:27:28'),(88,'¿A qué se le denomina toma frontal?  Toma diagonal de derecha a izquierda ',0,3,1,'foto_1496287733.PNG','2017-06-01 03:28:53','2017-06-01 03:28:53'),(89,'¿A qué se le denomina toma angular en contrapicada? ',0,3,1,'foto_1496287822.PNG','2017-06-01 03:30:22','2017-06-01 03:30:22'),(90,'¿De qué forma se analiza un plano general o un paisaje? ',0,3,1,'foto_1496287918.PNG','2017-06-01 03:31:58','2017-06-01 03:33:01'),(91,'¿Qué astrónomo francés diseño en 1874 un revolver fotográfico guiado por un sistema de relojes?',0,3,1,'foto_1496288009.PNG','2017-06-01 03:33:29','2017-06-01 03:33:29'),(92,'Para finales del siglo XIX, una compañía estadounidense era ya famosa por haber sacado al mercado una cámara de tamaño menor a una caja de zapatos esta fue: ',0,3,1,'foto_1496288090.PNG','2017-06-01 03:34:50','2017-06-01 03:34:50'),(93,'¿Tienen una gran capacidad de seducción e hipnosis?',0,3,1,'foto_1496288193.PNG','2017-06-01 03:36:33','2017-06-01 03:36:33'),(94,'Son los ángulos de la toma o punto de vista:',0,3,1,'foto_1496288278.PNG','2017-06-01 03:37:58','2017-06-01 03:37:58'),(95,'Es una de las armas ideológicas más importantes para controlar a los seres humanos, porque en ella sustenta el consumo y es el pilar económico de todos los medios de comunicación:',0,4,1,'foto_1496288416.PNG','2017-06-01 03:40:16','2017-06-01 03:40:16'),(96,'La mercadotecnia divide al cliente en dos tipos de compradores: ¿Cuáles son?',2,4,1,'foto_1496295085.PNG','2017-06-01 05:31:25','2017-06-01 05:31:25'),(97,'Son las variables relacionadas con el consumidor:',1,4,1,'foto_1496295244.PNG','2017-06-01 05:34:04','2017-06-01 05:34:04'),(98,'Son las pautas del uso del producto, beneficio esperado, nivel de calidad exigido y precio:',1,4,1,'foto_1496295378.PNG','2017-06-01 05:36:18','2017-06-01 05:36:18'),(99,'Son la mayoría de los consumidores de los países no desarrollados o en crisis económica:',1,4,1,'foto_1496295476.PNG','2017-06-01 05:37:56','2017-06-01 05:37:56'),(100,'Son los consumidores que gastan grandes y  medianas sumas, Ignoran situaciones de recesión económica sin importar si son de alto mediano o bajo poder adquisitivo:',1,4,1,'foto_1496295591.PNG','2017-06-01 05:39:51','2017-06-01 05:39:51'),(101,'Son los consumidores que evalúan la calidad por encima de cualquier otro elemento del producto:',1,4,1,'foto_1496295685.PNG','2017-06-01 05:41:25','2017-06-01 05:41:25'),(102,'Es el tipo de compra que implica la motivación latente que está relacionada con la necesidad de aquello que el consumidor pensaba comprar y  adquiere de improviso un producto:',1,4,1,'foto_1496295771.PNG','2017-06-01 05:42:51','2017-06-01 05:42:51'),(103,'Este tipo de compra es totalmente espontanea, incluso cuando se trata de productos que el consumidor no necesitaba y tal vez nunca consumirá:',1,4,1,'foto_1496295856.PNG','2017-06-01 05:44:16','2017-06-01 05:44:16'),(104,'Es el tipo de compra que se basa en la lista de artículos que hay que comprar y que el consumidor ha preparado cuidadosamente:',1,4,1,'foto_1496296036.PNG','2017-06-01 05:47:16','2017-06-01 05:47:16'),(105,'Es cada una de las personas que somete su individualidad para asimilarse al modo de ser, el medio que lo rodea, adoptando conductas y actitudes estereotipadas según Homs:',1,4,1,'foto_1496296124.PNG','2017-06-01 05:48:44','2017-06-01 05:48:44'),(106,'Su función es agilizar las ventas para que circule el capital que este en la base de la economía del mercado:',1,4,1,'foto_1496296198.PNG','2017-06-01 05:49:58','2017-06-01 05:49:58'),(107,'¿Cómo inducen los anuncios publicitarios gráficos?',1,4,1,'foto_1496296309.PNG','2017-06-01 05:51:49','2017-06-01 05:51:49'),(108,'Es la necesidad creada artificialmente y el irrefrenable deseo de adquirir lo que se anuncia:',1,4,1,'foto_1496296399.PNG','2017-06-01 05:53:19','2017-06-01 05:53:19'),(109,'¿Con que se vincula la persuasión publicitaria?',1,4,1,'foto_1496296535.PNG','2017-06-01 05:55:35','2017-06-01 05:55:35'),(110,'¿Qué se quiere decir cuando afirmamos que le mensaje publicitario está cargado de argumentos falaces según Guy Durandín?',1,4,1,'foto_1496296747.PNG','2017-06-01 05:59:07','2017-06-01 05:59:07'),(111,'Es la representación del producto, la materia significante, aquello que captamos a través de los sentidos y el significado:',1,4,1,'foto_1496296822.PNG','2017-06-01 06:00:22','2017-06-01 06:00:22'),(112,'¿Cómo se llaman las figuras retoricas básicas?',3,4,1,'foto_1496296891.PNG','2017-06-01 06:01:31','2017-06-01 06:01:31'),(113,'Es la unidad mínima de significado de un signo:',1,4,1,'foto_1496296994.PNG','2017-06-01 06:03:14','2017-06-01 06:03:14'),(114,'Es un figura producida por la reiteración acumulativa del mismo signo:',1,4,1,'foto_1496297082.PNG','2017-06-01 06:04:42','2017-06-01 06:04:42'),(115,'Es una figura muy utilizada en publicidad destinada al público infantil:',1,4,1,'foto_1496297194.PNG','2017-06-01 06:06:34','2017-06-01 06:06:34'),(116,'Son un grupo de figuras retoricas que por desconcertantes son más usadas en publicidad para consumidores selectivos:',1,4,1,'foto_1496297345.PNG','2017-06-01 06:09:05','2017-06-01 06:09:05'),(117,'Consiste en la translación de significado de un sema a otro:',1,4,1,'foto_1496297443.PNG','2017-06-01 06:10:43','2017-06-01 06:10:43'),(118,'Es el tropo que lleva más allá sus límites la dimensión real de un objeto:',1,4,1,'foto_1496297525.PNG','2017-06-01 06:12:05','2017-06-01 06:12:05'),(119,'¿Construyen un lenguaje particular, con imágenes tan impactantes que la mayoría de las veces no reflexionamos sobre ello?',1,4,1,'foto_1496297626.PNG','2017-06-01 06:13:46','2017-06-01 06:13:46'),(120,'¿Desde este punto de vista las connotaciones de la imagen propician un nivel de significados implícitos?',1,4,1,'foto_1496297714.PNG','2017-06-01 06:15:14','2017-06-01 06:15:14'),(121,'El punto de vista de la lectura subjetiva denota sugerencias de imágenes con significado:',1,4,1,'foto_1496297881.PNG','2017-06-01 06:18:01','2017-06-01 06:18:01'),(122,'¿Con estos los publicistas inventan cualidades inexistentes en los productos que anuncian?',1,4,1,'foto_1496298066.PNG','2017-06-01 06:21:06','2017-06-01 06:21:06'),(123,'Según Ricardo Homs, en su libro creadores de imagen mexicana, quien tiene la última palabra frente a los mensajes comerciales:',1,4,1,'foto_1496298191.PNG','2017-06-01 06:23:11','2017-06-01 06:23:11'),(124,'¿Qué es lo primero que ocultan los mensajes publicitarios?',1,4,1,'foto_1496298302.PNG','2017-06-01 06:25:02','2017-06-01 06:25:02'),(125,'¿Es la muestra de que el mensaje publicitario fue difundido, percibido e introyectado por los consumidores?',1,4,1,'foto_1496298663.PNG','2017-06-01 06:31:03','2017-06-01 06:31:03'),(126,'¿Qué es lo que registramos en los tempranos meses de existencia, con el poco significado para nuestro virgen territorio cerebral?',1,5,2,'foto_1496300033.PNG','2017-06-01 06:53:53','2017-06-01 06:53:53'),(127,'Según los experimentos registrados, ¿Que percibimos mientras estamos en el vientre materno?',1,5,2,'foto_1496300116.PNG','2017-06-01 06:55:16','2017-06-01 06:55:16'),(128,'¿Cuáles son las vertientes de búsqueda que tiene el campo de estudio de la imagen? ',1,5,2,'foto_1496301513.PNG','2017-06-01 07:18:33','2017-06-01 07:18:33'),(129,'Es el dicho  que forma parte de la mitología que ha crecido al lado del desarrollo del lenguaje de las imágenes y casi nadie se atreve a cuestionarlo:',1,5,2,'foto_1496301586.PNG','2017-06-01 07:19:46','2017-06-01 07:19:46'),(130,'¿Para qué se aprovechó la imagen  desde tiempos muy remotos?',1,5,2,'foto_1496301653.PNG','2017-06-01 07:20:53','2017-06-01 07:20:53'),(131,'¿Qué ámbitos han desarrollado mayormente sus aplicaciones y potenciales, al lado del arte?',2,5,2,'foto_1496301722.PNG','2017-06-01 07:22:02','2017-06-01 07:22:02'),(132,'¿Cómo se reforzó la trayectoria de los medios de comunicación?',1,5,2,'foto_1496301794.PNG','2017-06-01 07:23:14','2017-06-01 07:23:14'),(133,'¿Cuáles son los elementos constitutivos de la imagen?',2,5,2,'foto_1496301864.PNG','2017-06-01 07:24:24','2017-06-01 07:24:24'),(134,'¿Cuál es la primera consideración pertinente cuando necesitamos seleccionar una imagen para utilizarla con fines educativos?',1,5,2,'foto_1496301931.PNG','2017-06-01 07:25:31','2017-06-01 07:25:31'),(135,'Son los dos grandes grupos en los que se clasifican las imágenes',2,5,2,'foto_1496302002.PNG','2017-06-01 07:26:42','2017-06-01 07:26:42'),(136,'¿Cómo lograr que la imagen sea efectiva desde el punto de vista educativo?',1,5,2,'foto_1496302069.PNG','2017-06-01 07:27:49','2017-06-01 07:27:49'),(137,'¿Cómo se da generalmente nuestra percepción de las imágenes que nos hacen placentera o molesta una imagen?',1,5,2,'foto_1496302146.PNG','2017-06-01 07:29:06','2017-06-01 07:29:06'),(138,'Es conocer los factores que determinan su génesis, su dinámica interna y la forma en que son percibidas las imágenes por un sujeto determinado:',1,5,2,'foto_1496302210.PNG','2017-06-01 07:30:10','2017-06-01 07:30:10'),(139,'Es ante todo tener clara conciencia de su potencial educativo, es reconocer que los espectaculares de la calle informan y forman al individuo:',1,5,2,'foto_1496302281.PNG','2017-06-01 07:31:21','2017-06-01 07:31:21'),(140,'¿Qué función juega la imagen?',1,5,2,'foto_1496302376.PNG','2017-06-01 07:32:56','2017-06-01 07:32:56'),(141,'¿Es otro tipo de imagen además de las imágenes visuales? ',1,5,2,'foto_1496302446.PNG','2017-06-01 07:34:06','2017-06-01 07:34:06'),(142,'Cuando se descompone en partes un objeto, seleccionando y aislando elementos significativos puede ser una imagen: ',1,5,2,'foto_1496302538.PNG','2017-06-01 07:35:38','2017-06-01 07:35:38'),(143,'¿Que establecen las imágenes figurativas? ',1,5,2,'foto_1496302641.PNG','2017-06-01 07:37:21','2017-06-01 07:37:21'),(144,'Es otra cualidad de las imágenes como procedimiento de ayuda a retenerlos en la mente y a representar conceptos:',1,5,2,'foto_1496302707.PNG','2017-06-01 07:38:27','2017-06-01 07:38:27'),(145,'¿En qué consiste el reto para el profesional de la educación? ',1,5,2,'foto_1496302792.PNG','2017-06-01 07:39:52','2017-06-01 07:39:52'),(146,'Son el resultado de reunir cosas que estaban dispersas, o un conjunto orgánico:',1,5,2,'foto_1496302860.PNG','2017-06-01 07:41:00','2017-06-01 07:41:00'),(147,'Es una reunión de cosas, elementos visuales, que se encontraban dispersas en la realidad y que son unidas en un conjunto orgánico:',1,5,2,'foto_1496302954.PNG','2017-06-01 07:42:34','2017-06-01 07:42:34'),(148,'¿Qué es lo que constituye al ser humano para habituarse al paisaje de su entorno y a las condiciones que le ofrece?',1,5,2,'foto_1496303027.PNG','2017-06-01 07:43:47','2017-06-01 07:43:47'),(149,'¿Qué es lo que forma parte constitutiva de nuestra actividad cerebral?',1,5,2,'foto_1496303123.PNG','2017-06-01 07:45:23','2017-06-01 07:45:23'),(150,'Se le ha otorgado el papel que le corresponde como recurso expresivo al servicio de las causas más nobles de la civilización:',1,5,2,'foto_1496303188.PNG','2017-06-01 07:46:28','2017-06-01 07:46:28'),(151,'¿Qué es lo que está presente en una imagen a la cual identificamos?',1,5,2,'foto_1496303263.PNG','2017-06-01 07:47:43','2017-06-01 07:47:43'),(152,'¿Cómo se clasifican las imágenes?',1,5,2,'foto_1496303342.PNG','2017-06-01 07:49:02','2017-06-01 07:49:02'),(153,'¿Cuál es el ejemplo más contundente que apela a la percepción estética?',1,5,2,'foto_1496303425.PNG','2017-06-01 07:50:25','2017-06-01 07:50:25'),(154,'¿Cómo es la formación que recibimos en la escuela?',1,5,2,'foto_1496303487.PNG','2017-06-01 07:51:27','2017-06-01 07:51:27'),(155,'Son fines convenientes de ensayarlos sin perder de vista el papel que están jugando en un contexto y un momento determinado:',1,5,2,'foto_1496303583.PNG','2017-06-01 07:53:03','2017-06-01 07:53:03'),(156,'No es producto de la práctica más común educar con imágenes:',1,5,2,'foto_1496303669.PNG','2017-06-01 07:54:29','2017-06-01 07:54:29'),(157,'¿Qué son las imágenes?',1,5,2,'foto_1496303762.PNG','2017-06-01 07:56:02','2017-06-01 07:56:02'),(158,'¿Cómo es la imagen ante todo cuando queremos mostrar las características de forma, talla, textura y color de un objeto?',1,5,2,'foto_1496303868.PNG','2017-06-01 07:57:48','2017-06-01 07:57:48'),(159,'¿Cómo puede ser la imagen cuando provoca la emergencia de los deseos más íntimos y de las aversiones más escondidas por su aspecto analógico?',1,5,2,'foto_1496303950.PNG','2017-06-01 07:59:10','2017-06-01 07:59:10'),(160,'Se ha convertido en los últimos tiempos en un elemento fundamental para la comprensión y la adquisición del conocimiento: ',1,5,2,'foto_1496304048.PNG','2017-06-01 08:00:48','2017-06-01 08:00:48'),(161,'¿Genéricamente para que fines son concebidas las imágenes?',1,5,2,'foto_1496305281.PNG','2017-06-01 08:21:21','2017-06-01 08:21:21'),(162,'¿Por qué se dice que la imagen tiene un aspecto analógico?',1,5,2,'foto_1496305353.PNG','2017-06-01 08:22:33','2017-06-01 08:22:33'),(163,'En nuestra sociedad moderna ¿Cómo es que aprende el individuo?',1,5,2,'foto_1496305427.PNG','2017-06-01 08:23:47','2017-06-01 08:23:47'),(164,'¿Qué significa educar cualitativamente?',1,5,2,'foto_1496305504.PNG','2017-06-01 08:25:04','2017-06-01 08:25:04'),(165,'Es una superficie plana cubierta de líneas, puntos y colores dispuestos según un orden determinado:',1,6,2,'foto_1496348442.PNG','2017-06-01 20:20:42','2017-06-01 20:20:42'),(166,'Implica el conocimiento de los efectos de líneas, planos, colores y texturas en el espacio:',1,6,2,'foto_1496348572.PNG','2017-06-01 20:22:52','2017-06-01 20:22:52'),(167,'Es la  forma y proporción del espacio en que está plasmada la obra:',1,6,2,'foto_1496348856.PNG','2017-06-01 20:27:36','2017-06-01 20:27:36'),(168,'¿Cuáles son las características del plano?',3,6,2,'foto_1496349065.PNG','2017-06-01 20:31:05','2017-06-01 20:31:05'),(169,'Es una proporción en las formas que desde la antigüedad ha sido considerada de equilibrio armónico:',1,6,2,'foto_1496349437.PNG','2017-06-01 20:37:17','2017-06-01 20:37:17'),(170,'¿Con que serie tiene relación la sección áurea? ',1,6,2,'foto_1496349575.PNG','2017-06-01 20:39:35','2017-06-01 20:39:35'),(171,'Se dice que es la influencia más fuerte y primaria sobre la percepción humana. A partir de ahí hacemos juicios visuales:',1,6,2,'foto_1496349746.PNG','2017-06-01 20:42:26','2017-06-01 20:42:26'),(172,'Este tipo de pintura el eje vertical se deduce fácilmente y guarda una relación de estabilidad con la base horizontal:',1,6,2,'foto_1496350039.PNG','2017-06-01 20:47:19','2017-06-01 20:47:19'),(173,'¿Qué líneas son las que surgen o se contraponen al eje vertical y alteran visualmente el equilibrio?',1,6,2,'foto_1496350474.PNG','2017-06-01 20:54:34','2017-06-01 20:54:34'),(174,'Se dice qué de manera similar al funcionamiento de las palancas, donde un pequeño peso puede desplazar otro mucho mayor, en la pintura un elemento dispuesto en contrapeso con una línea de tensión:',1,6,2,'foto_1496354623.PNG','2017-06-01 22:03:43','2017-06-01 22:03:43'),(175,'Por su ubicación en el plano producen una impresión en el espectador:',1,6,2,'foto_1496354698.PNG','2017-06-01 22:04:58','2017-06-01 22:04:58'),(176,'Son puntos alrededor de los cuales se organizan elementos y tienen como fin hacer que la mirada converja en ellos para contextualizar el resto de la imagen:',1,6,2,'foto_1496354782.PNG','2017-06-01 22:06:22','2017-06-01 22:06:22'),(177,'Es la repetición regular de elementos con respecto de uno o más ejes:',1,6,2,'foto_1496354865.PNG','2017-06-01 22:07:45','2017-06-01 22:07:45'),(178,'¿Qué simetría es la más común?',1,6,2,'foto_1496354927.PNG','2017-06-01 22:08:47','2017-06-01 22:08:47'),(179,'Es la alternancia de elementos que forma un patrón y brinda al conjunto su carácter: dinámico o estático.',1,6,2,'foto_1496354987.PNG','2017-06-01 22:09:47','2017-06-01 22:09:47'),(180,'Es una de las manifestaciones artísticas más antiguas de las que tenemos registro:',1,6,2,'foto_1496355291.PNG','2017-06-01 22:14:51','2017-06-01 22:14:51'),(181,'¿Cómo se le llama a ese orden interno que en combinación con la imagen plasmada marca el propósito y el significado de la obra?',1,6,2,'foto_1496355378.PNG','2017-06-01 22:16:18','2017-06-01 22:16:18'),(182,'¿Qué es lo que implica la adquisición de la sintaxis respectiva, siendo esta la disposición ordenada de las palabras en estructuras apropiadas?',1,6,2,'foto_1496355486.PNG','2017-06-01 22:18:06','2017-06-01 22:18:06'),(183,'¿Qué es lo que implica el conocimiento de los efectos de líneas, planos, colores y texturas en el espacio?',1,6,2,'foto_1496355553.PNG','2017-06-01 22:19:13','2017-06-01 22:19:13'),(184,'Forma parte de un sistema visual que está en relación con la cultura a la que pertenece:',1,6,2,'foto_1496356142.PNG','2017-06-01 22:29:02','2017-06-01 22:29:02'),(185,'La composición está dividida en dos secciones ¿Cuáles son?',1,6,2,'foto_1496356306.PNG','2017-06-01 22:31:46','2017-06-01 22:31:46'),(186,'Se denomina así a la forma y proporción del espacio en que está plasmada la obra:',1,6,2,'foto_1496356368.PNG','2017-06-01 22:32:48','2017-06-01 22:32:48'),(187,'¿Cómo se le conoce a la proporción en las formas que desde la antigüedad ha sido considerada de equilibrio armónico?',1,6,2,'foto_1496356433.PNG','2017-06-01 22:33:53','2017-06-01 22:33:53'),(188,'¿Cómo se construían los retablos novohispanos? ',1,6,2,'foto_1496356504.PNG','2017-06-01 22:35:04','2017-06-01 22:35:04'),(189,'¿Con que sucesión determinada tiene relación la sección áurea? ',1,6,2,'foto_1496356636.PNG','2017-06-01 22:37:16','2017-06-01 22:37:16'),(190,'Es una de las características principales de los seres humanos:',1,6,2,'foto_1496356708.PNG','2017-06-01 22:38:28','2017-06-01 22:38:28'),(191,'¿A qué se contrapone la verticalidad física y psicológica del hombre? ',1,6,2,'foto_1496356771.PNG','2017-06-01 22:39:31','2017-06-01 22:39:31'),(192,'¿Cómo se marca visualmente una imagen?',1,6,2,'foto_1496356842.PNG','2017-06-01 22:40:42','2017-06-01 22:40:42'),(193,'¿Cómo podemos utilizar la simetría bilateral?',1,6,2,'foto_1496356916.PNG','2017-06-01 22:41:56','2017-06-01 22:41:56'),(194,'Es el primer punto que toma en cuenta el artista en el momento de determinar la composición:',1,6,2,'foto_1496357031.PNG','2017-06-01 22:43:51','2017-06-01 22:43:51'),(195,'Era el nombre de la resina natural que utilizo Niepce para hacer su experimento:',1,7,2,'foto_1496357719.PNG','2017-06-01 22:55:19','2017-06-01 22:55:19'),(196,'Fue el año en el que el inventor francés Nicéforo Niepce comprobó que había formado una imagen del paisaje, y estableció el inicio de una nueva tecnología:',1,7,2,'foto_1496357787.PNG','2017-06-01 22:56:27','2017-06-01 22:56:27'),(197,'Es la representación de una porción de la realidad, como una referencia visual:',1,7,2,'foto_1496358686.PNG','2017-06-01 23:11:26','2017-06-01 23:11:26'),(198,'Es la selección de un pedazo de la realidad:',1,7,2,'foto_1496358758.PNG','2017-06-01 23:12:38','2017-06-01 23:12:38'),(199,'Son los dos tipos de análisis que podemos hacer de una imagen:',2,7,2,'foto_1496358831.PNG','2017-06-01 23:13:51','2017-06-01 23:13:51'),(200,'Son los tres tipos básicos de encuadre:',3,7,2,'foto_1496358899.PNG','2017-06-01 23:14:59','2017-06-01 23:14:59'),(201,'Puede ser una panorámica o un paisaje si se trata de una gran distancia: ',1,7,2,'foto_1496358969.PNG','2017-06-01 23:16:09','2017-06-01 23:16:09'),(202,'Cuando se puede decir que una imagen es icónica:',1,7,2,'foto_1496359142.PNG','2017-06-01 23:19:02','2017-06-01 23:19:02'),(203,'Cuando se puede decir que una imagen es polisémica:',1,7,2,'foto_1496360144.PNG','2017-06-01 23:35:44','2017-06-01 23:35:44'),(204,'Es un estudio de interpretación personal:',1,7,2,'foto_1496360214.PNG','2017-06-01 23:36:54','2017-06-01 23:36:54'),(205,'¿Qué inventor francés logró establecer en 1826 el inicio de la tecnología fotográfica? ',1,7,2,'foto_1496360327.PNG','2017-06-01 23:38:47','2017-06-01 23:38:47'),(206,'¿Quién de los siguientes personajes aporto a la fotografía el uso de hiposulfito de sodio para fijar las imágenes y que además acuñado la palabra fotografía?',1,7,2,'foto_1496360464.PNG','2017-06-01 23:41:04','2017-06-01 23:41:04'),(207,'¿Por qué sustancia se sustituyó la resina de colofonia para el rebelado de imágenes en 1837?',1,7,2,'foto_1496360542.PNG','2017-06-01 23:42:22','2017-06-01 23:42:22'),(208,'¿A quién se le conoce como el padre del sistema fotográfico negativo – positivo?',1,7,2,'foto_1496360609.PNG','2017-06-01 23:43:29','2017-06-01 23:43:29'),(209,'¿Qué físico matemático mejoró en 1840 las lentes, logrando una imagen 22 veces más brillante en ese entonces?',1,7,2,'foto_1496360715.PNG','2017-06-01 23:45:15','2017-06-01 23:45:15'),(210,'¿Qué científico obtuvo imágenes positivas sobre papel en julio de 1839? ',1,7,2,'foto_1496360793.PNG','2017-06-01 23:46:33','2017-06-01 23:46:33'),(211,'¿Qué elemento fue muy importante en la industria fotográfica conocido técnicamente como nitrato de celulosa? ',1,7,2,'foto_1496360875.PNG','2017-06-01 23:47:55','2017-06-01 23:47:55'),(212,'¿Cómo se le llama a la distancia que separa al fotógrafo del sujeto a fotografiar?  ',1,7,2,'foto_1496360939.PNG','2017-06-01 23:48:59','2017-06-01 23:48:59'),(213,'¿A qué se le denomina toma frontal? ',1,7,2,'foto_1496361036.PNG','2017-06-01 23:50:36','2017-06-01 23:50:36'),(214,'¿A qué se le denomina toma angular en contrapicada? ',1,7,2,'foto_1496361103.PNG','2017-06-01 23:51:43','2017-06-01 23:51:43'),(215,'¿De qué forma se analiza un plano general o un paisaje?',1,7,2,'foto_1496361177.PNG','2017-06-01 23:52:57','2017-06-01 23:52:57'),(216,'¿Qué astrónomo francés diseño en 1874 un revolver fotográfico guiado por un sistema de relojes?',1,7,2,'foto_1496361249.PNG','2017-06-01 23:54:09','2017-06-01 23:54:09'),(217,'Para finales del siglo XIX, una compañía estadounidense era ya famosa por haber sacado al mercado una cámara de tamaño menor a una caja de zapatos esta fue: ',1,7,2,'foto_1496361322.PNG','2017-06-01 23:55:22','2017-06-01 23:55:22'),(218,'¿Tienen una gran capacidad de seducción e hipnosis?',1,7,2,'foto_1496361396.PNG','2017-06-01 23:56:36','2017-06-01 23:56:36'),(219,'Son los ángulos de la toma o punto de vista:',1,7,2,'foto_1496361477.PNG','2017-06-01 23:57:57','2017-06-01 23:57:57'),(220,'Es una de las armas ideológicas más importantes para controlar a los seres humanos, porque en ella sustenta el consumo y es el pilar económico de todos los medios de comunicación:',1,8,2,'foto_1496361568.PNG','2017-06-01 23:59:28','2017-06-01 23:59:28'),(221,'La mercadotecnia divide al cliente en dos tipos de compradores: ¿Cuáles son?',2,8,2,'foto_1496362044.PNG','2017-06-02 00:07:24','2017-06-02 00:07:24'),(222,'Son las variables relacionadas con el consumidor:',1,8,2,'foto_1496362166.PNG','2017-06-02 00:09:26','2017-06-02 00:09:26'),(223,'Son las pautas del uso del producto, beneficio esperado, nivel de calidad exigido y precio:',1,8,2,'foto_1496362237.PNG','2017-06-02 00:10:37','2017-06-02 00:10:37'),(224,'Son la mayoría de los consumidores de los países no desarrollados o en crisis económica:',1,8,2,'foto_1496362311.PNG','2017-06-02 00:11:51','2017-06-02 00:11:51'),(225,'Son los consumidores que gastan grandes y  medianas sumas, Ignoran situaciones de recesión económica sin importar si son de alto mediano o bajo poder adquisitivo:',1,8,2,'foto_1496362715.PNG','2017-06-02 00:18:35','2017-06-02 00:18:35'),(226,'Son los consumidores que evalúan la calidad por encima de cualquier otro elemento del producto:',1,8,2,'foto_1496362831.PNG','2017-06-02 00:20:31','2017-06-02 00:20:31'),(227,'Es el tipo de compra que implica la motivación latente que está relacionada con la necesidad de aquello que el consumidor pensaba comprar y  adquiere de improviso un producto:',1,8,2,'foto_1496362913.PNG','2017-06-02 00:21:53','2017-06-02 00:21:53'),(228,'Este tipo de compra es totalmente espontanea, incluso cuando se trata de productos que el consumidor no necesitaba y tal vez nunca consumirá:',1,8,2,'foto_1496368032.PNG','2017-06-02 01:47:12','2017-06-02 01:47:12'),(229,'Es el tipo de compra que se basa en la lista de artículos que hay que comprar y que el consumidor ha preparado cuidadosamente:',1,8,2,'foto_1496368563.PNG','2017-06-02 01:56:03','2017-06-02 01:56:03'),(230,'Es cada una de las personas que somete su individualidad para asimilarse al modo de ser, el medio que lo rodea, adoptando conductas y actitudes estereotipadas según Homs:',1,8,2,'foto_1496368654.PNG','2017-06-02 01:57:34','2017-06-02 01:57:34'),(231,'Su función es agilizar las ventas para que circule el capital que este en la base de la economía del mercado:',1,8,2,'foto_1496368736.PNG','2017-06-02 01:58:56','2017-06-02 01:58:56'),(232,'¿Cómo inducen los anuncios publicitarios gráficos?',1,8,2,'foto_1496368837.PNG','2017-06-02 02:00:37','2017-06-02 02:00:37'),(233,'Es la necesidad creada artificialmente y el irrefrenable deseo de adquirir lo que se anuncia:',1,8,2,'foto_1496368924.PNG','2017-06-02 02:02:04','2017-06-02 02:02:04'),(234,'¿Con que se vincula la persuasión publicitaria?',1,8,2,'foto_1496369038.PNG','2017-06-02 02:03:58','2017-06-02 02:03:58'),(235,'¿Qué se quiere decir cuando afirmamos que le mensaje publicitario está cargado de argumentos falaces según Guy Durandín?|',1,8,2,'foto_1496369164.PNG','2017-06-02 02:06:04','2017-06-02 02:06:04'),(236,'Es la representación del producto, la materia significante, aquello que captamos a través de los sentidos y el significado:',1,8,2,'foto_1496369248.PNG','2017-06-02 02:07:28','2017-06-02 02:07:28'),(237,'¿Cómo se llaman las figuras retoricas básicas?',3,8,2,'foto_1496369346.PNG','2017-06-02 02:09:06','2017-06-02 02:09:06'),(238,'Es la unidad mínima de significado de un signo:',1,8,2,'foto_1496369557.PNG','2017-06-02 02:12:37','2017-06-02 02:12:37'),(239,'Es un figura producida por la reiteración acumulativa del mismo signo:',1,8,2,'foto_1496369677.PNG','2017-06-02 02:14:37','2017-06-02 02:14:37'),(240,'Es una figura muy utilizada en publicidad destinada al público infantil:',1,8,2,'foto_1496369834.PNG','2017-06-02 02:17:14','2017-06-02 02:17:14'),(241,'Son un grupo de figuras retoricas que por desconcertantes son más usadas en publicidad para consumidores selectivos:',1,8,2,'foto_1496369915.PNG','2017-06-02 02:18:35','2017-06-02 02:18:35'),(242,'Consiste en la traslación de significado de un sema a otro:',1,8,2,'foto_1496370157.PNG','2017-06-02 02:22:37','2017-06-02 02:22:37'),(243,'Es el tropo que lleva más allá sus límites la dimensión real de un objeto:',1,8,2,'foto_1496370226.PNG','2017-06-02 02:23:46','2017-06-02 02:23:46'),(244,'¿Construyen un lenguaje particular, con imágenes tan impactantes que la mayoría de las veces no reflexionamos sobre ello?',1,8,2,'foto_1496370401.PNG','2017-06-02 02:26:41','2017-06-02 02:26:41'),(245,'¿Desde este punto de vista las connotaciones de la imagen propician un nivel de significados implícitos?',1,8,2,'foto_1496370515.PNG','2017-06-02 02:28:35','2017-06-02 02:28:35'),(246,'El punto de vista de la lectura subjetiva denota sugerencias de imágenes con significado:',1,8,2,'foto_1496370662.PNG','2017-06-02 02:31:02','2017-06-02 02:31:02'),(247,'¿Con estos los publicistas inventan cualidades inexistentes en los productos que anuncian?',1,8,2,'foto_1496370750.PNG','2017-06-02 02:32:30','2017-06-02 02:32:30'),(248,'Según Ricardo Homs, en su libro creadores de imagen mexicana, quien tiene la última palabra frente a los mensajes comerciales:',1,8,2,'foto_1496370856.PNG','2017-06-02 02:34:16','2017-06-02 02:34:16'),(249,'¿Qué es lo primero que ocultan los mensajes publicitarios?',1,8,2,'foto_1496371187.PNG','2017-06-02 02:39:47','2017-06-02 02:39:47'),(250,'¿Es la muestra de que el mensaje publicitario fue difundido, percibido e introyectado por los consumidores?',1,8,2,'foto_1496371269.PNG','2017-06-02 02:41:09','2017-06-02 02:41:09'),(251,'¿Qué es lo que registramos en los tempranos meses de existencia, con el poco significado para nuestro virgen territorio cerebral?',1,9,3,'foto_1496373990.PNG','2017-06-02 03:26:30','2017-06-02 03:26:30'),(252,'Según los experimentos registrados, ¿Que percibimos mientras estamos en el vientre materno?',1,9,3,'foto_1496374366.PNG','2017-06-02 03:32:46','2017-06-02 03:32:46'),(253,'¿Cuáles son las vertientes de búsqueda que tiene el campo de estudio de la imagen?',1,9,3,'foto_1496374591.PNG','2017-06-02 03:36:31','2017-06-02 03:36:31'),(254,'Es el dicho  que forma parte de la mitología que ha crecido al lado del desarrollo del lenguaje de las imágenes y casi nadie se atreve a cuestionarlo:',1,9,3,'foto_1496377997.PNG','2017-06-02 04:33:17','2017-06-02 04:33:17'),(255,'¿Para qué se aprovechó la imagen  desde tiempos muy remotos?',1,9,3,'foto_1496379551.PNG','2017-06-02 04:59:11','2017-06-02 04:59:11'),(256,'¿Qué ámbitos han desarrollado mayormente sus aplicaciones y potenciales, al lado del arte?',2,9,3,'foto_1496379730.PNG','2017-06-02 05:02:10','2017-06-02 05:02:10'),(257,'¿Cómo se reforzó la trayectoria de los medios de comunicación?',1,9,3,'foto_1496379808.PNG','2017-06-02 05:03:28','2017-06-02 05:03:28'),(258,'¿Cuáles son los elementos constitutivos de la imagen?',2,9,3,'foto_1496379942.PNG','2017-06-02 05:05:42','2017-06-02 05:05:42'),(259,'¿Cuál es la primera consideración pertinente cuando necesitamos seleccionar una imagen para utilizarla con fines educativos?',1,9,3,'foto_1496380034.PNG','2017-06-02 05:07:14','2017-06-02 05:07:14'),(260,'Son los dos grandes grupos en los que se clasifican las imágenes:',2,9,3,'foto_1496380126.PNG','2017-06-02 05:08:46','2017-06-02 05:08:46'),(261,'¿Cómo lograr que la imagen sea efectiva desde el punto de vista educativo?',1,9,3,'foto_1496380236.PNG','2017-06-02 05:10:36','2017-06-02 05:10:36'),(262,'¿Cómo se da generalmente nuestra percepción de las imágenes que nos hacen placentera o molesta una imagen?',1,9,3,'foto_1496380303.PNG','2017-06-02 05:11:43','2017-06-02 05:11:43'),(263,'Es conocer los factores que determinan su génesis, su dinámica interna y la forma en que son percibidas las imágenes por un sujeto determinado:',1,9,3,'foto_1496380466.PNG','2017-06-02 05:14:26','2017-06-02 05:14:47'),(264,'Es ante todo tener clara conciencia de su potencial educativo, es reconocer que los espectaculares de la calle informan y forman al individuo:',1,9,3,'foto_1496380552.PNG','2017-06-02 05:15:52','2017-06-02 05:15:52'),(265,'¿Qué función juega la imagen?',1,9,3,'foto_1496380677.PNG','2017-06-02 05:17:57','2017-06-02 05:17:57'),(266,'¿Es otro tipo de imagen además de las imágenes visuales? ',1,9,3,'foto_1496380792.PNG','2017-06-02 05:19:52','2017-06-02 05:19:52'),(267,'Cuando se descompone en partes un objeto, seleccionando y aislando elementos significativos puede ser una imagen: ',1,9,3,'foto_1496380853.PNG','2017-06-02 05:20:53','2017-06-02 05:20:53'),(268,'¿Que establecen las imágenes figurativas? ',1,9,3,'foto_1496380961.PNG','2017-06-02 05:22:41','2017-06-02 05:22:41'),(269,'Es otra cualidad de las imágenes como procedimiento de ayuda a retenerlos en la mente y a representar conceptos:',1,9,3,'foto_1496381070.PNG','2017-06-02 05:24:30','2017-06-02 05:24:30'),(270,'¿En qué consiste el reto para el profesional de la educación? ',1,9,3,'foto_1496381146.PNG','2017-06-02 05:25:46','2017-06-02 05:25:46'),(271,'Son el resultado de reunir cosas que estaban dispersas, o un conjunto orgánico:',1,9,3,'foto_1496381218.PNG','2017-06-02 05:26:58','2017-06-02 05:26:58'),(272,'Es una reunión de cosas, elementos visuales, que se encontraban dispersas en la realidad y que son unidas en un conjunto orgánico:',1,9,3,'foto_1496381324.PNG','2017-06-02 05:28:44','2017-06-02 05:28:44'),(273,'¿Qué es lo que constituye al ser humano para habituarse al paisaje de su entorno y a las condiciones que le ofrece?',1,9,3,'foto_1496381435.PNG','2017-06-02 05:30:35','2017-06-02 05:30:35'),(274,'¿Qué es lo que forma parte constitutiva de nuestra actividad cerebral?',1,9,3,'foto_1496381523.PNG','2017-06-02 05:32:03','2017-06-02 05:32:03'),(275,'Se le ha otorgado el papel que le corresponde como recurso expresivo al servicio de las causas más nobles de la civilización:',1,9,3,'foto_1496381627.PNG','2017-06-02 05:33:47','2017-06-02 05:33:47'),(276,'¿Qué es lo que está presente en una imagen a la cual identificamos?',1,9,3,'foto_1496381789.PNG','2017-06-02 05:36:29','2017-06-02 05:36:29'),(277,'¿Cómo se clasifican las imágenes?',1,9,3,'foto_1496381906.PNG','2017-06-02 05:38:26','2017-06-02 05:38:26'),(278,'¿Cuál es el ejemplo más contundente que apela a la percepción estética?',1,9,3,'foto_1496381960.PNG','2017-06-02 05:39:20','2017-06-02 05:39:20'),(279,'¿Cómo es la formación que recibimos en la escuela?',1,9,3,'foto_1496382350.PNG','2017-06-02 05:45:50','2017-06-02 05:45:50'),(280,'Son fines convenientes de ensayarlos sin perder de vista el papel que están jugando en un contexto y un momento determinado:',1,9,3,'foto_1496382431.PNG','2017-06-02 05:47:11','2017-06-02 05:47:11'),(281,'No es producto de la práctica más común educar con imágenes:',1,9,3,'foto_1496382488.PNG','2017-06-02 05:48:08','2017-06-02 05:48:08'),(282,'¿Qué son las imágenes?',1,9,3,'foto_1496382565.PNG','2017-06-02 05:49:25','2017-06-02 05:49:25'),(283,'¿Cómo es la imagen ante todo cuando queremos mostrar las características de forma, talla, textura y color de un objeto?',1,9,3,'foto_1496382625.PNG','2017-06-02 05:50:25','2017-06-02 05:50:25'),(284,'¿Cómo puede ser la imagen cuando provoca la emergencia de los deseos más íntimos y de las aversiones más escondidas por su aspecto analógico?',1,9,3,'foto_1496384318.PNG','2017-06-02 06:18:38','2017-06-02 06:18:38'),(285,'Se ha convertido en los últimos tiempos en un elemento fundamental para la comprensión y la adquisición del conocimiento:',1,9,3,'foto_1496384377.PNG','2017-06-02 06:19:37','2017-06-02 06:19:37'),(286,'¿Genéricamente para que fines son concebidas las imágenes?',1,9,3,'foto_1496384451.PNG','2017-06-02 06:20:51','2017-06-02 06:20:51'),(287,'¿Por qué se dice que la imagen tiene un aspecto analógico?',1,9,3,'foto_1496384513.PNG','2017-06-02 06:21:53','2017-06-02 06:21:53'),(288,'En nuestra sociedad moderna ¿Cómo es que aprende el individuo?',1,9,3,'foto_1496384577.PNG','2017-06-02 06:22:57','2017-06-02 06:22:57'),(289,'¿Qué significa educar cualitativamente?',1,9,3,'foto_1496384639.PNG','2017-06-02 06:23:59','2017-06-02 06:23:59'),(290,'Es una superficie plana cubierta de líneas, puntos y colores dispuestos según un orden determinado:',1,10,3,'foto_1496384720.PNG','2017-06-02 06:25:20','2017-06-02 06:25:20'),(291,'Implica el conocimiento de los efectos de líneas, planos, colores y texturas en el espacio:',1,10,3,'foto_1496384773.PNG','2017-06-02 06:26:13','2017-06-02 06:26:13'),(292,'Es la  forma y proporción del espacio en que está plasmada la obra:',1,10,3,'foto_1496384843.PNG','2017-06-02 06:27:23','2017-06-02 06:27:23'),(293,'¿Cuáles son las características del plano?',3,10,3,'foto_1496384905.PNG','2017-06-02 06:28:25','2017-06-02 06:28:25'),(294,'Es una proporción en las formas que desde la antigüedad ha sido considerada de equilibrio armónico:',1,10,3,'foto_1496384961.PNG','2017-06-02 06:29:21','2017-06-02 06:29:21'),(295,'¿Con que serie tiene relación la sección áurea? ',1,10,3,'foto_1496385050.PNG','2017-06-02 06:30:50','2017-06-02 06:30:50'),(296,'Se dice que es la influencia más fuerte y primaria sobre la percepción humana. A partir de ahí hacemos juicios visuales:',1,10,3,'foto_1496385277.PNG','2017-06-02 06:34:37','2017-06-02 06:34:37'),(297,'Este tipo de pintura el eje vertical se deduce fácilmente y guarda una relación de estabilidad con la base horizontal:',1,10,3,'foto_1496385349.PNG','2017-06-02 06:35:49','2017-06-02 06:35:49'),(298,'¿Qué líneas son las que surgen o se contraponen al eje vertical y alteran visualmente el equilibrio?',1,10,3,'foto_1496385415.PNG','2017-06-02 06:36:55','2017-06-02 06:36:55'),(299,'Se dice qué de manera similar al funcionamiento de las palancas, donde un pequeño peso puede desplazar otro mucho mayor, en la pintura un elemento dispuesto en contrapeso con una línea de tensión:',1,10,3,'foto_1496385466.PNG','2017-06-02 06:37:46','2017-06-02 06:37:46'),(300,'Por su ubicación en el plano producen una impresión en el espectador:',1,10,3,'foto_1496385539.PNG','2017-06-02 06:38:59','2017-06-02 06:38:59'),(301,'Son puntos alrededor de los cuales se organizan elementos y tienen como fin hacer que la mirada converja en ellos para contextualizar el resto de la imagen:',1,10,3,'foto_1496385598.PNG','2017-06-02 06:39:58','2017-06-02 06:39:58'),(302,'Es la repetición regular de elementos con respecto de uno o más ejes:',1,10,3,'foto_1496385660.PNG','2017-06-02 06:41:00','2017-06-02 06:41:00'),(303,'¿Qué simetría es la más común?',1,10,3,'foto_1496385721.PNG','2017-06-02 06:42:01','2017-06-02 06:42:01'),(304,'Es la alternancia de elementos que forma un patrón y brinda al conjunto su carácter: dinámico o estático.',1,10,3,'foto_1496385781.PNG','2017-06-02 06:43:01','2017-06-02 06:43:01'),(305,'Es una de las manifestaciones artísticas más antiguas de las que tenemos registro:',1,10,3,'foto_1496385854.PNG','2017-06-02 06:44:14','2017-06-02 06:44:14'),(306,'¿Cómo se le llama a ese orden interno que en combinación con la imagen plasmada marca el propósito y el significado de la obra?',1,10,3,'foto_1496385994.PNG','2017-06-02 06:46:34','2017-06-02 06:46:34'),(307,'¿Qué es lo que implica la adquisición de la sintaxis respectiva, siendo esta la disposición ordenada de las palabras en estructuras apropiadas?',1,10,3,'foto_1496386055.PNG','2017-06-02 06:47:35','2017-06-02 06:47:35'),(308,'¿Qué es lo que implica el conocimiento de los efectos de líneas, planos, colores y texturas en el espacio?',1,10,3,'foto_1496386107.PNG','2017-06-02 06:48:27','2017-06-02 06:48:27'),(309,'Forma parte de un sistema visual que está en relación con la cultura a la que pertenece:',1,10,3,'foto_1496386159.PNG','2017-06-02 06:49:19','2017-06-02 06:49:19'),(310,'La composición está dividida en dos secciones ¿Cuáles son?',1,10,3,'foto_1496386220.PNG','2017-06-02 06:50:20','2017-06-02 06:50:20'),(311,'Se denomina así a la forma y proporción del espacio en que está plasmada la obra:',1,10,3,'foto_1496386281.PNG','2017-06-02 06:51:21','2017-06-02 06:51:21'),(312,'¿Cómo se le conoce a la proporción en las formas que desde la antigüedad ha sido considerada de equilibrio armónico?',1,10,3,'foto_1496386341.PNG','2017-06-02 06:52:21','2017-06-02 06:52:21'),(313,'¿Cómo se construían los retablos novohispanos? ',1,10,3,'foto_1496386705.PNG','2017-06-02 06:58:25','2017-06-02 06:58:25'),(314,'¿Con que sucesión determinada tiene relación la sección áurea? ',1,10,3,'foto_1496386760.PNG','2017-06-02 06:59:20','2017-06-02 06:59:20'),(315,'Es una de las características principales de los seres humanos:',1,10,3,'foto_1496386854.PNG','2017-06-02 07:00:54','2017-06-02 07:00:54'),(316,'¿A qué se contrapone la verticalidad física y psicológica del hombre? ',1,10,3,'foto_1496386911.PNG','2017-06-02 07:01:51','2017-06-02 07:01:51'),(317,'¿Cómo se marca visualmente una imagen?',1,10,3,'foto_1496386972.PNG','2017-06-02 07:02:52','2017-06-02 07:02:52'),(318,'¿Cómo podemos utilizar la simetría bilateral?',1,10,3,'foto_1496387027.PNG','2017-06-02 07:03:47','2017-06-02 07:03:47'),(319,'Es el primer punto que toma en cuenta el artista en el momento de determinar la composición:',1,10,3,'foto_1496387101.PNG','2017-06-02 07:05:01','2017-06-02 07:05:01'),(320,'Era el nombre de la resina natural que utilizo Niepce para hacer su experimento:',1,11,3,'foto_1496387182.PNG','2017-06-02 07:06:22','2017-06-02 07:06:22'),(321,'Fue el año en el que el inventor francés Nicéforo Niepce comprobó que había formado una imagen del paisaje, y estableció el inicio de una nueva tecnología:',1,11,3,'foto_1496387309.PNG','2017-06-02 07:08:29','2017-06-02 07:08:29'),(322,'Es la representación de una porción de la realidad, como una referencia visual:',1,11,3,'foto_1496387365.PNG','2017-06-02 07:09:25','2017-06-02 07:09:25'),(323,'Es la selección de un pedazo de la realidad:',1,11,3,'foto_1496387418.PNG','2017-06-02 07:10:18','2017-06-02 07:10:18'),(324,'Son los dos tipos de análisis que podemos hacer de una imagen:',2,11,3,'foto_1496387481.PNG','2017-06-02 07:11:21','2017-06-02 07:11:21'),(325,'Son los tres tipos básicos de encuadre:',3,11,3,'foto_1496387546.PNG','2017-06-02 07:12:26','2017-06-02 07:12:26'),(326,'Puede ser una panorámica o un paisaje si se trata de una gran distancia: ',1,11,3,'foto_1496387605.PNG','2017-06-02 07:13:25','2017-06-02 07:13:25'),(327,'Cuando se puede decir que una imagen es icónica:',1,11,3,'foto_1496387671.PNG','2017-06-02 07:14:31','2017-06-02 07:14:31'),(328,'Cuando se puede decir que una imagen es polisémica:',1,11,3,'foto_1496387729.PNG','2017-06-02 07:15:29','2017-06-02 07:15:29'),(329,'Es un estudio de interpretación personal:',1,11,3,'foto_1496387795.PNG','2017-06-02 07:16:35','2017-06-02 07:16:35'),(330,'¿Qué inventor francés logró establecer en 1826 el inicio de la tecnología fotográfica? ',1,11,3,'foto_1496387852.PNG','2017-06-02 07:17:32','2017-06-02 07:17:32'),(331,'¿Quién de los siguientes personajes aporto a la fotografía el uso de hiposulfito de sodio para fijar las imágenes y que además acuñado la palabra fotografía?',1,11,3,'foto_1496387915.PNG','2017-06-02 07:18:35','2017-06-02 07:18:35'),(332,'¿Por qué sustancia se sustituyó la resina de colofonia para el rebelado de imágenes en 1837?',1,11,3,'foto_1496387971.PNG','2017-06-02 07:19:31','2017-06-02 07:19:31'),(333,' ¿A quién se le conoce como el padre del sistema fotográfico negativo – positivo? ',1,11,3,'foto_1496388029.PNG','2017-06-02 07:20:29','2017-06-02 07:20:29'),(334,'¿Qué físico matemático mejoró en 1840 las lentes, logrando una imagen 22 veces más brillante en ese entonces?',1,11,3,'foto_1496388101.PNG','2017-06-02 07:21:41','2017-06-02 07:21:41'),(335,' ¿Qué científico obtuvo imágenes positivas sobre papel en julio de 1839? ',1,11,3,'foto_1496388162.PNG','2017-06-02 07:22:42','2017-06-02 07:22:42'),(336,'¿Qué elemento fue muy importante en la industria fotográfica conocido técnicamente como nitrato de celulosa? ',1,11,3,'foto_1496388211.PNG','2017-06-02 07:23:31','2017-06-02 07:23:31'),(337,'¿Cómo se le llama a la distancia que separa al fotógrafo del sujeto a fotografiar? ',1,11,3,'foto_1496388279.PNG','2017-06-02 07:24:39','2017-06-02 07:24:39'),(338,'¿A qué se le denomina toma frontal? ',1,11,3,'foto_1496388631.PNG','2017-06-02 07:30:31','2017-06-02 07:30:31'),(339,'¿A qué se le denomina toma angular en contrapicada? ',1,11,3,'foto_1496388700.PNG','2017-06-02 07:31:40','2017-06-02 07:31:40'),(340,'¿De qué forma se analiza un plano general o un paisaje?',1,11,3,'foto_1496388778.PNG','2017-06-02 07:32:58','2017-06-02 07:32:58'),(341,'¿Qué astrónomo francés diseño en 1874 un revolver fotográfico guiado por un sistema de relojes?',1,11,3,'foto_1496388834.PNG','2017-06-02 07:33:54','2017-06-02 07:33:54'),(342,' Para finales del siglo XIX, una compañía estadounidense era ya famosa por haber sacado al mercado una cámara de tamaño menor a una caja de zapatos esta fue: ',1,11,3,'foto_1496388889.PNG','2017-06-02 07:34:49','2017-06-02 07:34:49'),(343,'¿Tienen una gran capacidad de seducción e hipnosis?',1,11,3,'foto_1496388940.PNG','2017-06-02 07:35:40','2017-06-02 07:35:40'),(344,'Son los ángulos de la toma o punto de vista:',1,11,3,'foto_1496388992.PNG','2017-06-02 07:36:32','2017-06-02 07:36:32'),(345,'Es una de las armas ideológicas más importantes para controlar a los seres humanos, porque en ella sustenta el consumo y es el pilar económico de todos los medios de comunicación:',1,12,3,'foto_1496389093.PNG','2017-06-02 07:38:13','2017-06-02 07:38:13'),(346,'La mercadotecnia divide al cliente en dos tipos de compradores: ¿Cuáles son?',2,12,3,'foto_1496389150.PNG','2017-06-02 07:39:10','2017-06-02 07:39:10'),(347,'Son las variables relacionadas con el consumidor:',1,12,3,'foto_1496389204.PNG','2017-06-02 07:40:04','2017-06-02 07:40:04'),(348,'Son las pautas del uso del producto, beneficio esperado, nivel de calidad exigido y precio:',1,12,3,'foto_1496389255.PNG','2017-06-02 07:40:55','2017-06-02 07:40:55'),(349,'Son la mayoría de los consumidores de los países no desarrollados o en crisis económica:',1,12,3,'foto_1496389315.PNG','2017-06-02 07:41:55','2017-06-02 07:41:55'),(350,'Son los consumidores que gastan grandes y  medianas sumas, Ignoran situaciones de recesión económica sin importar si son de alto mediano o bajo poder adquisitivo:',1,12,3,'foto_1496389374.PNG','2017-06-02 07:42:54','2017-06-02 07:42:54'),(351,'Son los consumidores que evalúan la calidad por encima de cualquier otro elemento del producto:',1,12,3,'foto_1496389427.PNG','2017-06-02 07:43:47','2017-06-02 07:43:47'),(352,'Es el tipo de compra que implica la motivación latente que está relacionada con la necesidad de aquello que el consumidor pensaba comprar y  adquiere de improviso un producto:',1,12,3,'foto_1496389485.PNG','2017-06-02 07:44:45','2017-06-02 07:44:45'),(353,'Este tipo de compra es totalmente espontanea, incluso cuando se trata de productos que el consumidor no necesitaba y tal vez nunca consumirá:',1,12,3,'foto_1496389547.PNG','2017-06-02 07:45:47','2017-06-02 07:45:47'),(354,'Es el tipo de compra que se basa en la lista de artículos que hay que comprar y que el consumidor ha preparado cuidadosamente:',1,12,3,'foto_1496389601.PNG','2017-06-02 07:46:41','2017-06-02 07:46:41'),(355,'Es cada una de las personas que somete su individualidad para asimilarse al modo de ser, el medio que lo rodea, adoptando conductas y actitudes estereotipadas según Homs:',1,12,3,'foto_1496389677.PNG','2017-06-02 07:47:57','2017-06-02 07:47:57'),(356,'Su función es agilizar las ventas para que circule el capital que este en la base de la economía del mercado:',1,12,3,'foto_1496389877.PNG','2017-06-02 07:51:17','2017-06-02 07:51:17'),(357,'¿Cómo inducen los anuncios publicitarios gráficos?',1,12,3,'foto_1496389932.PNG','2017-06-02 07:52:12','2017-06-02 07:52:12'),(358,'Es la necesidad creada artificialmente y el irrefrenable deseo de adquirir lo que se anuncia:',1,12,3,'foto_1496389990.PNG','2017-06-02 07:53:10','2017-06-02 07:53:10'),(359,'¿Con que se vincula la persuasión publicitaria?',1,12,3,'foto_1496390173.PNG','2017-06-02 07:56:13','2017-06-02 07:56:13'),(360,'¿Qué se quiere decir cuando afirmamos que le mensaje publicitario está cargado de argumentos falaces según Guy Durandín?',1,12,3,'foto_1496390499.PNG','2017-06-02 08:01:39','2017-06-02 08:01:39'),(361,'Es la representación del producto, la materia significante, aquello que captamos a través de los sentidos y el significado:',1,12,3,'foto_1496390550.PNG','2017-06-02 08:02:30','2017-06-02 08:02:30'),(362,'¿Cómo se llaman las figuras retoricas básicas?',3,12,3,'foto_1496390607.PNG','2017-06-02 08:03:27','2017-06-02 08:03:27'),(363,'Es la unidad mínima de significado de un signo:',1,12,3,'foto_1496390664.PNG','2017-06-02 08:04:24','2017-06-02 08:04:24'),(364,'Es un figura producida por la reiteración acumulativa del mismo signo:',1,12,3,'foto_1496390720.PNG','2017-06-02 08:05:20','2017-06-02 08:05:20'),(365,' Es una figura muy utilizada en publicidad destinada al público infantil:',1,12,3,'foto_1496390778.PNG','2017-06-02 08:06:18','2017-06-02 08:06:18'),(366,'Son un grupo de figuras retoricas que por desconcertantes son más usadas en publicidad para consumidores selectivos:',1,12,3,'foto_1496390835.PNG','2017-06-02 08:07:15','2017-06-02 08:07:15'),(367,'Consiste en la traslación de significado de un sema a otro:',1,12,3,'foto_1496390891.PNG','2017-06-02 08:08:11','2017-06-02 08:08:11'),(368,'Es el tropo que lleva más allá sus límites la dimensión real de un objeto:',1,12,3,'foto_1496390944.PNG','2017-06-02 08:09:04','2017-06-02 08:09:04'),(369,'¿Construyen un lenguaje particular, con imágenes tan impactantes que la mayoría de las veces no reflexionamos sobre ello?',1,12,3,'foto_1496390991.PNG','2017-06-02 08:09:51','2017-06-02 08:09:51'),(370,'¿Desde este punto de vista las connotaciones de la imagen propician un nivel de significados implícitos?',1,12,3,'foto_1496391101.PNG','2017-06-02 08:11:41','2017-06-02 08:11:41'),(371,'El punto de vista de la lectura subjetiva denota sugerencias de imágenes con significado:',1,12,3,'foto_1496391151.PNG','2017-06-02 08:12:31','2017-06-02 08:12:31'),(372,'¿Con estos los publicistas inventan cualidades inexistentes en los productos que anuncian?',1,12,3,'foto_1496391198.PNG','2017-06-02 08:13:18','2017-06-02 08:13:18'),(373,'Según Ricardo Homs, en su libro creadores de imagen mexicana, quien tiene la última palabra frente a los mensajes comerciales:',1,12,3,'foto_1496391246.PNG','2017-06-02 08:14:06','2017-06-02 08:14:06'),(374,'¿Qué es lo primero que ocultan los mensajes publicitarios?',1,12,3,'foto_1496391299.PNG','2017-06-02 08:14:59','2017-06-02 08:14:59'),(375,' ¿Es la muestra de que el mensaje publicitario fue difundido, percibido e introyectado por los consumidores?',1,12,3,'foto_1496391358.PNG','2017-06-02 08:15:58','2017-06-02 08:15:58');
/*!40000 ALTER TABLE `preguntas` ENABLE KEYS */;
UNLOCK TABLES;

--
-- Table structure for table `profesors`
--

DROP TABLE IF EXISTS `profesors`;
/*!40101 SET @saved_cs_client     = @@character_set_client */;
/*!40101 SET character_set_client = utf8 */;
CREATE TABLE `profesors` (
  `PRO_id` int(10) unsigned NOT NULL AUTO_INCREMENT,
  `PRO_nombre` varchar(255) COLLATE utf8_unicode_ci DEFAULT NULL,
  `PRO_apellido_p` varchar(255) COLLATE utf8_unicode_ci DEFAULT NULL,
  `PRO_apellido_m` varchar(255) COLLATE utf8_unicode_ci DEFAULT NULL,
  `PRO_sexo` varchar(255) COLLATE utf8_unicode_ci DEFAULT NULL,
  `USE_id` int(10) unsigned DEFAULT NULL,
  `DIR_id` int(10) unsigned DEFAULT NULL,
  `created_at` timestamp NULL DEFAULT NULL,
  `updated_at` timestamp NULL DEFAULT NULL,
  PRIMARY KEY (`PRO_id`),
  KEY `profesors_dir_id_foreign` (`DIR_id`),
  KEY `profesors_use_id_foreign` (`USE_id`),
  CONSTRAINT `profesors_dir_id_foreign` FOREIGN KEY (`DIR_id`) REFERENCES `direccions` (`DIR_id`),
  CONSTRAINT `profesors_use_id_foreign` FOREIGN KEY (`USE_id`) REFERENCES `users` (`id`)
) ENGINE=InnoDB AUTO_INCREMENT=2 DEFAULT CHARSET=utf8 COLLATE=utf8_unicode_ci;
/*!40101 SET character_set_client = @saved_cs_client */;

--
-- Dumping data for table `profesors`
--

LOCK TABLES `profesors` WRITE;
/*!40000 ALTER TABLE `profesors` DISABLE KEYS */;
INSERT INTO `profesors` VALUES (1,'Mauricio','Cordova','Portillo','hombre',2,1,'2017-05-31 18:11:10','2017-05-31 18:11:10');
/*!40000 ALTER TABLE `profesors` ENABLE KEYS */;
UNLOCK TABLES;

--
-- Table structure for table `respuestas`
--

DROP TABLE IF EXISTS `respuestas`;
/*!40101 SET @saved_cs_client     = @@character_set_client */;
/*!40101 SET character_set_client = utf8 */;
CREATE TABLE `respuestas` (
  `RES_id` int(10) unsigned NOT NULL AUTO_INCREMENT,
  `RES_nombre` varchar(255) COLLATE utf8_unicode_ci DEFAULT NULL,
  `PRE_id` int(10) unsigned DEFAULT NULL,
  `TIP_id` int(10) unsigned DEFAULT NULL,
  `created_at` timestamp NULL DEFAULT NULL,
  `updated_at` timestamp NULL DEFAULT NULL,
  PRIMARY KEY (`RES_id`),
  KEY `respuestas_pre_id_foreign` (`PRE_id`),
  KEY `respuestas_tip_id_foreign` (`TIP_id`),
  CONSTRAINT `respuestas_pre_id_foreign` FOREIGN KEY (`PRE_id`) REFERENCES `preguntas` (`PRE_id`),
  CONSTRAINT `respuestas_tip_id_foreign` FOREIGN KEY (`TIP_id`) REFERENCES `tipos` (`TIP_id`)
) ENGINE=InnoDB AUTO_INCREMENT=1501 DEFAULT CHARSET=utf8 COLLATE=utf8_unicode_ci;
/*!40101 SET character_set_client = @saved_cs_client */;

--
-- Dumping data for table `respuestas`
--

LOCK TABLES `respuestas` WRITE;
/*!40000 ALTER TABLE `respuestas` DISABLE KEYS */;
INSERT INTO `respuestas` VALUES (1,'Imágenes visuales inconexas',1,1,'2017-05-31 18:40:15','2017-05-31 18:41:19'),(2,'Sonidos sonoros ',1,2,'2017-05-31 18:40:15','2017-05-31 18:41:19'),(3,'Rostros',1,2,'2017-05-31 18:40:15','2017-05-31 18:41:19'),(4,'Informacion',1,2,'2017-05-31 18:40:15','2017-05-31 18:41:19'),(5,'Imágenes sonoras ',2,1,'2017-05-31 18:42:14','2017-05-31 20:19:05'),(6,'Rostros conocidos ',2,2,'2017-05-31 18:42:14','2017-05-31 20:19:05'),(7,'Voces sin imágenes',2,2,'2017-05-31 18:42:14','2017-05-31 20:19:05'),(8,'Figuras dispersas',2,2,'2017-05-31 18:42:14','2017-05-31 20:19:05'),(9,'Psicología, Arte, Sociología ',3,2,'2017-05-31 20:22:28','2017-05-31 20:23:28'),(10,'Informática ',3,2,'2017-05-31 20:22:28','2017-05-31 20:23:28'),(11,'Comunicación',3,2,'2017-05-31 20:22:28','2017-05-31 20:23:28'),(12,'Todas las disciplinas mencionadas',3,1,'2017-05-31 20:22:28','2017-05-31 20:23:28'),(13,'”Una imagen vale por mil palabras”',4,1,'2017-05-31 20:26:31','2017-05-31 20:27:42'),(14,'“Quien bien te quiere te hará llorar”',4,2,'2017-05-31 20:26:31','2017-05-31 20:27:42'),(15,'“Antes que te cases, mira lo que haces”',4,2,'2017-05-31 20:26:32','2017-05-31 20:27:42'),(16,'“La palabra es plata y el silencio es oro”',4,2,'2017-05-31 20:26:32','2017-05-31 20:27:42'),(17,'Para el adoctrinamiento religioso e ideológico de grandes masas de iletrados',5,1,'2017-05-31 20:28:35','2017-05-31 20:31:32'),(18,'Para la literatura',5,2,'2017-05-31 20:28:35','2017-05-31 20:31:32'),(19,'Para representar acontecimientos  relevantes de las épocas ',5,2,'2017-05-31 20:28:35','2017-05-31 20:31:32'),(20,'Ninguna de las anteriores ',5,2,'2017-05-31 20:28:35','2017-05-31 20:31:32'),(21,'Imagen publicitaria',6,1,'2017-05-31 20:32:15','2017-05-31 20:33:18'),(22,'Imagen propagandística',6,1,'2017-05-31 20:32:15','2017-05-31 20:33:19'),(23,'Ciencias ',6,2,'2017-05-31 20:32:15','2017-05-31 20:33:19'),(24,'Nuevas tecnologías',6,2,'2017-05-31 20:32:15','2017-05-31 20:33:19'),(25,'Por medio de la fotografía, el cine, las historietas y los carteles',7,1,'2017-05-31 20:33:58','2017-05-31 20:34:56'),(26,'Por medio de pláticas religiosas',7,2,'2017-05-31 20:33:58','2017-05-31 20:34:56'),(27,'Por medio de los anuncios ',7,2,'2017-05-31 20:33:58','2017-05-31 20:34:56'),(28,'Por medio de la educación y la percepción',7,2,'2017-05-31 20:33:58','2017-05-31 20:34:56'),(29,'Elementos constitutivos',8,2,'2017-05-31 20:35:26','2017-05-31 20:36:23'),(30,'Elementos de grandeza',8,2,'2017-05-31 20:35:26','2017-05-31 20:36:23'),(31,'Elementos presentes ',8,1,'2017-05-31 20:35:27','2017-05-31 20:36:23'),(32,'Elementos ausentes',8,1,'2017-05-31 20:35:27','2017-05-31 20:36:23'),(33,'Para fines educativos tiene que estar en los libros del aula',9,2,'2017-05-31 23:44:56','2017-05-31 23:46:01'),(34,'El significado tiene que responder a lo que queremos suscitar en nuestro interlocutor',9,1,'2017-05-31 23:44:56','2017-05-31 23:46:01'),(35,'La imagen tiene que ser llamativa para el interlocutor',9,2,'2017-05-31 23:44:56','2017-05-31 23:46:01'),(36,'El significado tiene que ser directo y preciso',9,2,'2017-05-31 23:44:56','2017-05-31 23:46:18'),(37,'Imágenes monosémicas',10,1,'2017-05-31 23:47:24','2017-05-31 23:55:18'),(38,'Imágenes polisémicas',10,1,'2017-05-31 23:47:24','2017-05-31 23:55:18'),(39,'Imágenes claras ',10,2,'2017-05-31 23:47:24','2017-05-31 23:55:18'),(40,'Imágenes precisas ',10,2,'2017-05-31 23:47:24','2017-05-31 23:55:19'),(41,'Contar con una descripción precisa de cada imagen',11,2,'2017-05-31 23:55:52','2017-05-31 23:56:47'),(42,'Tener algún tipo de control sobre su significado',11,1,'2017-05-31 23:55:52','2017-05-31 23:56:47'),(43,'Tener varias impresiones de la imagen',11,2,'2017-05-31 23:55:52','2017-05-31 23:56:47'),(44,'Contar con algún manual de explicación',11,2,'2017-05-31 23:55:52','2017-05-31 23:56:48'),(45,'De manera potencial',12,2,'2017-05-31 23:57:20','2017-05-31 23:58:17'),(46,'De manera estética ',12,2,'2017-05-31 23:57:20','2017-05-31 23:58:17'),(47,'De desarrollo cultural y social ',12,2,'2017-05-31 23:57:20','2017-05-31 23:58:18'),(48,'De desarrollo cultural y social ',12,1,'2017-05-31 23:57:20','2017-05-31 23:58:18'),(49,'La formación que necesitamos',13,2,'2017-05-31 23:58:51','2017-05-31 23:59:40'),(50,'La imagen artística',13,2,'2017-05-31 23:58:51','2017-05-31 23:59:40'),(51,'La vida del individuo',13,2,'2017-05-31 23:58:52','2017-05-31 23:59:40'),(52,'Educarse para las imágenes',13,1,'2017-05-31 23:58:52','2017-05-31 23:59:40'),(53,'Desarrollar la educación',14,2,'2017-06-01 00:00:32','2017-06-01 00:01:32'),(54,'Práctica educativa',14,2,'2017-06-01 00:00:32','2017-06-01 00:01:32'),(55,'Producir arte ',14,2,'2017-06-01 00:00:32','2017-06-01 00:01:32'),(56,'Educar para la imagen',14,1,'2017-06-01 00:00:32','2017-06-01 00:01:33'),(57,'El enriquecimiento de la experiencia educativa',15,1,'2017-06-01 00:02:12','2017-06-01 00:03:21'),(58,'Para educar de manera visual',15,2,'2017-06-01 00:02:12','2017-06-01 00:03:21'),(59,'El enriquecimiento de la experiencia del arte',15,2,'2017-06-01 00:02:12','2017-06-01 00:03:21'),(60,'La comunicación entre varias naciones ',15,2,'2017-06-01 00:02:12','2017-06-01 00:03:21'),(61,'Imágenes sonoras ',16,2,'2017-06-01 00:03:59','2017-06-01 00:04:49'),(62,'Imágenes poéticas',16,2,'2017-06-01 00:04:00','2017-06-01 00:04:49'),(63,'Imágenes auditivas ',16,1,'2017-06-01 00:04:00','2017-06-01 00:04:49'),(64,'Imágenes artísticas',16,2,'2017-06-01 00:04:00','2017-06-01 00:04:49'),(65,'Analítica',17,1,'2017-06-01 00:05:19','2017-06-01 00:06:04'),(66,'Expresiva',17,2,'2017-06-01 00:05:19','2017-06-01 00:06:04'),(67,'Sonora',17,2,'2017-06-01 00:05:19','2017-06-01 00:06:05'),(68,'Visual',17,2,'2017-06-01 00:05:19','2017-06-01 00:06:05'),(69,'La empatía y la identificación y se convierten en reflejo de nuestras emociones',18,1,'2017-06-01 00:06:44','2017-06-01 00:07:41'),(70,'La meditación de las imágenes ',18,2,'2017-06-01 00:06:44','2017-06-01 00:07:41'),(71,'La convicción de lo real',18,2,'2017-06-01 00:06:44','2017-06-01 00:07:41'),(72,'El presente de las cosas ',18,2,'2017-06-01 00:06:44','2017-06-01 00:07:41'),(73,'Empatía e identificación ',19,2,'2017-06-01 00:08:21','2017-06-01 00:09:09'),(74,'Capacidad para esquematizar',19,1,'2017-06-01 00:08:21','2017-06-01 00:09:09'),(75,'La construcción',19,2,'2017-06-01 00:08:21','2017-06-01 00:09:09'),(76,'Nuestras emociones',19,2,'2017-06-01 00:08:21','2017-06-01 00:09:10'),(77,'Consiste en la construcción del discurso educativo en la imagen ',20,1,'2017-06-01 00:09:50','2017-06-01 00:10:44'),(78,'Consiste en establecer las reglas del salón de clases',20,2,'2017-06-01 00:09:50','2017-06-01 00:10:44'),(79,'Consiste en la construcción del discurso educativo de los sonidos',20,2,'2017-06-01 00:09:50','2017-06-01 00:10:44'),(80,'Consiste en entender a los alumnos',20,2,'2017-06-01 00:09:50','2017-06-01 00:10:44'),(81,'Imagen visual',21,2,'2017-06-01 00:11:16','2017-06-01 00:12:07'),(82,'Imagen reflexiva',21,2,'2017-06-01 00:11:16','2017-06-01 00:12:07'),(83,'Imagen sintética',21,1,'2017-06-01 00:11:16','2017-06-01 00:12:08'),(84,'Imagen inconexa',21,2,'2017-06-01 00:11:16','2017-06-01 00:12:08'),(85,'Composición fuera de la imagen',22,2,'2017-06-01 00:12:40','2017-06-01 00:13:29'),(86,'Composición dentro de un cuadro ',22,2,'2017-06-01 00:12:40','2017-06-01 00:13:29'),(87,'Composición de la imagen',22,2,'2017-06-01 00:12:40','2017-06-01 00:13:29'),(88,'Composición dentro de una imagen',22,1,'2017-06-01 00:12:40','2017-06-01 00:13:29'),(89,'El universo sonoro ',23,2,'2017-06-01 00:14:16','2017-06-01 00:15:12'),(90,'La naturaleza',23,2,'2017-06-01 00:14:16','2017-06-01 00:15:12'),(91,'La grandeza y su perdición',23,1,'2017-06-01 00:14:16','2017-06-01 00:15:12'),(92,'La vida',23,2,'2017-06-01 00:14:16','2017-06-01 00:15:13'),(93,'Las imágenes',24,1,'2017-06-01 00:15:45','2017-06-01 00:16:37'),(94,'El aula',24,2,'2017-06-01 00:15:45','2017-06-01 00:16:37'),(95,'Los textos',24,2,'2017-06-01 00:15:45','2017-06-01 00:16:37'),(96,'Los colores',24,2,'2017-06-01 00:15:45','2017-06-01 00:16:37'),(97,'La percepción ',25,2,'2017-06-01 00:17:19','2017-06-01 00:18:21'),(98,'La educación',25,2,'2017-06-01 00:17:19','2017-06-01 00:18:21'),(99,'El cine',25,2,'2017-06-01 00:17:19','2017-06-01 00:18:21'),(100,'La imagen ',25,1,'2017-06-01 00:17:19','2017-06-01 00:18:22'),(101,'Colores',26,2,'2017-06-01 00:18:59','2017-06-01 00:19:50'),(102,'Los límites del marco de la imagen ',26,1,'2017-06-01 00:18:59','2017-06-01 00:19:50'),(103,'Arte ',26,2,'2017-06-01 00:18:59','2017-06-01 00:19:50'),(104,'Misterios de la vida',26,2,'2017-06-01 00:18:59','2017-06-01 00:19:50'),(105,'Por el desarrollo cultural ',27,2,'2017-06-01 00:20:22','2017-06-01 00:21:17'),(106,'Por su potencia',27,2,'2017-06-01 00:20:22','2017-06-01 00:21:17'),(107,'Por su significado único y de varias posibilidades de significado',27,1,'2017-06-01 00:20:22','2017-06-01 00:21:17'),(108,'Por su punto de vista educativo',27,2,'2017-06-01 00:20:22','2017-06-01 00:21:17'),(109,'Nuestro idioma ',28,2,'2017-06-01 00:21:49','2017-06-01 00:22:47'),(110,'La lectura de la imagen',28,2,'2017-06-01 00:21:49','2017-06-01 00:22:47'),(111,'Imagen poética o artística',28,1,'2017-06-01 00:21:49','2017-06-01 00:22:47'),(112,'La formación',28,2,'2017-06-01 00:21:49','2017-06-01 00:22:47'),(113,'Pragmática',29,1,'2017-06-01 00:25:08','2017-06-01 00:25:58'),(114,'Cultural',29,2,'2017-06-01 00:25:08','2017-06-01 00:25:58'),(115,'Optima',29,2,'2017-06-01 00:25:08','2017-06-01 00:25:58'),(116,'Dinámica',29,2,'2017-06-01 00:25:09','2017-06-01 00:25:58'),(117,'Educar para la imagen',30,2,'2017-06-01 00:35:46','2017-06-01 00:36:53'),(118,'Asociar imágenes',30,2,'2017-06-01 00:35:47','2017-06-01 00:36:54'),(119,'Nuestro imaginario',30,2,'2017-06-01 00:35:47','2017-06-01 00:36:54'),(120,'Estratégicos y didácticos',30,1,'2017-06-01 00:35:47','2017-06-01 00:36:54'),(121,'El arte',31,2,'2017-06-01 00:37:43','2017-06-01 00:38:51'),(122,'La interpretación',31,2,'2017-06-01 00:37:43','2017-06-01 00:38:51'),(123,'La convicción y la reflexión',31,1,'2017-06-01 00:37:43','2017-06-01 00:38:51'),(124,'La creatividad',31,2,'2017-06-01 00:37:43','2017-06-01 00:38:51'),(125,'Creaciones humanas',32,1,'2017-06-01 00:39:38','2017-06-01 00:40:30'),(126,'Códigos y símbolos',32,2,'2017-06-01 00:39:38','2017-06-01 00:40:30'),(127,'Cultura',32,2,'2017-06-01 00:39:38','2017-06-01 00:40:31'),(128,'Modalidad',32,2,'2017-06-01 00:39:38','2017-06-01 00:40:31'),(129,'Creativa y llamativa',33,2,'2017-06-01 00:41:01','2017-06-01 00:41:58'),(130,'Insustituible',33,1,'2017-06-01 00:41:01','2017-06-01 00:41:58'),(131,'Educativa',33,2,'2017-06-01 00:41:01','2017-06-01 00:41:58'),(132,'Cultural',33,2,'2017-06-01 00:41:01','2017-06-01 00:41:58'),(133,'Directa',34,2,'2017-06-01 00:42:37','2017-06-01 00:50:48'),(134,'Representativa',34,2,'2017-06-01 00:42:37','2017-06-01 00:50:49'),(135,'Analítica',34,2,'2017-06-01 00:42:37','2017-06-01 00:50:49'),(136,'Emotiva',34,1,'2017-06-01 00:42:37','2017-06-01 00:50:49'),(137,'La representación icónica',35,2,'2017-06-01 00:51:29','2017-06-01 00:55:02'),(138,'El lenguaje de las imágenes ',35,1,'2017-06-01 00:51:29','2017-06-01 00:55:02'),(139,'La escritura azteca',35,2,'2017-06-01 00:51:29','2017-06-01 00:55:02'),(140,'Los medios de comunicación',35,2,'2017-06-01 00:51:29','2017-06-01 00:55:02'),(141,'Familiares ',36,2,'2017-06-01 00:55:34','2017-06-01 00:56:22'),(142,'Culturales y Turísticos',36,2,'2017-06-01 00:55:34','2017-06-01 00:56:22'),(143,'Comerciales ',36,2,'2017-06-01 00:55:34','2017-06-01 00:56:22'),(144,'Todas las anteriores ',36,1,'2017-06-01 00:55:34','2017-06-01 00:56:22'),(145,'Por su semejanza al mundo real',37,1,'2017-06-01 00:56:58','2017-06-01 00:57:58'),(146,'Por su interés ',37,2,'2017-06-01 00:56:58','2017-06-01 00:57:58'),(147,'Por su forma de comunicar ',37,2,'2017-06-01 00:56:58','2017-06-01 00:57:58'),(148,'Por la transmisión que hace ',37,2,'2017-06-01 00:56:58','2017-06-01 00:57:58'),(149,'Por experiencia directa',38,2,'2017-06-01 00:58:32','2017-06-01 00:59:26'),(150,'Por sistemas simbólicos',38,1,'2017-06-01 00:58:32','2017-06-01 00:59:26'),(151,'Teoría ',38,2,'2017-06-01 00:58:32','2017-06-01 00:59:26'),(152,'Practica',38,2,'2017-06-01 00:58:32','2017-06-01 00:59:26'),(153,'Una formación que nos capacite para aprovechar e interpretar la imagen fija y las imágenes en movimiento  ',39,1,'2017-06-01 01:00:12','2017-06-01 01:01:07'),(154,'Un factor de aprendizaje intensivo sobre la estructura de la imagen y sus sistemas de signos',39,2,'2017-06-01 01:00:12','2017-06-01 01:01:07'),(155,'Complejo y fascinante universo de la imagen ',39,2,'2017-06-01 01:00:12','2017-06-01 01:01:07'),(156,'Educación para todos',39,2,'2017-06-01 01:00:12','2017-06-01 01:01:07'),(157,'Pintura',40,1,'2017-06-01 01:02:42','2017-06-01 01:03:37'),(158,'Cuadro',40,2,'2017-06-01 01:02:42','2017-06-01 01:03:37'),(159,'Imagen fotografía',40,2,'2017-06-01 01:02:42','2017-06-01 01:03:37'),(160,'Plano',40,2,'2017-06-01 01:02:42','2017-06-01 01:03:37'),(161,'Cuadros específicos',41,2,'2017-06-01 01:04:06','2017-06-01 01:04:55'),(162,'Educación visual',41,1,'2017-06-01 01:04:06','2017-06-01 01:04:55'),(163,'Trazos de pintura',41,2,'2017-06-01 01:04:06','2017-06-01 01:04:55'),(164,'Educación sonora ',41,2,'2017-06-01 01:04:06','2017-06-01 01:04:55'),(165,'Fotografía',42,2,'2017-06-01 01:05:19','2017-06-01 01:06:05'),(166,'Imagen',42,2,'2017-06-01 01:05:19','2017-06-01 01:06:05'),(167,'Plano',42,2,'2017-06-01 01:05:19','2017-06-01 01:06:05'),(168,'Formato',42,1,'2017-06-01 01:05:19','2017-06-01 01:06:06'),(169,'Forma',43,1,'2017-06-01 01:06:37','2017-06-01 01:07:27'),(170,'Tamaño',43,1,'2017-06-01 01:06:37','2017-06-01 01:07:27'),(171,'Proporción',43,1,'2017-06-01 01:06:38','2017-06-01 01:07:27'),(172,'Medidas del formato',43,2,'2017-06-01 01:06:38','2017-06-01 01:07:27'),(173,'Sentido del equilibrio',44,2,'2017-06-01 01:08:04','2017-06-01 01:20:46'),(174,'Líneas de tensión',44,2,'2017-06-01 01:08:04','2017-06-01 01:20:46'),(175,'Sección áurea',44,1,'2017-06-01 01:08:04','2017-06-01 01:20:46'),(176,'Estabilidad ',44,2,'2017-06-01 01:08:04','2017-06-01 01:20:46'),(177,'Serie de Fibonacci',45,1,'2017-06-01 01:21:13','2017-06-01 01:22:01'),(178,'Serie de Foon',45,2,'2017-06-01 01:21:13','2017-06-01 01:22:02'),(179,'Serie de Huart dart',45,2,'2017-06-01 01:21:14','2017-06-01 01:22:02'),(180,'Serie de Sección ',45,2,'2017-06-01 01:21:14','2017-06-01 01:22:02'),(181,'Conocimientos adquiridos',46,2,'2017-06-01 01:22:29','2017-06-01 01:23:31'),(182,'Educación religiosa',46,2,'2017-06-01 01:22:29','2017-06-01 01:23:31'),(183,'Sentido de equilibrio',46,1,'2017-06-01 01:22:29','2017-06-01 01:23:31'),(184,'Intuición',46,2,'2017-06-01 01:22:29','2017-06-01 01:23:32'),(185,'Pintura de retrato',47,1,'2017-06-01 01:24:13','2017-06-01 01:25:15'),(186,'Pintura de lienzo',47,2,'2017-06-01 01:24:13','2017-06-01 01:25:15'),(187,'Pintura de trazos',47,2,'2017-06-01 01:24:13','2017-06-01 01:25:15'),(188,'Pinturas rupestres',47,2,'2017-06-01 01:24:13','2017-06-01 01:25:15'),(189,'Líneas dobles',48,2,'2017-06-01 01:25:43','2017-06-01 01:26:37'),(190,'Líneas curvas',48,2,'2017-06-01 01:25:43','2017-06-01 01:26:37'),(191,'Líneas simétricas',48,2,'2017-06-01 01:25:43','2017-06-01 01:26:37'),(192,'Líneas de tensión',48,1,'2017-06-01 01:25:43','2017-06-01 01:26:37'),(193,'Peso muerto',49,2,'2017-06-01 01:27:05','2017-06-01 01:27:51'),(194,'Contrapeso',49,1,'2017-06-01 01:27:05','2017-06-01 01:27:51'),(195,'Fuerza',49,2,'2017-06-01 01:27:05','2017-06-01 01:27:51'),(196,'Líneas de tensión',49,2,'2017-06-01 01:27:05','2017-06-01 01:27:51'),(197,'Curvas',50,2,'2017-06-01 01:28:16','2017-06-01 01:29:03'),(198,'Líneas',50,1,'2017-06-01 01:28:16','2017-06-01 01:29:03'),(199,'Imágenes',50,2,'2017-06-01 01:28:16','2017-06-01 01:29:03'),(200,'Figuras',50,2,'2017-06-01 01:28:16','2017-06-01 01:29:03'),(201,'Líneas de tensión',51,2,'2017-06-01 01:29:42','2017-06-01 01:30:30'),(202,'Puntos',51,2,'2017-06-01 01:29:42','2017-06-01 01:30:30'),(203,'Nudos',51,1,'2017-06-01 01:29:43','2017-06-01 01:30:30'),(204,'Simetría',51,2,'2017-06-01 01:29:43','2017-06-01 01:30:30'),(205,'Simetría ',52,1,'2017-06-01 01:30:58','2017-06-01 01:31:45'),(206,'Líneas expresivas',52,2,'2017-06-01 01:30:58','2017-06-01 01:31:45'),(207,'Nudos',52,2,'2017-06-01 01:30:58','2017-06-01 01:31:45'),(208,'Contrapeso',52,2,'2017-06-01 01:30:58','2017-06-01 01:31:45'),(209,'Colateral',53,2,'2017-06-01 01:32:16','2017-06-01 01:33:00'),(210,'Bilateral ',53,1,'2017-06-01 01:32:16','2017-06-01 01:33:00'),(211,'Simétrica',53,2,'2017-06-01 01:32:16','2017-06-01 01:33:00'),(212,'Doble',53,2,'2017-06-01 01:32:16','2017-06-01 01:33:00'),(213,'Nudos',54,2,'2017-06-01 01:34:01','2017-06-01 01:34:46'),(214,'Líneas',54,2,'2017-06-01 01:34:01','2017-06-01 01:34:46'),(215,'Simetría',54,2,'2017-06-01 01:34:01','2017-06-01 01:34:47'),(216,'Ritmo',54,1,'2017-06-01 01:34:01','2017-06-01 01:34:47'),(217,'La pintura ',55,1,'2017-06-01 01:35:15','2017-06-01 01:35:55'),(218,'El arte',55,2,'2017-06-01 01:35:15','2017-06-01 01:35:56'),(219,'La música',55,2,'2017-06-01 01:35:15','2017-06-01 01:35:56'),(220,'Las obras de teatro',55,2,'2017-06-01 01:35:15','2017-06-01 01:35:56'),(221,'Diversidad',56,2,'2017-06-01 01:36:22','2017-06-01 01:37:09'),(222,'Ilustración',56,2,'2017-06-01 01:36:23','2017-06-01 01:37:09'),(223,'Actividad cerebral',56,2,'2017-06-01 01:36:23','2017-06-01 01:37:09'),(224,'Composición',56,1,'2017-06-01 01:36:23','2017-06-01 01:37:09'),(225,'La revisión',57,2,'2017-06-01 01:37:39','2017-06-01 01:38:21'),(226,'El significado de la obra',57,2,'2017-06-01 01:37:39','2017-06-01 01:38:22'),(227,'La formación de los pintores',57,2,'2017-06-01 01:37:39','2017-06-01 01:38:22'),(228,'El aprendizaje de una lengua',57,1,'2017-06-01 01:37:39','2017-06-01 01:38:22'),(229,'La percepción',58,2,'2017-06-01 01:38:56','2017-06-01 01:39:36'),(230,'El aprendizaje de una lengua',58,2,'2017-06-01 01:38:56','2017-06-01 01:39:36'),(231,'El lenguaje de una imagen',58,2,'2017-06-01 01:38:56','2017-06-01 01:39:36'),(232,'La educación visual',58,1,'2017-06-01 01:38:57','2017-06-01 01:39:36'),(233,'La ilustración ',59,2,'2017-06-01 01:40:02','2017-06-01 01:40:42'),(234,'La percepción',59,2,'2017-06-01 01:40:02','2017-06-01 01:40:42'),(235,'La comunicación',59,2,'2017-06-01 01:40:02','2017-06-01 01:40:42'),(236,'La composición',59,1,'2017-06-01 01:40:02','2017-06-01 01:40:42'),(237,'La visión y división',60,2,'2017-06-01 01:41:15','2017-06-01 01:42:01'),(238,'Superior e inferior',60,1,'2017-06-01 01:41:16','2017-06-01 01:42:01'),(239,'Convicción y reflexión',60,2,'2017-06-01 01:41:16','2017-06-01 01:42:01'),(240,'Estratégicos y didácticos',60,2,'2017-06-01 01:41:16','2017-06-01 01:42:01'),(241,'Distribución ',61,2,'2017-06-01 01:42:28','2017-06-01 01:43:10'),(242,'Composición',61,2,'2017-06-01 01:42:28','2017-06-01 01:43:10'),(243,'Artes plásticas',61,1,'2017-06-01 01:42:28','2017-06-01 01:43:10'),(244,'Culturas mesoamericanas ',61,2,'2017-06-01 01:42:28','2017-06-01 01:43:10'),(245,'Relación de oro o sección áurea ',62,1,'2017-06-01 01:43:39','2017-06-01 01:44:24'),(246,'Fragilidad del personaje ',62,2,'2017-06-01 01:43:39','2017-06-01 01:44:24'),(247,'Sensación de equilibrio ',62,2,'2017-06-01 01:43:39','2017-06-01 01:44:24'),(248,'Fundamentos de una imagen',62,2,'2017-06-01 01:43:39','2017-06-01 01:44:24'),(249,'De acuerdo a un plan iconográfico ',63,1,'2017-06-01 01:44:58','2017-06-01 01:45:51'),(250,'De acuerdo al orden en la naturaleza',63,2,'2017-06-01 01:44:59','2017-06-01 01:45:51'),(251,'De acuerdo a su proporción',63,2,'2017-06-01 01:44:59','2017-06-01 01:45:51'),(252,'De acuerdo a la explicación',63,2,'2017-06-01 01:44:59','2017-06-01 01:45:51'),(253,'Sucesión analítica',64,2,'2017-06-01 01:46:18','2017-06-01 01:47:01'),(254,'Sucesión matemática determinada',64,1,'2017-06-01 01:46:18','2017-06-01 01:47:02'),(255,'Sucesión física',64,2,'2017-06-01 01:46:18','2017-06-01 01:47:02'),(256,'Sucesión histórica',64,2,'2017-06-01 01:46:18','2017-06-01 01:47:02'),(257,'Su educación visual',65,2,'2017-06-01 01:47:29','2017-06-01 01:48:16'),(258,'Su postura erguida ',65,1,'2017-06-01 01:47:29','2017-06-01 01:48:16'),(259,'Su visión ',65,2,'2017-06-01 01:47:29','2017-06-01 01:48:16'),(260,'Su misterio',65,2,'2017-06-01 01:47:29','2017-06-01 01:48:16'),(261,'A la tendencia horizontal del entorno',66,1,'2017-06-01 01:48:43','2017-06-01 01:49:30'),(262,'Al centro de gravedad ',66,2,'2017-06-01 01:48:43','2017-06-01 01:49:31'),(263,'A la composición',66,2,'2017-06-01 01:48:43','2017-06-01 01:49:31'),(264,'A su evolución',66,2,'2017-06-01 01:48:43','2017-06-01 01:49:31'),(265,'Por una ilustración',67,2,'2017-06-01 01:50:01','2017-06-01 01:50:45'),(266,'Por su estabilidad',67,2,'2017-06-01 01:50:01','2017-06-01 01:50:45'),(267,'Por un triangulo',67,1,'2017-06-01 01:50:01','2017-06-01 01:50:45'),(268,'Por su distribución',67,2,'2017-06-01 01:50:01','2017-06-01 01:50:45'),(269,'Como un recurso expresivo',68,1,'2017-06-01 01:51:17','2017-06-01 01:52:12'),(270,'Para educar de manera visual',68,2,'2017-06-01 01:51:18','2017-06-01 01:52:12'),(271,'Para tener una división',68,2,'2017-06-01 01:51:18','2017-06-01 01:52:12'),(272,'Para tener una representación icónica ',68,2,'2017-06-01 01:51:18','2017-06-01 01:52:12'),(273,'Formato ',69,1,'2017-06-01 01:52:44','2017-06-01 01:53:26'),(274,'Espacio ',69,2,'2017-06-01 01:52:44','2017-06-01 01:53:26'),(275,'Ritmo',69,2,'2017-06-01 01:52:45','2017-06-01 01:53:26'),(276,'Simetría ',69,2,'2017-06-01 01:52:45','2017-06-01 01:53:26'),(277,'Brea de colofonia ',70,1,'2017-06-01 01:55:02','2017-06-01 01:55:46'),(278,'Plástico',70,2,'2017-06-01 01:55:02','2017-06-01 01:55:46'),(279,'Vidrio',70,2,'2017-06-01 01:55:02','2017-06-01 01:55:46'),(280,'Brea de Niepce',70,2,'2017-06-01 01:55:02','2017-06-01 01:55:46'),(281,'1760',71,2,'2017-06-01 01:56:13','2017-06-01 01:57:00'),(282,'1880',71,2,'2017-06-01 01:56:13','2017-06-01 01:57:00'),(283,'1826',71,1,'2017-06-01 01:56:13','2017-06-01 01:57:00'),(284,'1870',71,2,'2017-06-01 01:56:13','2017-06-01 01:57:01'),(285,'Fotografía',72,2,'2017-06-01 01:57:31','2017-06-01 01:58:25'),(286,'Imagen ',72,1,'2017-06-01 01:57:31','2017-06-01 01:58:25'),(287,'Pintura',72,2,'2017-06-01 01:57:31','2017-06-01 01:58:25'),(288,'Plano',72,2,'2017-06-01 01:57:31','2017-06-01 01:58:25'),(289,'Imagen fotográfica ',73,1,'2017-06-01 02:47:48','2017-06-01 02:48:44'),(290,'Pintura',73,2,'2017-06-01 02:47:48','2017-06-01 02:48:44'),(291,'Imagen escénica',73,2,'2017-06-01 02:47:48','2017-06-01 02:48:44'),(292,'Fotografía',73,2,'2017-06-01 02:47:48','2017-06-01 02:48:44'),(293,'Análisis objetivo',74,1,'2017-06-01 02:49:29','2017-06-01 02:50:43'),(294,'Análisis subjetivo ',74,1,'2017-06-01 02:49:29','2017-06-01 02:50:43'),(295,'Análisis realista',74,2,'2017-06-01 02:49:29','2017-06-01 02:50:43'),(296,'Análisis profundo',74,2,'2017-06-01 02:49:29','2017-06-01 02:50:43'),(297,'Planos generales',75,1,'2017-06-01 02:54:08','2017-06-01 02:54:57'),(298,'Planos medios',75,1,'2017-06-01 02:54:08','2017-06-01 02:54:57'),(299,'Primeros planos',75,1,'2017-06-01 02:54:08','2017-06-01 02:54:57'),(300,'Encuadre general',75,2,'2017-06-01 02:54:08','2017-06-01 02:54:57'),(301,'Plano seleccionado',76,2,'2017-06-01 02:55:28','2017-06-01 02:56:22'),(302,'Plano general',76,1,'2017-06-01 02:55:28','2017-06-01 02:56:23'),(303,'Plano medio',76,2,'2017-06-01 02:55:28','2017-06-01 02:56:23'),(304,'Primeros planos',76,2,'2017-06-01 02:55:28','2017-06-01 02:56:23'),(305,'Cuando es borrosa',77,2,'2017-06-01 02:56:51','2017-06-01 02:57:39'),(306,'Cuando no expresa nada ',77,2,'2017-06-01 02:56:51','2017-06-01 02:57:39'),(307,'Cuando no representa a la realidad',77,2,'2017-06-01 02:56:51','2017-06-01 02:57:39'),(308,'Cuando representa tal cual la realidad',77,1,'2017-06-01 02:56:51','2017-06-01 02:57:39'),(309,'Cuando es una imagen sin significados',78,2,'2017-06-01 02:58:06','2017-06-01 02:58:58'),(310,'Cuando representa tal cual realidad',78,2,'2017-06-01 02:58:06','2017-06-01 02:58:58'),(311,'Cuando es una imagen con muchos significados posibles',78,1,'2017-06-01 02:58:06','2017-06-01 02:58:58'),(312,'Cuando es una imagen con pocos significados posibles',78,2,'2017-06-01 02:58:06','2017-06-01 02:58:58'),(313,'El estudio personalizado',79,2,'2017-06-01 02:59:33','2017-06-01 03:00:25'),(314,'El análisis subjetivo',79,1,'2017-06-01 02:59:33','2017-06-01 03:00:25'),(315,'El diagnostico ',79,2,'2017-06-01 02:59:33','2017-06-01 03:00:25'),(316,'El auto comprensión',79,2,'2017-06-01 02:59:33','2017-06-01 03:00:25'),(317,'Louis Jacques Mandé Daguerre ',80,2,'2017-06-01 03:00:55','2017-06-01 03:01:56'),(318,'Nicéforo Niepce ',80,1,'2017-06-01 03:00:56','2017-06-01 03:01:56'),(319,'Johann-Henrich Schulze ',80,2,'2017-06-01 03:00:56','2017-06-01 03:01:56'),(320,'Louis Jacques Mandé Daguerre ',80,2,'2017-06-01 03:00:56','2017-06-01 03:01:57'),(321,'John Herschel',81,1,'2017-06-01 03:02:27','2017-06-01 03:08:46'),(322,'Louis Jacques Mandé Daguerre ',81,2,'2017-06-01 03:02:27','2017-06-01 03:08:46'),(323,'Johann-Henrich Schulze',81,2,'2017-06-01 03:02:27','2017-06-01 03:08:46'),(324,'Josef-Max Petzval ',81,2,'2017-06-01 03:02:27','2017-06-01 03:08:47'),(325,'Sulfato',82,2,'2017-06-01 03:09:16','2017-06-01 03:10:07'),(326,'Fosfato',82,2,'2017-06-01 03:09:16','2017-06-01 03:10:08'),(327,'Yodo',82,1,'2017-06-01 03:09:16','2017-06-01 03:10:08'),(328,'Vidrio',82,2,'2017-06-01 03:09:16','2017-06-01 03:10:08'),(329,'Hypolite Bayard ',83,2,'2017-06-01 03:10:38','2017-06-01 03:11:30'),(330,'Josef-Max Petzval  ',83,2,'2017-06-01 03:10:38','2017-06-01 03:11:30'),(331,'Henry Fox Talbot',83,1,'2017-06-01 03:10:38','2017-06-01 03:11:30'),(332,'Louis Jacques Mandé Daguerre ',83,2,'2017-06-01 03:10:38','2017-06-01 03:11:30'),(333,'Henry Fox Talbot ',84,2,'2017-06-01 03:12:01','2017-06-01 03:12:50'),(334,'Josef-Max Petzval',84,1,'2017-06-01 03:12:01','2017-06-01 03:12:50'),(335,'Hypolite Bayard',84,2,'2017-06-01 03:12:01','2017-06-01 03:12:50'),(336,'Louis Jacques Mandé Daguerre ',84,2,'2017-06-01 03:12:01','2017-06-01 03:12:50'),(337,'Hypolite Bayard ',85,1,'2017-06-01 03:13:16','2017-06-01 03:14:05'),(338,'Henry Fox Talbot',85,2,'2017-06-01 03:13:16','2017-06-01 03:14:05'),(339,'Louis Jacques Mandé Daguerre ',85,2,'2017-06-01 03:13:16','2017-06-01 03:14:05'),(340,'Josef-Max Petzval',85,2,'2017-06-01 03:13:16','2017-06-01 03:14:05'),(341,'Plástico ',86,1,'2017-06-01 03:14:34','2017-06-01 03:15:25'),(342,'Cristal ',86,2,'2017-06-01 03:14:35','2017-06-01 03:15:25'),(343,'Vidrio',86,2,'2017-06-01 03:14:35','2017-06-01 03:15:25'),(344,'Yodo',86,2,'2017-06-01 03:14:35','2017-06-01 03:15:25'),(345,'Enfoque',87,2,'2017-06-01 03:27:29','2017-06-01 03:28:22'),(346,'Fusión',87,2,'2017-06-01 03:27:29','2017-06-01 03:28:22'),(347,'Encuadre ',87,1,'2017-06-01 03:27:29','2017-06-01 03:28:22'),(348,'Distancia',87,2,'2017-06-01 03:27:29','2017-06-01 03:28:22'),(349,'Sin angulación alguna',88,1,'2017-06-01 03:28:53','2017-06-01 03:29:47'),(350,'Toma diagonal de derecha a izquierda ',88,2,'2017-06-01 03:28:53','2017-06-01 03:29:48'),(351,'Toma del sujeto de arriba abajo',88,2,'2017-06-01 03:28:53','2017-06-01 03:29:48'),(352,'Toma de los sujetos abajo ',88,2,'2017-06-01 03:28:53','2017-06-01 03:29:48'),(353,'Toma del sujeto de abajo arriba ',89,1,'2017-06-01 03:30:23','2017-06-01 03:31:22'),(354,'Toma diagonal de izquierda a derecha',89,2,'2017-06-01 03:30:23','2017-06-01 03:31:22'),(355,'Toma sin angulación alguna',89,2,'2017-06-01 03:30:23','2017-06-01 03:31:23'),(356,'Toma sin angulo',89,2,'2017-06-01 03:30:23','2017-06-01 03:31:23'),(357,'De formar circular de izquierda ',90,2,'2017-06-01 03:31:59','2017-06-01 03:33:01'),(358,'De forma triangular e arriba a abajo',90,2,'2017-06-01 03:31:59','2017-06-01 03:33:01'),(359,'De forma circular de derecha a Izquierda',90,2,'2017-06-01 03:31:59','2017-06-01 03:33:01'),(360,'De formar circular de izquierda a derecha',90,1,'2017-06-01 03:31:59','2017-06-01 03:33:01'),(361,'Janssen ',91,1,'2017-06-01 03:33:29','2017-06-01 03:34:19'),(362,'Jhon J. ',91,2,'2017-06-01 03:33:30','2017-06-01 03:34:20'),(363,'Fhelpe M.',91,2,'2017-06-01 03:33:30','2017-06-01 03:34:20'),(364,'Hypolite Bayard ',91,2,'2017-06-01 03:33:30','2017-06-01 03:34:20'),(365,'Eastman Kodak ',92,1,'2017-06-01 03:34:50','2017-06-01 03:35:52'),(366,'Kingston ',92,2,'2017-06-01 03:34:50','2017-06-01 03:35:52'),(367,'Toyota ',92,2,'2017-06-01 03:34:50','2017-06-01 03:35:53'),(368,'Samsung',92,2,'2017-06-01 03:34:51','2017-06-01 03:35:53'),(369,'Las imágenes fijas y el video',93,2,'2017-06-01 03:36:33','2017-06-01 03:37:28'),(370,'Las imágenes fijas o en movimiento',93,1,'2017-06-01 03:36:33','2017-06-01 03:37:28'),(371,'Las imágenes',93,2,'2017-06-01 03:36:33','2017-06-01 03:37:28'),(372,'Las imágenes repetidas o en movimiento ',93,2,'2017-06-01 03:36:33','2017-06-01 03:37:28'),(373,'Toma frontal, angulación lateral izquierda, angulación lateral derecha, ángulo en picada, ángulo en contrapicada',94,1,'2017-06-01 03:37:58','2017-06-01 03:38:45'),(374,'Toma panorámica y toma contrapicada',94,2,'2017-06-01 03:37:59','2017-06-01 03:39:17'),(375,'Toma general ',94,2,'2017-06-01 03:37:59','2017-06-01 03:38:45'),(376,'Toma de análisis subjetivo',94,2,'2017-06-01 03:37:59','2017-06-01 03:38:45'),(377,'Publicidad',95,1,'2017-06-01 03:40:16','2017-06-01 03:41:14'),(378,'Anuncios',95,2,'2017-06-01 03:40:16','2017-06-01 03:41:14'),(379,'Propaganda',95,2,'2017-06-01 03:40:16','2017-06-01 03:41:14'),(380,'Comerciales',95,2,'2017-06-01 03:40:16','2017-06-01 03:41:14'),(381,'Compradores sociales',96,2,'2017-06-01 05:31:26','2017-06-01 05:31:26'),(382,'Compradores temperamentales',96,2,'2017-06-01 05:31:26','2017-06-01 05:31:26'),(383,'Compradores reales ',96,1,'2017-06-01 05:31:26','2017-06-01 05:31:26'),(384,'Compradores potenciales ',96,1,'2017-06-01 05:31:26','2017-06-01 05:31:26'),(385,'Rasgos individuales, sociales y económicos ',97,1,'2017-06-01 05:34:04','2017-06-01 05:34:04'),(386,'Rasgos culturales ',97,2,'2017-06-01 05:34:04','2017-06-01 05:34:04'),(387,'Rasgos ecológicos',97,2,'2017-06-01 05:34:04','2017-06-01 05:34:04'),(388,'Rasgos educativos',97,2,'2017-06-01 05:34:04','2017-06-01 05:34:04'),(389,'Variables relacionadas con la economía',98,2,'2017-06-01 05:36:18','2017-06-01 05:36:18'),(390,'Variables relacionadas con la situación',98,1,'2017-06-01 05:36:18','2017-06-01 05:36:18'),(391,'Demanda del consumidor',98,2,'2017-06-01 05:36:18','2017-06-01 05:36:18'),(392,'Competencia de publicidad',98,2,'2017-06-01 05:36:18','2017-06-01 05:36:18'),(393,'Consumidores sibaritas',99,2,'2017-06-01 05:37:56','2017-06-01 05:37:56'),(394,'Consumidores selectivos',99,2,'2017-06-01 05:37:56','2017-06-01 05:37:56'),(395,'Consumidores reales ',99,2,'2017-06-01 05:37:56','2017-06-01 05:37:56'),(396,'Consumidores de subsistencia',99,1,'2017-06-01 05:37:56','2017-06-01 05:37:56'),(397,'Consumidores sibaritas',100,1,'2017-06-01 05:39:51','2017-06-01 05:39:51'),(398,'Consumidores selectivos',100,2,'2017-06-01 05:39:51','2017-06-01 05:39:51'),(399,'Consumidores reales ',100,2,'2017-06-01 05:39:52','2017-06-01 05:39:52'),(400,'Consumidores de subsistencia',100,2,'2017-06-01 05:39:52','2017-06-01 05:39:52'),(401,'Consumidores reales ',101,2,'2017-06-01 05:41:25','2017-06-01 05:41:25'),(402,'Consumidores de subsistencia',101,2,'2017-06-01 05:41:25','2017-06-01 05:41:25'),(403,'Consumidores selectivos',101,1,'2017-06-01 05:41:25','2017-06-01 05:41:25'),(404,'Consumidores sibaritas',101,2,'2017-06-01 05:41:25','2017-06-01 05:41:25'),(405,'Compra improvisada',102,1,'2017-06-01 05:42:51','2017-06-01 05:42:51'),(406,'Compra imprevista',102,2,'2017-06-01 05:42:51','2017-06-01 05:42:51'),(407,'Compra demandaba',102,2,'2017-06-01 05:42:51','2017-06-01 05:42:51'),(408,'Compra predeterminada',102,2,'2017-06-01 05:42:51','2017-06-01 05:42:51'),(409,'Compra improvisada',103,2,'2017-06-01 05:44:16','2017-06-01 05:44:16'),(410,'Compra imprevista o de impulso',103,1,'2017-06-01 05:44:16','2017-06-01 05:44:16'),(411,'Compra predeterminada',103,2,'2017-06-01 05:44:16','2017-06-01 05:44:16'),(412,'Compra demandaba',103,2,'2017-06-01 05:44:16','2017-06-01 05:44:16'),(413,'Compra improvisada',104,2,'2017-06-01 05:47:16','2017-06-01 05:47:16'),(414,'Compra imprevista o de impulso',104,2,'2017-06-01 05:47:16','2017-06-01 05:47:16'),(415,'Compra predeterminada',104,1,'2017-06-01 05:47:16','2017-06-01 05:47:16'),(416,'Compra demandaba',104,2,'2017-06-01 05:47:16','2017-06-01 05:47:16'),(417,'Hombre masa',105,1,'2017-06-01 05:48:44','2017-06-01 05:48:44'),(418,'Persona real',105,2,'2017-06-01 05:48:44','2017-06-01 05:48:44'),(419,'Consumista',105,2,'2017-06-01 05:48:44','2017-06-01 05:48:44'),(420,'Comprador',105,2,'2017-06-01 05:48:44','2017-06-01 05:48:44'),(421,'Comerciales',106,2,'2017-06-01 05:49:58','2017-06-01 05:49:58'),(422,'Publicidad',106,1,'2017-06-01 05:49:58','2017-06-01 05:49:58'),(423,'Precios bajos',106,2,'2017-06-01 05:49:58','2017-06-01 05:49:58'),(424,'Ofertas',106,2,'2017-06-01 05:49:58','2017-06-01 05:49:58'),(425,'Inducen de manera abierta a la compra de todo tipo de productos de consumo',107,1,'2017-06-01 05:51:49','2017-06-01 05:51:49'),(426,'Llaman más la atención del comprador',107,2,'2017-06-01 05:51:49','2017-06-01 05:51:49'),(427,'Producen mayores ventas de los productos',107,2,'2017-06-01 05:51:49','2017-06-01 05:51:49'),(428,'Inducen de manera no abierta ',107,2,'2017-06-01 05:51:49','2017-06-01 05:51:49'),(429,'Compras ',108,2,'2017-06-01 05:53:19','2017-06-01 05:53:19'),(430,'Consumismo',108,1,'2017-06-01 05:53:19','2017-06-01 05:53:19'),(431,'Anuncios ',108,2,'2017-06-01 05:53:20','2017-06-01 05:53:20'),(432,'Publicidad',108,2,'2017-06-01 05:53:20','2017-06-01 05:53:20'),(433,'Argumentos sociales',109,2,'2017-06-01 05:55:35','2017-06-01 05:55:35'),(434,'Rasgos sociales',109,2,'2017-06-01 05:55:35','2017-06-01 05:55:35'),(435,'Rasgos económicos',109,2,'2017-06-01 05:55:35','2017-06-01 05:55:35'),(436,'Vida cotidiana',109,1,'2017-06-01 05:55:35','2017-06-01 05:55:35'),(437,'Que está lleno de mentiras ',110,1,'2017-06-01 05:59:07','2017-06-01 05:59:07'),(438,'Que tiene mucha propaganda',110,2,'2017-06-01 05:59:07','2017-06-01 05:59:07'),(439,'Que contiene información incierta',110,2,'2017-06-01 05:59:07','2017-06-01 05:59:07'),(440,'Que dice cosas ciertas ',110,2,'2017-06-01 05:59:08','2017-06-01 05:59:08'),(441,'Repetición',111,2,'2017-06-01 06:00:22','2017-06-01 06:00:22'),(442,'Signo',111,1,'2017-06-01 06:00:23','2017-06-01 06:00:23'),(443,'Sema',111,2,'2017-06-01 06:00:23','2017-06-01 06:00:23'),(444,'Prosopopeya',111,2,'2017-06-01 06:00:23','2017-06-01 06:00:23'),(445,'Metáfora',112,1,'2017-06-01 06:01:31','2017-06-01 06:01:31'),(446,'Metonimia',112,1,'2017-06-01 06:01:31','2017-06-01 06:01:31'),(447,'Sinécdoque',112,1,'2017-06-01 06:01:31','2017-06-01 06:01:31'),(448,'Retoricas',112,2,'2017-06-01 06:01:31','2017-06-01 06:01:31'),(449,'Sema',113,1,'2017-06-01 06:03:15','2017-06-01 06:03:15'),(450,'Repetición',113,2,'2017-06-01 06:03:15','2017-06-01 06:03:15'),(451,'Signo',113,2,'2017-06-01 06:03:15','2017-06-01 06:03:15'),(452,'Prosopopeya',113,2,'2017-06-01 06:03:15','2017-06-01 06:03:15'),(453,'Sema',114,2,'2017-06-01 06:04:42','2017-06-01 06:04:42'),(454,'Repetición',114,1,'2017-06-01 06:04:43','2017-06-01 06:04:43'),(455,'Metáfora',114,2,'2017-06-01 06:04:43','2017-06-01 06:04:43'),(456,'Hipérbole',114,2,'2017-06-01 06:04:43','2017-06-01 06:04:43'),(457,'Hipérbole',115,2,'2017-06-01 06:06:34','2017-06-01 06:06:34'),(458,'Metáfora',115,2,'2017-06-01 06:06:34','2017-06-01 06:06:34'),(459,'Sema',115,2,'2017-06-01 06:06:34','2017-06-01 06:06:34'),(460,'Prosopopeya',115,1,'2017-06-01 06:06:34','2017-06-01 06:06:34'),(461,'Figuras planas y firmes',116,2,'2017-06-01 06:09:05','2017-06-01 06:09:05'),(462,'Figuras representativas ',116,2,'2017-06-01 06:09:05','2017-06-01 06:09:05'),(463,'Figuras de inversión y elipsis',116,2,'2017-06-01 06:09:05','2017-06-01 06:09:05'),(464,'Antítesis, paradoja, inversión, litote, ironía y elipsis',116,1,'2017-06-01 06:09:05','2017-06-01 06:09:05'),(465,'Repetición',117,2,'2017-06-01 06:10:43','2017-06-01 06:10:43'),(466,'Hipérbole',117,2,'2017-06-01 06:10:43','2017-06-01 06:10:43'),(467,'Sema',117,2,'2017-06-01 06:10:43','2017-06-01 06:10:43'),(468,'Metáfora',117,1,'2017-06-01 06:10:44','2017-06-01 06:10:44'),(469,'Hipérbole',118,1,'2017-06-01 06:12:05','2017-06-01 06:12:05'),(470,'Sema',118,2,'2017-06-01 06:12:05','2017-06-01 06:12:05'),(471,'Repetición',118,2,'2017-06-01 06:12:05','2017-06-01 06:12:05'),(472,'Signo',118,2,'2017-06-01 06:12:05','2017-06-01 06:12:05'),(473,'El cine ',119,2,'2017-06-01 06:13:46','2017-06-01 06:13:46'),(474,'Las imágenes ',119,2,'2017-06-01 06:13:46','2017-06-01 06:13:46'),(475,'Los comerciales ',119,1,'2017-06-01 06:13:47','2017-06-01 06:13:47'),(476,'El teatro',119,2,'2017-06-01 06:13:47','2017-06-01 06:13:47'),(477,'Lectura objetiva',120,2,'2017-06-01 06:15:14','2017-06-01 06:15:14'),(478,'Lectura implícita ',120,2,'2017-06-01 06:15:14','2017-06-01 06:15:14'),(479,'Lectura subjetiva',120,1,'2017-06-01 06:15:14','2017-06-01 06:15:14'),(480,'Lectura reiterada',120,2,'2017-06-01 06:15:14','2017-06-01 06:15:14'),(481,'Objetivo',121,2,'2017-06-01 06:18:01','2017-06-01 06:18:01'),(482,'Estereotipado',121,2,'2017-06-01 06:18:02','2017-06-01 06:18:02'),(483,'Subjetivo',121,2,'2017-06-01 06:18:02','2017-06-01 06:18:02'),(484,'Implícito',121,1,'2017-06-01 06:18:02','2017-06-01 06:18:02'),(485,'Estereotipos ',122,1,'2017-06-01 06:21:06','2017-06-01 06:21:06'),(486,'Imágenes ',122,2,'2017-06-01 06:21:06','2017-06-01 06:21:06'),(487,'Opiniones ',122,2,'2017-06-01 06:21:06','2017-06-01 06:21:06'),(488,'Realidades ',122,2,'2017-06-01 06:21:06','2017-06-01 06:21:06'),(489,'Los padres de familia',123,2,'2017-06-01 06:23:11','2017-06-01 06:23:11'),(490,'Cada individuo ',123,2,'2017-06-01 06:23:11','2017-06-01 06:23:11'),(491,'Los publicistas ',123,2,'2017-06-01 06:23:11','2017-06-01 06:23:11'),(492,'Todas las personas ',123,1,'2017-06-01 06:23:11','2017-06-01 06:23:11'),(493,'Las fallas de la marca',124,2,'2017-06-01 06:25:02','2017-06-01 06:25:02'),(494,'Los defectos de los productos',124,1,'2017-06-01 06:25:02','2017-06-01 06:25:02'),(495,'La calidad del envase',124,2,'2017-06-01 06:25:02','2017-06-01 06:25:02'),(496,'La falta de color',124,2,'2017-06-01 06:25:02','2017-06-01 06:25:02'),(497,'La compra',125,1,'2017-06-01 06:31:03','2017-06-01 06:31:03'),(498,'El intercambio ',125,2,'2017-06-01 06:31:03','2017-06-01 06:31:03'),(499,'La venta',125,2,'2017-06-01 06:31:03','2017-06-01 06:31:03'),(500,'La asimilación',125,2,'2017-06-01 06:31:03','2017-06-01 06:31:03'),(501,'Imágenes visuales inconexas',126,1,'2017-06-01 06:53:53','2017-06-01 06:53:53'),(502,'Sonidos sonoros ',126,2,'2017-06-01 06:53:53','2017-06-01 06:53:53'),(503,'Rostros',126,2,'2017-06-01 06:53:53','2017-06-01 06:53:53'),(504,'Información',126,2,'2017-06-01 06:53:53','2017-06-01 06:53:53'),(505,'Imágenes sonoras ',127,1,'2017-06-01 06:55:16','2017-06-01 06:55:16'),(506,'Rostros conocidos ',127,2,'2017-06-01 06:55:16','2017-06-01 06:55:16'),(507,'Voces sin imágenes',127,2,'2017-06-01 06:55:16','2017-06-01 06:55:16'),(508,'Figuras dispersas ',127,2,'2017-06-01 06:55:16','2017-06-01 06:55:16'),(509,'Psicología, Arte, Sociología ',128,2,'2017-06-01 07:18:33','2017-06-01 07:18:33'),(510,'Informática ',128,2,'2017-06-01 07:18:33','2017-06-01 07:18:33'),(511,'Comunicación',128,2,'2017-06-01 07:18:33','2017-06-01 07:18:33'),(512,'Todas las disciplinas mencionadas',128,1,'2017-06-01 07:18:33','2017-06-01 07:18:33'),(513,'”Una imagen vale por mil palabras”',129,1,'2017-06-01 07:19:46','2017-06-01 07:19:46'),(514,'“Quien bien te quiere te hará llorar”',129,2,'2017-06-01 07:19:46','2017-06-01 07:19:46'),(515,'“Antes que te cases, mira lo que haces”',129,2,'2017-06-01 07:19:46','2017-06-01 07:19:46'),(516,'“La palabra es plata y el silencio es oro”',129,2,'2017-06-01 07:19:46','2017-06-01 07:19:46'),(517,'Para el adoctrinamiento religioso e ideológico de grandes masas de iletrados',130,1,'2017-06-01 07:20:53','2017-06-01 07:20:53'),(518,'Para la literatura',130,2,'2017-06-01 07:20:53','2017-06-01 07:20:53'),(519,'Para representar acontecimientos  relevantes de las épocas ',130,2,'2017-06-01 07:20:54','2017-06-01 07:20:54'),(520,'Ninguna de las anteriores ',130,2,'2017-06-01 07:20:54','2017-06-01 07:20:54'),(521,'Imagen publicitaria ',131,1,'2017-06-01 07:22:02','2017-06-01 07:22:02'),(522,'Imagen propagandística',131,1,'2017-06-01 07:22:02','2017-06-01 07:22:02'),(523,'Ciencias ',131,2,'2017-06-01 07:22:02','2017-06-01 07:22:02'),(524,'Nuevas tecnologías',131,2,'2017-06-01 07:22:02','2017-06-01 07:22:02'),(525,'Por medio de la fotografía, el cine, las historietas y los carteles',132,1,'2017-06-01 07:23:14','2017-06-01 07:23:14'),(526,'Por medio de pláticas religiosas',132,2,'2017-06-01 07:23:14','2017-06-01 07:23:14'),(527,'Por medio de los anuncios ',132,2,'2017-06-01 07:23:14','2017-06-01 07:23:14'),(528,'Por medio de la educación y la percepción',132,2,'2017-06-01 07:23:14','2017-06-01 07:23:14'),(529,'Elementos presentes ',133,1,'2017-06-01 07:24:24','2017-06-01 07:24:24'),(530,'Elementos ausentes',133,1,'2017-06-01 07:24:24','2017-06-01 07:24:24'),(531,'Elementos constitutivos',133,2,'2017-06-01 07:24:24','2017-06-01 07:24:24'),(532,'Elementos de grandeza',133,2,'2017-06-01 07:24:24','2017-06-01 07:24:24'),(533,'Para fines educativos tiene que estar en los libros del aula ',134,2,'2017-06-01 07:25:31','2017-06-01 07:25:31'),(534,'El significado tiene que responder a lo que queremos suscitar en nuestro interlocutor',134,1,'2017-06-01 07:25:32','2017-06-01 07:25:32'),(535,'La imagen tiene que ser llamativa para el interlocutor',134,2,'2017-06-01 07:25:32','2017-06-01 07:25:32'),(536,'El significado tiene que ser directo y preciso',134,2,'2017-06-01 07:25:32','2017-06-01 07:25:32'),(537,'Imágenes monosémicas',135,1,'2017-06-01 07:26:42','2017-06-01 07:26:42'),(538,'Imágenes polisémicas',135,1,'2017-06-01 07:26:43','2017-06-01 07:26:43'),(539,'Imágenes claras ',135,2,'2017-06-01 07:26:43','2017-06-01 07:26:43'),(540,'Imágenes precisas ',135,2,'2017-06-01 07:26:43','2017-06-01 07:26:43'),(541,'Contar con una descripción precisa de cada imagen',136,2,'2017-06-01 07:27:49','2017-06-01 07:27:49'),(542,'Tener algún tipo de control sobre su significado',136,1,'2017-06-01 07:27:49','2017-06-01 07:27:49'),(543,'Tener varias impresiones de la imagen',136,2,'2017-06-01 07:27:49','2017-06-01 07:27:49'),(544,'Contar con algún manual de explicación',136,2,'2017-06-01 07:27:49','2017-06-01 07:27:49'),(545,'De manera potencial',137,2,'2017-06-01 07:29:06','2017-06-01 07:29:06'),(546,'De manera estética ',137,2,'2017-06-01 07:29:06','2017-06-01 07:29:06'),(547,'De desarrollo cultural y social ',137,2,'2017-06-01 07:29:06','2017-06-01 07:29:06'),(548,'De desarrollo cultural y social ',137,1,'2017-06-01 07:29:06','2017-06-01 07:29:06'),(549,'La formación que necesitamos',138,2,'2017-06-01 07:30:10','2017-06-01 07:30:10'),(550,'La imagen artística',138,2,'2017-06-01 07:30:10','2017-06-01 07:30:10'),(551,'La vida del individuo',138,2,'2017-06-01 07:30:11','2017-06-01 07:30:11'),(552,'Educarse para las imágenes',138,1,'2017-06-01 07:30:11','2017-06-01 07:30:11'),(553,'Desarrollar la educación',139,2,'2017-06-01 07:31:22','2017-06-01 07:31:22'),(554,'Práctica educativa',139,2,'2017-06-01 07:31:22','2017-06-01 07:31:22'),(555,'Producir arte ',139,2,'2017-06-01 07:31:22','2017-06-01 07:31:22'),(556,'Educar para la imagen',139,1,'2017-06-01 07:31:22','2017-06-01 07:31:22'),(557,'Para educar de manera visual',140,2,'2017-06-01 07:32:56','2017-06-01 07:32:56'),(558,'El enriquecimiento de la experiencia educativa',140,1,'2017-06-01 07:32:56','2017-06-01 07:32:56'),(559,'El enriquecimiento de la experiencia del arte',140,2,'2017-06-01 07:32:56','2017-06-01 07:32:56'),(560,'La comunicación entre varias naciones ',140,2,'2017-06-01 07:32:56','2017-06-01 07:32:56'),(561,'Imágenes sonoras ',141,2,'2017-06-01 07:34:06','2017-06-01 07:34:06'),(562,'Imágenes poéticas',141,2,'2017-06-01 07:34:06','2017-06-01 07:34:06'),(563,'Imágenes auditivas ',141,1,'2017-06-01 07:34:06','2017-06-01 07:34:06'),(564,'Imágenes artísticas',141,2,'2017-06-01 07:34:06','2017-06-01 07:34:06'),(565,'Analítica',142,1,'2017-06-01 07:35:38','2017-06-01 07:35:38'),(566,'Expresiva',142,2,'2017-06-01 07:35:39','2017-06-01 07:35:39'),(567,'Sonora',142,2,'2017-06-01 07:35:39','2017-06-01 07:35:39'),(568,'Visual',142,2,'2017-06-01 07:35:39','2017-06-01 07:35:39'),(569,'La empatía y la identificación y se convierten en reflejo de nuestras emociones ',143,1,'2017-06-01 07:37:21','2017-06-01 07:37:21'),(570,'La meditación de las imágenes ',143,2,'2017-06-01 07:37:21','2017-06-01 07:37:21'),(571,'La convicción de lo real',143,2,'2017-06-01 07:37:21','2017-06-01 07:37:21'),(572,'El presente de las cosas ',143,2,'2017-06-01 07:37:21','2017-06-01 07:37:21'),(573,'Empatía e identificación ',144,2,'2017-06-01 07:38:27','2017-06-01 07:38:27'),(574,'Capacidad para esquematizar',144,1,'2017-06-01 07:38:28','2017-06-01 07:38:28'),(575,'La construcción',144,2,'2017-06-01 07:38:28','2017-06-01 07:38:28'),(576,'Nuestras emociones',144,2,'2017-06-01 07:38:28','2017-06-01 07:38:28'),(577,'Consiste en la construcción del discurso educativo en la imagen ',145,1,'2017-06-01 07:39:52','2017-06-01 07:39:52'),(578,'Consiste en establecer las reglas del salón de clases',145,2,'2017-06-01 07:39:52','2017-06-01 07:39:52'),(579,'Consiste en la construcción del discurso educativo de los sonidos',145,2,'2017-06-01 07:39:52','2017-06-01 07:39:52'),(580,'Consiste en entender a los alumnos',145,2,'2017-06-01 07:39:52','2017-06-01 07:39:52'),(581,'Imagen visual',146,2,'2017-06-01 07:41:00','2017-06-01 07:41:00'),(582,'Imagen reflexiva',146,2,'2017-06-01 07:41:00','2017-06-01 07:41:00'),(583,'Imagen sintética',146,1,'2017-06-01 07:41:00','2017-06-01 07:41:00'),(584,'Imagen inconexa ',146,2,'2017-06-01 07:41:00','2017-06-01 07:41:00'),(585,'Composición fuera de la imagen',147,2,'2017-06-01 07:42:35','2017-06-01 07:42:35'),(586,'Composición dentro de un cuadro ',147,2,'2017-06-01 07:42:35','2017-06-01 07:42:35'),(587,'Composición de la imagen',147,2,'2017-06-01 07:42:35','2017-06-01 07:42:35'),(588,'Composición dentro de una imagen',147,1,'2017-06-01 07:42:35','2017-06-01 07:42:35'),(589,'El universo sonoro ',148,2,'2017-06-01 07:43:48','2017-06-01 07:43:48'),(590,'La naturaleza',148,2,'2017-06-01 07:43:48','2017-06-01 07:43:48'),(591,'La grandeza y su perdición',148,1,'2017-06-01 07:43:48','2017-06-01 07:43:48'),(592,'La vida',148,2,'2017-06-01 07:43:48','2017-06-01 07:43:48'),(593,'Las imágenes',149,1,'2017-06-01 07:45:24','2017-06-01 07:45:24'),(594,'El aula',149,2,'2017-06-01 07:45:24','2017-06-01 07:45:24'),(595,'Los textos',149,2,'2017-06-01 07:45:24','2017-06-01 07:45:24'),(596,'Los colores',149,2,'2017-06-01 07:45:24','2017-06-01 07:45:24'),(597,'La percepción ',150,2,'2017-06-01 07:46:28','2017-06-01 07:46:28'),(598,'La educación',150,2,'2017-06-01 07:46:28','2017-06-01 07:46:28'),(599,'El cine',150,2,'2017-06-01 07:46:28','2017-06-01 07:46:28'),(600,'La imagen ',150,1,'2017-06-01 07:46:29','2017-06-01 07:46:29'),(601,'Colores',151,2,'2017-06-01 07:47:43','2017-06-01 07:47:43'),(602,'Los límites del marco de la imagen ',151,1,'2017-06-01 07:47:43','2017-06-01 07:47:43'),(603,'Arte',151,2,'2017-06-01 07:47:44','2017-06-01 07:47:44'),(604,'Misterios de la vida',151,2,'2017-06-01 07:47:44','2017-06-01 07:47:44'),(605,'Por el desarrollo cultural ',152,2,'2017-06-01 07:49:02','2017-06-01 07:49:02'),(606,'Por su potencia',152,2,'2017-06-01 07:49:02','2017-06-01 07:49:02'),(607,'Por su significado único y de varias posibilidades de significado',152,1,'2017-06-01 07:49:02','2017-06-01 07:49:02'),(608,'Por su punto de vista educativo',152,2,'2017-06-01 07:49:03','2017-06-01 07:49:03'),(609,'Nuestro idioma ',153,2,'2017-06-01 07:50:25','2017-06-01 07:50:25'),(610,'La lectura de la imagen',153,2,'2017-06-01 07:50:25','2017-06-01 07:50:25'),(611,'Imagen poética o artística',153,1,'2017-06-01 07:50:26','2017-06-01 07:50:26'),(612,'La formación',153,2,'2017-06-01 07:50:26','2017-06-01 07:50:26'),(613,'Pragmática',154,1,'2017-06-01 07:51:27','2017-06-01 07:51:27'),(614,'Cultural',154,2,'2017-06-01 07:51:27','2017-06-01 07:51:27'),(615,'Optima',154,2,'2017-06-01 07:51:27','2017-06-01 07:51:27'),(616,'Dinámica',154,2,'2017-06-01 07:51:27','2017-06-01 07:51:27'),(617,'Educar para la imagen',155,2,'2017-06-01 07:53:04','2017-06-01 07:53:04'),(618,'Asociar imágenes',155,2,'2017-06-01 07:53:04','2017-06-01 07:53:04'),(619,'Cosas imaginarias',155,2,'2017-06-01 07:53:04','2017-06-01 07:53:04'),(620,'Estratégicos y didácticos',155,1,'2017-06-01 07:53:04','2017-06-01 07:53:04'),(621,'El arte',156,2,'2017-06-01 07:54:29','2017-06-01 07:54:29'),(622,'La interpretación',156,2,'2017-06-01 07:54:29','2017-06-01 07:54:29'),(623,'La convicción y la reflexión',156,1,'2017-06-01 07:54:29','2017-06-01 07:54:29'),(624,'La creatividad',156,2,'2017-06-01 07:54:29','2017-06-01 07:54:29'),(625,'Creaciones humanas',157,1,'2017-06-01 07:56:02','2017-06-01 07:56:02'),(626,'Códigos y símbolos',157,2,'2017-06-01 07:56:02','2017-06-01 07:56:02'),(627,'Cultura',157,2,'2017-06-01 07:56:02','2017-06-01 07:56:02'),(628,'Modalidad',157,2,'2017-06-01 07:56:02','2017-06-01 07:56:02'),(629,'Creativa y llamativa',158,2,'2017-06-01 07:57:48','2017-06-01 07:57:48'),(630,'Insustituible',158,1,'2017-06-01 07:57:48','2017-06-01 07:57:48'),(631,'Educativa',158,2,'2017-06-01 07:57:48','2017-06-01 07:57:48'),(632,'Cultural',158,2,'2017-06-01 07:57:48','2017-06-01 07:57:48'),(633,'Directa',159,2,'2017-06-01 07:59:10','2017-06-01 07:59:10'),(634,'Representativa',159,2,'2017-06-01 07:59:10','2017-06-01 07:59:10'),(635,'Analítica',159,2,'2017-06-01 07:59:10','2017-06-01 07:59:10'),(636,'Emotiva',159,1,'2017-06-01 07:59:10','2017-06-01 07:59:10'),(637,'La representación icónica',160,2,'2017-06-01 08:00:49','2017-06-01 08:00:49'),(638,'El lenguaje de las imágenes ',160,2,'2017-06-01 08:00:49','2017-06-01 08:00:49'),(639,'La escritura azteca',160,1,'2017-06-01 08:00:49','2017-06-01 08:00:49'),(640,'Los medios de comunicación',160,2,'2017-06-01 08:00:49','2017-06-01 08:00:49'),(641,'Familiares ',161,2,'2017-06-01 08:21:21','2017-06-01 08:21:21'),(642,'Culturales y Turísticos',161,2,'2017-06-01 08:21:21','2017-06-01 08:21:21'),(643,'Comerciales ',161,2,'2017-06-01 08:21:22','2017-06-01 08:21:22'),(644,'Todas las anteriores ',161,1,'2017-06-01 08:21:22','2017-06-01 08:21:22'),(645,'Por su semejanza al mundo real',162,1,'2017-06-01 08:22:33','2017-06-01 08:22:33'),(646,'Por su interés',162,2,'2017-06-01 08:22:33','2017-06-01 08:22:33'),(647,'Por su forma de comunicar',162,2,'2017-06-01 08:22:33','2017-06-01 08:22:33'),(648,'Por la transmisión que hace ',162,2,'2017-06-01 08:22:33','2017-06-01 08:22:33'),(649,'Por experiencia directa',163,2,'2017-06-01 08:23:47','2017-06-01 08:23:47'),(650,'Por sistemas simbólicos',163,1,'2017-06-01 08:23:47','2017-06-01 08:23:47'),(651,'Teoría ',163,2,'2017-06-01 08:23:47','2017-06-01 08:23:47'),(652,'Practica',163,2,'2017-06-01 08:23:47','2017-06-01 08:23:47'),(653,'Una formación que nos capacite para aprovechar e interpretar la imagen fija y las imágenes en movimiento  ',164,1,'2017-06-01 08:25:04','2017-06-01 08:25:04'),(654,'Un factor de aprendizaje intensivo sobre la estructura de la imagen y sus sistemas de signos',164,2,'2017-06-01 08:25:04','2017-06-01 08:25:04'),(655,'Complejo y fascinante universo de la imagen ',164,2,'2017-06-01 08:25:04','2017-06-01 08:25:04'),(656,'Educación para todos',164,2,'2017-06-01 08:25:04','2017-06-01 08:25:04'),(657,'Pintura',165,1,'2017-06-01 20:20:42','2017-06-01 20:20:42'),(658,'Cuadro',165,2,'2017-06-01 20:20:42','2017-06-01 20:20:42'),(659,'Imagen fotografía',165,2,'2017-06-01 20:20:42','2017-06-01 20:20:42'),(660,'Plano',165,2,'2017-06-01 20:20:42','2017-06-01 20:20:42'),(661,'Cuadros específicos',166,2,'2017-06-01 20:22:52','2017-06-01 20:22:52'),(662,'Educación visual',166,1,'2017-06-01 20:22:52','2017-06-01 20:22:52'),(663,'Trazos de pintura',166,2,'2017-06-01 20:22:52','2017-06-01 20:22:52'),(664,'Educación sonora ',166,2,'2017-06-01 20:22:52','2017-06-01 20:22:52'),(665,'Fotografía',167,2,'2017-06-01 20:27:36','2017-06-01 20:27:36'),(666,'Imagen',167,2,'2017-06-01 20:27:36','2017-06-01 20:27:36'),(667,'Plano',167,2,'2017-06-01 20:27:36','2017-06-01 20:27:36'),(668,'Formato',167,1,'2017-06-01 20:27:36','2017-06-01 20:27:36'),(669,'Forma',168,1,'2017-06-01 20:31:06','2017-06-01 20:31:06'),(670,'Tamaño',168,1,'2017-06-01 20:31:06','2017-06-01 20:31:06'),(671,'Proporción',168,1,'2017-06-01 20:31:06','2017-06-01 20:31:06'),(672,'Medidas del formato',168,2,'2017-06-01 20:31:06','2017-06-01 20:31:06'),(673,'Sentido del equilibrio',169,2,'2017-06-01 20:37:17','2017-06-01 20:37:17'),(674,'Líneas de tensión ',169,2,'2017-06-01 20:37:17','2017-06-01 20:37:17'),(675,'Sección áurea',169,1,'2017-06-01 20:37:17','2017-06-01 20:37:17'),(676,'Estabilidad ',169,2,'2017-06-01 20:37:17','2017-06-01 20:37:17'),(677,'Serie de Fibonacci',170,1,'2017-06-01 20:39:35','2017-06-01 20:39:35'),(678,'Serie de Foon',170,2,'2017-06-01 20:39:35','2017-06-01 20:39:35'),(679,'Serie de Huart dart',170,2,'2017-06-01 20:39:35','2017-06-01 20:39:35'),(680,'Serie de Sección ',170,2,'2017-06-01 20:39:35','2017-06-01 20:39:35'),(681,'Conocimientos adquiridos',171,2,'2017-06-01 20:42:26','2017-06-01 20:42:26'),(682,'Educación religiosa',171,2,'2017-06-01 20:42:26','2017-06-01 20:42:26'),(683,'Sentido de equilibrio',171,1,'2017-06-01 20:42:26','2017-06-01 20:42:26'),(684,'Intuición',171,2,'2017-06-01 20:42:26','2017-06-01 20:42:26'),(685,'Pintura de retrato',172,1,'2017-06-01 20:47:19','2017-06-01 20:47:19'),(686,'Pintura de lienzo',172,2,'2017-06-01 20:47:19','2017-06-01 20:47:19'),(687,'Pintura de trazos',172,2,'2017-06-01 20:47:19','2017-06-01 20:47:19'),(688,'Pinturas rupestres',172,2,'2017-06-01 20:47:19','2017-06-01 20:47:19'),(689,'Líneas dobles',173,2,'2017-06-01 20:54:34','2017-06-01 20:54:34'),(690,'Líneas curvas',173,2,'2017-06-01 20:54:35','2017-06-01 20:54:35'),(691,'Líneas simétricas',173,2,'2017-06-01 20:54:35','2017-06-01 20:54:35'),(692,'Líneas de tensión ',173,1,'2017-06-01 20:54:35','2017-06-01 20:54:35'),(693,'Peso muerto',174,2,'2017-06-01 22:03:43','2017-06-01 22:03:43'),(694,'Contrapeso',174,1,'2017-06-01 22:03:43','2017-06-01 22:03:43'),(695,'Fuerza',174,2,'2017-06-01 22:03:43','2017-06-01 22:03:43'),(696,'Líneas de tensión',174,2,'2017-06-01 22:03:43','2017-06-01 22:03:43'),(697,'Curvas',175,2,'2017-06-01 22:04:58','2017-06-01 22:04:58'),(698,'Líneas',175,1,'2017-06-01 22:04:58','2017-06-01 22:04:58'),(699,'Imágenes',175,2,'2017-06-01 22:04:58','2017-06-01 22:04:58'),(700,'Figuras',175,2,'2017-06-01 22:04:58','2017-06-01 22:04:58'),(701,'Líneas de tensión',176,2,'2017-06-01 22:06:22','2017-06-01 22:06:22'),(702,'Puntos',176,2,'2017-06-01 22:06:22','2017-06-01 22:06:22'),(703,'Nudos',176,1,'2017-06-01 22:06:22','2017-06-01 22:06:22'),(704,'Simetría',176,2,'2017-06-01 22:06:22','2017-06-01 22:06:22'),(705,'Simetría ',177,1,'2017-06-01 22:07:45','2017-06-01 22:07:45'),(706,'Líneas expresivas',177,2,'2017-06-01 22:07:46','2017-06-01 22:07:46'),(707,'Nudos',177,2,'2017-06-01 22:07:46','2017-06-01 22:07:46'),(708,'Contrapeso',177,2,'2017-06-01 22:07:46','2017-06-01 22:07:46'),(709,'Colateral',178,2,'2017-06-01 22:08:48','2017-06-01 22:08:48'),(710,'Bilateral ',178,1,'2017-06-01 22:08:48','2017-06-01 22:08:48'),(711,'Simétrica',178,2,'2017-06-01 22:08:48','2017-06-01 22:08:48'),(712,'Doble',178,2,'2017-06-01 22:08:48','2017-06-01 22:08:48'),(713,'Nudos',179,2,'2017-06-01 22:09:47','2017-06-01 22:09:47'),(714,'Líneas',179,2,'2017-06-01 22:09:47','2017-06-01 22:09:47'),(715,'Simetría',179,2,'2017-06-01 22:09:47','2017-06-01 22:09:47'),(716,'Ritmo',179,1,'2017-06-01 22:09:47','2017-06-01 22:09:47'),(717,'La pintura ',180,1,'2017-06-01 22:14:51','2017-06-01 22:14:51'),(718,'El arte',180,2,'2017-06-01 22:14:51','2017-06-01 22:14:51'),(719,'La música',180,2,'2017-06-01 22:14:52','2017-06-01 22:14:52'),(720,'Las obras de teatro',180,2,'2017-06-01 22:14:52','2017-06-01 22:14:52'),(721,'Diversidad ',181,2,'2017-06-01 22:16:18','2017-06-01 22:16:18'),(722,'Ilustración ',181,2,'2017-06-01 22:16:19','2017-06-01 22:16:19'),(723,'Actividad cerebral',181,2,'2017-06-01 22:16:19','2017-06-01 22:16:19'),(724,'Composición',181,1,'2017-06-01 22:16:19','2017-06-01 22:16:19'),(725,'La revisión',182,2,'2017-06-01 22:18:06','2017-06-01 22:18:06'),(726,'El significado de la obra',182,2,'2017-06-01 22:18:06','2017-06-01 22:18:06'),(727,'La formación de los pintores',182,2,'2017-06-01 22:18:06','2017-06-01 22:18:06'),(728,'El aprendizaje de una lengua',182,1,'2017-06-01 22:18:06','2017-06-01 22:18:06'),(729,'La percepción',183,2,'2017-06-01 22:19:14','2017-06-01 22:19:14'),(730,'El aprendizaje de una lengua',183,2,'2017-06-01 22:19:14','2017-06-01 22:19:14'),(731,'El lenguaje de una imagen',183,2,'2017-06-01 22:19:14','2017-06-01 22:19:14'),(732,'La educación visual',183,1,'2017-06-01 22:19:14','2017-06-01 22:19:14'),(733,'La ilustración',184,2,'2017-06-01 22:29:03','2017-06-01 22:29:03'),(734,'La percepción',184,2,'2017-06-01 22:29:03','2017-06-01 22:29:03'),(735,'La comunicación',184,2,'2017-06-01 22:29:03','2017-06-01 22:29:03'),(736,'La composición',184,1,'2017-06-01 22:29:03','2017-06-01 22:29:03'),(737,'La visión y división',185,2,'2017-06-01 22:31:46','2017-06-01 22:31:46'),(738,'Superior e inferior',185,1,'2017-06-01 22:31:46','2017-06-01 22:31:46'),(739,'Convicción y reflexión',185,2,'2017-06-01 22:31:46','2017-06-01 22:31:46'),(740,'Estratégicos y didácticos',185,2,'2017-06-01 22:31:46','2017-06-01 22:31:46'),(741,'Distribución',186,2,'2017-06-01 22:32:48','2017-06-01 22:32:48'),(742,'Composición',186,2,'2017-06-01 22:32:48','2017-06-01 22:32:48'),(743,'Artes plásticas',186,1,'2017-06-01 22:32:49','2017-06-01 22:32:49'),(744,'Culturas mesoamericanas ',186,2,'2017-06-01 22:32:49','2017-06-01 22:32:49'),(745,'Relación de oro o sección áurea ',187,1,'2017-06-01 22:33:53','2017-06-01 22:33:53'),(746,'Fragilidad del personaje ',187,2,'2017-06-01 22:33:53','2017-06-01 22:33:53'),(747,'Sensación de equilibrio ',187,2,'2017-06-01 22:33:53','2017-06-01 22:33:53'),(748,'Fundamentos de una imagen',187,2,'2017-06-01 22:33:53','2017-06-01 22:33:53'),(749,'De acuerdo a un plan iconográfico ',188,1,'2017-06-01 22:35:04','2017-06-01 22:35:04'),(750,'De acuerdo al orden en la naturaleza',188,2,'2017-06-01 22:35:04','2017-06-01 22:35:04'),(751,'De acuerdo a su proporción',188,2,'2017-06-01 22:35:04','2017-06-01 22:35:04'),(752,'De acuerdo a la explicación',188,2,'2017-06-01 22:35:04','2017-06-01 22:35:04'),(753,'Sucesión analítica',189,2,'2017-06-01 22:37:16','2017-06-01 22:37:16'),(754,'Sucesión matemática determinada',189,1,'2017-06-01 22:37:17','2017-06-01 22:37:17'),(755,'Sucesión física',189,2,'2017-06-01 22:37:17','2017-06-01 22:37:17'),(756,'Sucesión histórica',189,2,'2017-06-01 22:37:17','2017-06-01 22:37:17'),(757,'Su educación visual',190,2,'2017-06-01 22:38:28','2017-06-01 22:38:28'),(758,'Su postura erguida',190,1,'2017-06-01 22:38:28','2017-06-01 22:38:28'),(759,'Su visión ',190,2,'2017-06-01 22:38:29','2017-06-01 22:38:29'),(760,'Su misterio',190,2,'2017-06-01 22:38:29','2017-06-01 22:38:29'),(761,'A la tendencia horizontal del entorno',191,1,'2017-06-01 22:39:31','2017-06-01 22:39:31'),(762,'Al centro de gravedad ',191,2,'2017-06-01 22:39:32','2017-06-01 22:39:32'),(763,'A la composición',191,2,'2017-06-01 22:39:32','2017-06-01 22:39:32'),(764,'A su evolución',191,2,'2017-06-01 22:39:32','2017-06-01 22:39:32'),(765,'Por una ilustración',192,2,'2017-06-01 22:40:42','2017-06-01 22:40:42'),(766,'Por su estabilidad',192,2,'2017-06-01 22:40:42','2017-06-01 22:40:42'),(767,'Por un triangulo',192,1,'2017-06-01 22:40:43','2017-06-01 22:40:43'),(768,'Por su distribución',192,2,'2017-06-01 22:40:43','2017-06-01 22:40:43'),(769,'Como un recurso expresivo',193,1,'2017-06-01 22:41:56','2017-06-01 22:41:56'),(770,'Para educar de manera visual',193,2,'2017-06-01 22:41:56','2017-06-01 22:41:56'),(771,'Para tener una división',193,2,'2017-06-01 22:41:56','2017-06-01 22:41:56'),(772,'Para tener una representación icónica ',193,2,'2017-06-01 22:41:56','2017-06-01 22:41:56'),(773,'Formato ',194,1,'2017-06-01 22:43:51','2017-06-01 22:43:51'),(774,'Espacio ',194,2,'2017-06-01 22:43:52','2017-06-01 22:43:52'),(775,'Ritmo',194,2,'2017-06-01 22:43:52','2017-06-01 22:43:52'),(776,'Simetría',194,2,'2017-06-01 22:43:52','2017-06-01 22:43:52'),(777,'Brea de colofonia ',195,1,'2017-06-01 22:55:19','2017-06-01 22:55:19'),(778,'Plástico',195,2,'2017-06-01 22:55:19','2017-06-01 22:55:19'),(779,'Vidrio',195,2,'2017-06-01 22:55:19','2017-06-01 22:55:19'),(780,'Brea de Niepce',195,2,'2017-06-01 22:55:19','2017-06-01 22:55:19'),(781,'1760',196,2,'2017-06-01 22:56:27','2017-06-01 22:56:27'),(782,'1880',196,2,'2017-06-01 22:56:27','2017-06-01 22:56:27'),(783,'1826',196,1,'2017-06-01 22:56:27','2017-06-01 22:56:27'),(784,'1870',196,2,'2017-06-01 22:56:27','2017-06-01 22:56:27'),(785,'Fotografía',197,2,'2017-06-01 23:11:26','2017-06-01 23:11:26'),(786,'Imagen ',197,1,'2017-06-01 23:11:26','2017-06-01 23:11:26'),(787,'Pintura',197,2,'2017-06-01 23:11:26','2017-06-01 23:11:26'),(788,'Plano',197,2,'2017-06-01 23:11:26','2017-06-01 23:11:26'),(789,'Imagen fotográfica ',198,1,'2017-06-01 23:12:38','2017-06-01 23:12:38'),(790,'Pintura',198,2,'2017-06-01 23:12:38','2017-06-01 23:12:38'),(791,'Imagen escénica',198,2,'2017-06-01 23:12:38','2017-06-01 23:12:38'),(792,'Fotografía',198,2,'2017-06-01 23:12:38','2017-06-01 23:12:38'),(793,'Análisis objetivo',199,1,'2017-06-01 23:13:51','2017-06-01 23:13:51'),(794,'Análisis subjetivo ',199,1,'2017-06-01 23:13:51','2017-06-01 23:13:51'),(795,'Análisis realista',199,2,'2017-06-01 23:13:51','2017-06-01 23:13:51'),(796,'Análisis profundo',199,2,'2017-06-01 23:13:51','2017-06-01 23:13:51'),(797,'Planos generales',200,1,'2017-06-01 23:14:59','2017-06-01 23:14:59'),(798,'Planos medios',200,1,'2017-06-01 23:14:59','2017-06-01 23:14:59'),(799,'Primeros planos',200,1,'2017-06-01 23:14:59','2017-06-01 23:14:59'),(800,'Encuadre general',200,2,'2017-06-01 23:14:59','2017-06-01 23:14:59'),(801,'Plano seleccionado',201,2,'2017-06-01 23:16:09','2017-06-01 23:16:09'),(802,'Plano general',201,1,'2017-06-01 23:16:09','2017-06-01 23:16:09'),(803,'Plano medio',201,2,'2017-06-01 23:16:09','2017-06-01 23:16:09'),(804,'Primeros planos',201,2,'2017-06-01 23:16:09','2017-06-01 23:16:09'),(805,'Cuando es borrosa',202,2,'2017-06-01 23:19:02','2017-06-01 23:19:02'),(806,'Cuando no expresa nada ',202,2,'2017-06-01 23:19:02','2017-06-01 23:19:02'),(807,'Cuando no representa a la realidad',202,2,'2017-06-01 23:19:02','2017-06-01 23:19:02'),(808,'Cuando representa tal cual la realidad',202,1,'2017-06-01 23:19:02','2017-06-01 23:19:02'),(809,'Cuando es una imagen sin significados',203,2,'2017-06-01 23:35:44','2017-06-01 23:35:44'),(810,'Cuando representa tal cual realidad',203,2,'2017-06-01 23:35:44','2017-06-01 23:35:44'),(811,'Cuando es una imagen con muchos significados posibles',203,1,'2017-06-01 23:35:44','2017-06-01 23:35:44'),(812,'Cuando es una imagen con pocos significados posibles',203,2,'2017-06-01 23:35:44','2017-06-01 23:35:44'),(813,'El estudio personalizado',204,2,'2017-06-01 23:36:54','2017-06-01 23:36:54'),(814,'El análisis subjetivo',204,1,'2017-06-01 23:36:54','2017-06-01 23:36:54'),(815,'El diagnostico ',204,2,'2017-06-01 23:36:54','2017-06-01 23:36:54'),(816,'El auto comprensión',204,2,'2017-06-01 23:36:54','2017-06-01 23:36:54'),(817,'Louis Jacques Mandé Daguerre',205,2,'2017-06-01 23:38:47','2017-06-01 23:38:47'),(818,'Nicéforo Niepce ',205,1,'2017-06-01 23:38:48','2017-06-01 23:38:48'),(819,'Johann-Henrich Schulze ',205,2,'2017-06-01 23:38:48','2017-06-01 23:38:48'),(820,'Josef-Max Petzval ',205,2,'2017-06-01 23:38:48','2017-06-01 23:38:48'),(821,'John Herschel',206,1,'2017-06-01 23:41:05','2017-06-01 23:41:05'),(822,'Louis Jacques Mandé Daguerre ',206,2,'2017-06-01 23:41:05','2017-06-01 23:41:05'),(823,'Johann-Henrich Schulze',206,2,'2017-06-01 23:41:05','2017-06-01 23:41:05'),(824,'Josef-Max Petzval ',206,2,'2017-06-01 23:41:05','2017-06-01 23:41:05'),(825,'Sulfato',207,2,'2017-06-01 23:42:22','2017-06-01 23:42:22'),(826,'Fosfato',207,2,'2017-06-01 23:42:22','2017-06-01 23:42:22'),(827,'Yodo',207,1,'2017-06-01 23:42:22','2017-06-01 23:42:22'),(828,'Vidrio',207,2,'2017-06-01 23:42:22','2017-06-01 23:42:22'),(829,'Hypolite Bayard ',208,2,'2017-06-01 23:43:29','2017-06-01 23:43:29'),(830,'Josef-Max Petzval ',208,2,'2017-06-01 23:43:30','2017-06-01 23:43:30'),(831,'Henry Fox Talbot',208,1,'2017-06-01 23:43:30','2017-06-01 23:43:30'),(832,'Louis Jacques Mandé Daguerre ',208,2,'2017-06-01 23:43:30','2017-06-01 23:43:30'),(833,'Henry Fox Talbot ',209,2,'2017-06-01 23:45:15','2017-06-01 23:45:15'),(834,'Josef-Max Petzval',209,1,'2017-06-01 23:45:15','2017-06-01 23:45:15'),(835,'Hypolite Bayard',209,2,'2017-06-01 23:45:15','2017-06-01 23:45:15'),(836,'Louis Jacques Mandé Daguerre ',209,2,'2017-06-01 23:45:16','2017-06-01 23:45:16'),(837,'Hypolite Bayard ',210,1,'2017-06-01 23:46:34','2017-06-01 23:46:34'),(838,'Henry Fox Talbot',210,2,'2017-06-01 23:46:34','2017-06-01 23:46:34'),(839,'Louis Jacques Mandé Daguerre ',210,2,'2017-06-01 23:46:34','2017-06-01 23:46:34'),(840,'Josef-Max Petzval',210,2,'2017-06-01 23:46:34','2017-06-01 23:46:34'),(841,'Plástico ',211,1,'2017-06-01 23:47:56','2017-06-01 23:47:56'),(842,'Cristal ',211,2,'2017-06-01 23:47:56','2017-06-01 23:47:56'),(843,'Vidrio',211,2,'2017-06-01 23:47:56','2017-06-01 23:47:56'),(844,'Yodo',211,2,'2017-06-01 23:47:56','2017-06-01 23:47:56'),(845,'Enfoque',212,2,'2017-06-01 23:49:00','2017-06-01 23:49:00'),(846,'Fusión',212,2,'2017-06-01 23:49:00','2017-06-01 23:49:00'),(847,'Encuadre ',212,1,'2017-06-01 23:49:00','2017-06-01 23:49:00'),(848,'Distancia',212,2,'2017-06-01 23:49:00','2017-06-01 23:49:00'),(849,'Toma diagonal de derecha a izquierda ',213,2,'2017-06-01 23:50:36','2017-06-01 23:50:36'),(850,'Sin angulación alguna',213,1,'2017-06-01 23:50:37','2017-06-01 23:50:37'),(851,'Toma del sujeto de arriba abajo',213,2,'2017-06-01 23:50:37','2017-06-01 23:50:37'),(852,'Toma de los sujetos abajo ',213,2,'2017-06-01 23:50:37','2017-06-01 23:50:37'),(853,'Toma del sujeto de abajo arriba',214,1,'2017-06-01 23:51:44','2017-06-01 23:51:44'),(854,'Toma diagonal de izquierda a derecha',214,2,'2017-06-01 23:51:44','2017-06-01 23:51:44'),(855,'Toma sin angulación alguna',214,2,'2017-06-01 23:51:44','2017-06-01 23:51:44'),(856,'Toma sin angulo',214,2,'2017-06-01 23:51:44','2017-06-01 23:51:44'),(857,'De formar circular de izquierda ',215,2,'2017-06-01 23:52:57','2017-06-01 23:52:57'),(858,'De forma triangular e arriba a abajo',215,2,'2017-06-01 23:52:57','2017-06-01 23:52:57'),(859,'De forma circular de derecha a Izquierda',215,2,'2017-06-01 23:52:57','2017-06-01 23:52:57'),(860,'De formar circular de izquierda a derecha',215,1,'2017-06-01 23:52:57','2017-06-01 23:52:57'),(861,'Janssen ',216,1,'2017-06-01 23:54:09','2017-06-01 23:54:09'),(862,'Jhon J. ',216,2,'2017-06-01 23:54:09','2017-06-01 23:54:09'),(863,'Fhelpe M.',216,2,'2017-06-01 23:54:09','2017-06-01 23:54:09'),(864,'Hypolite Bayard ',216,2,'2017-06-01 23:54:09','2017-06-01 23:54:09'),(865,'Eastman Kodak ',217,1,'2017-06-01 23:55:22','2017-06-01 23:55:22'),(866,'Kingston',217,2,'2017-06-01 23:55:22','2017-06-01 23:55:22'),(867,'Toyota ',217,2,'2017-06-01 23:55:22','2017-06-01 23:55:22'),(868,'Samsung',217,2,'2017-06-01 23:55:22','2017-06-01 23:55:22'),(869,'Las imágenes fijas y el video',218,2,'2017-06-01 23:56:36','2017-06-01 23:56:36'),(870,'Las imágenes fijas o en movimiento',218,1,'2017-06-01 23:56:36','2017-06-01 23:56:36'),(871,'Las imágenes',218,2,'2017-06-01 23:56:37','2017-06-01 23:56:37'),(872,'Las imágenes repetidas o en movimiento ',218,2,'2017-06-01 23:56:37','2017-06-01 23:56:37'),(873,'Toma frontal, angulación lateral izquierda, angulación lateral derecha, ángulo en picada, ángulo en contrapicada',219,1,'2017-06-01 23:57:57','2017-06-01 23:57:57'),(874,'Toma panorámica',219,2,'2017-06-01 23:57:57','2017-06-01 23:57:57'),(875,'Toma general ',219,2,'2017-06-01 23:57:57','2017-06-01 23:57:57'),(876,'Toma de análisis subjetivo',219,2,'2017-06-01 23:57:57','2017-06-01 23:57:57'),(877,'Publicidad',220,1,'2017-06-01 23:59:28','2017-06-01 23:59:28'),(878,'Anuncios',220,2,'2017-06-01 23:59:28','2017-06-01 23:59:28'),(879,'Propaganda',220,2,'2017-06-01 23:59:29','2017-06-01 23:59:29'),(880,'Comerciales',220,2,'2017-06-01 23:59:29','2017-06-01 23:59:29'),(881,'Compradores sociales',221,2,'2017-06-02 00:07:24','2017-06-02 00:07:24'),(882,'Compradores temperamentales',221,2,'2017-06-02 00:07:24','2017-06-02 00:07:24'),(883,'Compradores reales',221,1,'2017-06-02 00:07:24','2017-06-02 00:07:24'),(884,'Compradores potenciales',221,1,'2017-06-02 00:07:24','2017-06-02 00:07:24'),(885,'Rasgos individuales, sociales y económicos ',222,1,'2017-06-02 00:09:27','2017-06-02 00:09:27'),(886,'Rasgos culturales',222,2,'2017-06-02 00:09:27','2017-06-02 00:09:27'),(887,'Rasgos ecológicos',222,2,'2017-06-02 00:09:27','2017-06-02 00:09:27'),(888,'Rasgos educativos',222,2,'2017-06-02 00:09:27','2017-06-02 00:09:27'),(889,'Variables relacionadas con la economía',223,2,'2017-06-02 00:10:37','2017-06-02 00:10:37'),(890,'Variables relacionadas con la situación',223,1,'2017-06-02 00:10:37','2017-06-02 00:10:37'),(891,'Demanda del consumidor',223,2,'2017-06-02 00:10:38','2017-06-02 00:10:38'),(892,'Competencia de publicidad',223,2,'2017-06-02 00:10:38','2017-06-02 00:10:38'),(893,'Consumidores sibaritas',224,2,'2017-06-02 00:11:51','2017-06-02 00:11:51'),(894,'Consumidores selectivos',224,2,'2017-06-02 00:11:51','2017-06-02 00:11:51'),(895,'Consumidores reales ',224,2,'2017-06-02 00:11:51','2017-06-02 00:11:51'),(896,'Consumidores de subsistencia',224,1,'2017-06-02 00:11:51','2017-06-02 00:11:51'),(897,'Consumidores sibaritas',225,1,'2017-06-02 00:18:35','2017-06-02 00:18:35'),(898,'Consumidores selectivos',225,2,'2017-06-02 00:18:35','2017-06-02 00:18:35'),(899,'Consumidores reales',225,2,'2017-06-02 00:18:35','2017-06-02 00:18:35'),(900,'Consumidores de subsistencia',225,2,'2017-06-02 00:18:35','2017-06-02 00:18:35'),(901,'Consumidores reales ',226,2,'2017-06-02 00:20:31','2017-06-02 00:20:31'),(902,'Consumidores de subsistencia',226,2,'2017-06-02 00:20:32','2017-06-02 00:20:32'),(903,'Consumidores selectivos',226,1,'2017-06-02 00:20:32','2017-06-02 00:20:32'),(904,'Consumidores sibaritas',226,2,'2017-06-02 00:20:32','2017-06-02 00:20:32'),(905,'Compra improvisada',227,1,'2017-06-02 00:21:54','2017-06-02 00:21:54'),(906,'Compra imprevista',227,2,'2017-06-02 00:21:54','2017-06-02 00:21:54'),(907,'Compra demandaba',227,2,'2017-06-02 00:21:54','2017-06-02 00:21:54'),(908,'Compra predeterminada',227,2,'2017-06-02 00:21:54','2017-06-02 00:21:54'),(909,'Compra improvisada',228,2,'2017-06-02 01:47:13','2017-06-02 01:47:13'),(910,'Compra imprevista o de impulso',228,1,'2017-06-02 01:47:13','2017-06-02 01:47:13'),(911,'Compra predeterminada',228,2,'2017-06-02 01:47:13','2017-06-02 01:47:13'),(912,'Compra demandaba',228,2,'2017-06-02 01:47:13','2017-06-02 01:47:13'),(913,'Compra improvisada',229,2,'2017-06-02 01:56:03','2017-06-02 01:56:03'),(914,'Compra imprevista o de impulso',229,2,'2017-06-02 01:56:03','2017-06-02 01:56:03'),(915,'Compra predeterminada',229,1,'2017-06-02 01:56:03','2017-06-02 01:56:03'),(916,'Compra demandaba',229,2,'2017-06-02 01:56:03','2017-06-02 01:56:03'),(917,'Hombre masa',230,1,'2017-06-02 01:57:34','2017-06-02 01:57:34'),(918,'Persona real',230,2,'2017-06-02 01:57:35','2017-06-02 01:57:35'),(919,'Consumista',230,2,'2017-06-02 01:57:35','2017-06-02 01:57:35'),(920,'Comprador',230,2,'2017-06-02 01:57:35','2017-06-02 01:57:35'),(921,'Comerciales',231,2,'2017-06-02 01:58:56','2017-06-02 01:58:56'),(922,'Publicidad',231,1,'2017-06-02 01:58:56','2017-06-02 01:58:56'),(923,'Precios bajos',231,2,'2017-06-02 01:58:56','2017-06-02 01:58:56'),(924,'Ofertas',231,2,'2017-06-02 01:58:57','2017-06-02 01:58:57'),(925,'Inducen de manera abierta a la compra de todo tipo de productos de consumo',232,1,'2017-06-02 02:00:37','2017-06-02 02:00:37'),(926,'Llaman más la atención del comprador',232,2,'2017-06-02 02:00:37','2017-06-02 02:00:37'),(927,'Producen mayores ventas de los productos',232,2,'2017-06-02 02:00:37','2017-06-02 02:00:37'),(928,'Inducen de manera no abierta ',232,2,'2017-06-02 02:00:37','2017-06-02 02:00:37'),(929,'Consumismo',233,1,'2017-06-02 02:02:04','2017-06-02 02:02:04'),(930,'Compras ',233,2,'2017-06-02 02:02:04','2017-06-02 02:02:04'),(931,'Anuncios',233,2,'2017-06-02 02:02:04','2017-06-02 02:02:04'),(932,'Publicidad',233,2,'2017-06-02 02:02:05','2017-06-02 02:02:05'),(933,'Argumentos sociales',234,2,'2017-06-02 02:03:58','2017-06-02 02:03:58'),(934,'Rasgos sociales',234,2,'2017-06-02 02:03:59','2017-06-02 02:03:59'),(935,'Rasgos económicos',234,2,'2017-06-02 02:03:59','2017-06-02 02:03:59'),(936,'Vida cotidiana',234,1,'2017-06-02 02:03:59','2017-06-02 02:03:59'),(937,'Que está lleno de mentiras ',235,1,'2017-06-02 02:06:04','2017-06-02 02:06:04'),(938,'Que tiene mucha propaganda',235,2,'2017-06-02 02:06:04','2017-06-02 02:06:04'),(939,'Que contiene información incierta',235,2,'2017-06-02 02:06:04','2017-06-02 02:06:04'),(940,'Que dice cosas ciertas ',235,2,'2017-06-02 02:06:04','2017-06-02 02:06:04'),(941,'Repetición',236,2,'2017-06-02 02:07:28','2017-06-02 02:07:28'),(942,'Signo',236,1,'2017-06-02 02:07:28','2017-06-02 02:07:28'),(943,'Sema',236,2,'2017-06-02 02:07:28','2017-06-02 02:07:28'),(944,'Prosopopeya',236,2,'2017-06-02 02:07:28','2017-06-02 02:07:28'),(945,'Metáfora',237,1,'2017-06-02 02:09:07','2017-06-02 02:09:07'),(946,'Metonimia',237,1,'2017-06-02 02:09:07','2017-06-02 02:09:07'),(947,'Sinécdoque',237,1,'2017-06-02 02:09:07','2017-06-02 02:09:07'),(948,'Retoricas',237,2,'2017-06-02 02:09:07','2017-06-02 02:09:07'),(949,'Sema',238,1,'2017-06-02 02:12:38','2017-06-02 02:12:38'),(950,'Repetición',238,2,'2017-06-02 02:12:38','2017-06-02 02:12:38'),(951,'Signo',238,2,'2017-06-02 02:12:38','2017-06-02 02:12:38'),(952,'Prosopopeya',238,2,'2017-06-02 02:12:38','2017-06-02 02:12:38'),(953,'Sema',239,2,'2017-06-02 02:14:37','2017-06-02 02:14:37'),(954,'Repetición',239,1,'2017-06-02 02:14:38','2017-06-02 02:14:38'),(955,'Metáfora',239,2,'2017-06-02 02:14:38','2017-06-02 02:14:38'),(956,'Hipérbole ',239,2,'2017-06-02 02:14:38','2017-06-02 02:14:38'),(957,'Hipérbole',240,2,'2017-06-02 02:17:14','2017-06-02 02:17:14'),(958,'Metáfora',240,2,'2017-06-02 02:17:14','2017-06-02 02:17:14'),(959,'Sema',240,2,'2017-06-02 02:17:14','2017-06-02 02:17:14'),(960,'Prosopopeya',240,1,'2017-06-02 02:17:14','2017-06-02 02:17:14'),(961,'Figuras planas y firmes',241,2,'2017-06-02 02:18:35','2017-06-02 02:18:35'),(962,'Figuras representativas ',241,2,'2017-06-02 02:18:35','2017-06-02 02:18:35'),(963,'Figuras de inversión y elipsis',241,2,'2017-06-02 02:18:35','2017-06-02 02:18:35'),(964,'Antítesis, paradoja, inversión, litote, ironía y elipsis',241,1,'2017-06-02 02:18:35','2017-06-02 02:18:35'),(965,'Repetición',242,2,'2017-06-02 02:22:37','2017-06-02 02:22:37'),(966,'Hipérbole',242,2,'2017-06-02 02:22:37','2017-06-02 02:22:37'),(967,'Sema',242,2,'2017-06-02 02:22:37','2017-06-02 02:22:37'),(968,'Metáfora',242,1,'2017-06-02 02:22:37','2017-06-02 02:22:37'),(969,'Hipérbole',243,1,'2017-06-02 02:23:47','2017-06-02 02:23:47'),(970,'Sema',243,2,'2017-06-02 02:23:47','2017-06-02 02:23:47'),(971,'Repetición',243,2,'2017-06-02 02:23:47','2017-06-02 02:23:47'),(972,'Signo',243,2,'2017-06-02 02:23:47','2017-06-02 02:23:47'),(973,'El cine ',244,2,'2017-06-02 02:26:41','2017-06-02 02:26:41'),(974,'Las imágenes',244,2,'2017-06-02 02:26:41','2017-06-02 02:26:41'),(975,'Los comerciales ',244,1,'2017-06-02 02:26:41','2017-06-02 02:26:41'),(976,'El teatro',244,2,'2017-06-02 02:26:42','2017-06-02 02:26:42'),(977,'Lectura objetiva',245,2,'2017-06-02 02:28:35','2017-06-02 02:28:35'),(978,'Lectura implícita',245,2,'2017-06-02 02:28:35','2017-06-02 02:28:35'),(979,'Lectura subjetiva',245,1,'2017-06-02 02:28:35','2017-06-02 02:28:35'),(980,'Lectura reiterada',245,2,'2017-06-02 02:28:35','2017-06-02 02:28:35'),(981,'Objetivo',246,2,'2017-06-02 02:31:03','2017-06-02 02:31:03'),(982,'Estereotipado ',246,2,'2017-06-02 02:31:03','2017-06-02 02:31:03'),(983,'Subjetivo',246,2,'2017-06-02 02:31:03','2017-06-02 02:31:03'),(984,'Implícito',246,1,'2017-06-02 02:31:03','2017-06-02 02:31:03'),(985,'Estereotipos ',247,1,'2017-06-02 02:32:30','2017-06-02 02:32:30'),(986,'Imágenes',247,2,'2017-06-02 02:32:30','2017-06-02 02:32:30'),(987,'Opiniones',247,2,'2017-06-02 02:32:30','2017-06-02 02:32:30'),(988,'Realidades ',247,2,'2017-06-02 02:32:30','2017-06-02 02:32:30'),(989,'Los padres de familia',248,2,'2017-06-02 02:34:16','2017-06-02 02:34:16'),(990,'Cada individuo ',248,2,'2017-06-02 02:34:17','2017-06-02 02:34:17'),(991,'Los publicistas',248,2,'2017-06-02 02:34:17','2017-06-02 02:34:17'),(992,'Todas las personas ',248,1,'2017-06-02 02:34:17','2017-06-02 02:34:17'),(993,'Las fallas de la marca',249,2,'2017-06-02 02:39:47','2017-06-02 02:39:47'),(994,'Los defectos de los productos',249,1,'2017-06-02 02:39:47','2017-06-02 02:39:47'),(995,'La calidad del envase',249,2,'2017-06-02 02:39:47','2017-06-02 02:39:47'),(996,'La falta de color',249,2,'2017-06-02 02:39:47','2017-06-02 02:39:47'),(997,'La compra',250,1,'2017-06-02 02:41:09','2017-06-02 02:41:09'),(998,'El intercambio ',250,2,'2017-06-02 02:41:09','2017-06-02 02:41:09'),(999,'La venta',250,2,'2017-06-02 02:41:09','2017-06-02 02:41:09'),(1000,'La asimilación',250,2,'2017-06-02 02:41:10','2017-06-02 02:41:10'),(1001,'Imágenes visuales inconexas',251,1,'2017-06-02 03:26:30','2017-06-02 03:26:30'),(1002,'Sonidos sonoros ',251,2,'2017-06-02 03:26:30','2017-06-02 03:26:30'),(1003,'Rostros',251,2,'2017-06-02 03:26:30','2017-06-02 03:26:30'),(1004,'Información',251,2,'2017-06-02 03:26:30','2017-06-02 03:26:30'),(1005,'Imágenes sonoras ',252,1,'2017-06-02 03:32:46','2017-06-02 03:32:46'),(1006,'Rostros conocidos',252,2,'2017-06-02 03:32:46','2017-06-02 03:32:46'),(1007,'Voces sin imágenes',252,2,'2017-06-02 03:32:46','2017-06-02 03:32:46'),(1008,'Figuras dispersas',252,2,'2017-06-02 03:32:46','2017-06-02 03:32:46'),(1009,'Psicología, Arte, Sociología ',253,2,'2017-06-02 03:36:31','2017-06-02 03:36:31'),(1010,'Informática ',253,2,'2017-06-02 03:36:31','2017-06-02 03:36:31'),(1011,'Comunicación',253,2,'2017-06-02 03:36:31','2017-06-02 03:36:31'),(1012,'Todas las disciplinas mencionadas',253,1,'2017-06-02 03:36:31','2017-06-02 03:36:31'),(1013,'”Una imagen vale por mil palabras”',254,1,'2017-06-02 04:33:17','2017-06-02 04:33:17'),(1014,'“Quien bien te quiere te hará llorar”',254,2,'2017-06-02 04:33:17','2017-06-02 04:33:17'),(1015,'“Antes que te cases, mira lo que haces”',254,2,'2017-06-02 04:33:17','2017-06-02 04:33:17'),(1016,'“La palabra es plata y el silencio es oro”',254,2,'2017-06-02 04:33:17','2017-06-02 04:33:17'),(1017,'Para el adoctrinamiento religioso e ideológico de grandes masas de iletrados',255,1,'2017-06-02 04:59:11','2017-06-02 04:59:11'),(1018,'Para la literatura',255,2,'2017-06-02 04:59:11','2017-06-02 04:59:11'),(1019,'Para representar acontecimientos  relevantes de las épocas ',255,2,'2017-06-02 04:59:11','2017-06-02 04:59:11'),(1020,'Ninguna de las anteriores ',255,2,'2017-06-02 04:59:11','2017-06-02 04:59:11'),(1021,'Imagen publicitaria ',256,1,'2017-06-02 05:02:10','2017-06-02 05:02:10'),(1022,'Imagen propagandística',256,1,'2017-06-02 05:02:10','2017-06-02 05:02:10'),(1023,'Ciencias',256,2,'2017-06-02 05:02:10','2017-06-02 05:02:10'),(1024,'Nuevas tecnologías',256,2,'2017-06-02 05:02:10','2017-06-02 05:02:10'),(1025,'Por medio de la fotografía, el cine, las historietas y los carteles',257,1,'2017-06-02 05:03:28','2017-06-02 05:03:28'),(1026,'Por medio de pláticas religiosas',257,2,'2017-06-02 05:03:28','2017-06-02 05:03:28'),(1027,'Por medio de los anuncios ',257,2,'2017-06-02 05:03:28','2017-06-02 05:03:28'),(1028,'Por medio de la educación y la percepción',257,2,'2017-06-02 05:03:28','2017-06-02 05:03:28'),(1029,'Elementos presentes ',258,1,'2017-06-02 05:05:42','2017-06-02 05:05:42'),(1030,'Elementos ausentes',258,1,'2017-06-02 05:05:42','2017-06-02 05:05:42'),(1031,'Elementos constitutivos',258,2,'2017-06-02 05:05:42','2017-06-02 05:05:42'),(1032,'Elementos de grandeza',258,2,'2017-06-02 05:05:42','2017-06-02 05:05:42'),(1033,'Para fines educativos tiene que estar en los libros del aula',259,2,'2017-06-02 05:07:15','2017-06-02 05:07:15'),(1034,'El significado tiene que responder a lo que queremos suscitar en nuestro interlocutor',259,1,'2017-06-02 05:07:15','2017-06-02 05:07:15'),(1035,'La imagen tiene que ser llamativa para el interlocutor',259,2,'2017-06-02 05:07:15','2017-06-02 05:07:15'),(1036,'El significado tiene que ser directo y preciso',259,2,'2017-06-02 05:07:15','2017-06-02 05:07:15'),(1037,'Imágenes monosémicas',260,1,'2017-06-02 05:08:46','2017-06-02 05:08:46'),(1038,'Imágenes polisémicas',260,1,'2017-06-02 05:08:46','2017-06-02 05:08:46'),(1039,'Imágenes claras',260,2,'2017-06-02 05:08:46','2017-06-02 05:08:46'),(1040,'Imágenes precisas',260,2,'2017-06-02 05:08:46','2017-06-02 05:08:46'),(1041,'Contar con una descripción precisa de cada imagen',261,2,'2017-06-02 05:10:36','2017-06-02 05:10:36'),(1042,'Tener algún tipo de control sobre su significado',261,1,'2017-06-02 05:10:36','2017-06-02 05:10:36'),(1043,'Tener varias impresiones de la imagen',261,2,'2017-06-02 05:10:36','2017-06-02 05:10:36'),(1044,'Contar con algún manual de explicación',261,2,'2017-06-02 05:10:36','2017-06-02 05:10:36'),(1045,'De manera potencial',262,2,'2017-06-02 05:11:43','2017-06-02 05:11:43'),(1046,'De manera estética ',262,2,'2017-06-02 05:11:43','2017-06-02 05:11:43'),(1047,'De desarrollo cultural y social ',262,2,'2017-06-02 05:11:43','2017-06-02 05:11:43'),(1048,'De desarrollo cultural y social ',262,1,'2017-06-02 05:11:43','2017-06-02 05:11:43'),(1049,'La formación que necesitamos',263,2,'2017-06-02 05:14:26','2017-06-02 05:14:26'),(1050,'La imagen artística',263,2,'2017-06-02 05:14:26','2017-06-02 05:14:26'),(1051,'La vida del individuo',263,2,'2017-06-02 05:14:26','2017-06-02 05:14:26'),(1052,'Educarse para las imágenes',263,1,'2017-06-02 05:14:26','2017-06-02 05:14:26'),(1053,'Desarrollar la educación',264,2,'2017-06-02 05:15:52','2017-06-02 05:15:52'),(1054,'Práctica educativa',264,2,'2017-06-02 05:15:53','2017-06-02 05:15:53'),(1055,'Producir arte',264,2,'2017-06-02 05:15:53','2017-06-02 05:15:53'),(1056,'Educar para la imagen',264,1,'2017-06-02 05:15:53','2017-06-02 05:15:53'),(1057,'Para educar de manera visual',265,2,'2017-06-02 05:17:57','2017-06-02 05:17:57'),(1058,'El enriquecimiento de la experiencia educativa',265,1,'2017-06-02 05:17:57','2017-06-02 05:17:57'),(1059,'El enriquecimiento de la experiencia del arte',265,2,'2017-06-02 05:17:57','2017-06-02 05:17:57'),(1060,'La comunicación entre varias naciones ',265,2,'2017-06-02 05:17:57','2017-06-02 05:17:57'),(1061,'Imágenes sonoras ',266,2,'2017-06-02 05:19:52','2017-06-02 05:19:52'),(1062,'Imágenes poéticas',266,2,'2017-06-02 05:19:52','2017-06-02 05:19:52'),(1063,'Imágenes auditivas',266,1,'2017-06-02 05:19:52','2017-06-02 05:19:52'),(1064,'Imágenes artísticas',266,2,'2017-06-02 05:19:52','2017-06-02 05:19:52'),(1065,'Analítica',267,1,'2017-06-02 05:20:53','2017-06-02 05:20:53'),(1066,'Expresiva',267,2,'2017-06-02 05:20:53','2017-06-02 05:20:53'),(1067,'Sonora',267,2,'2017-06-02 05:20:54','2017-06-02 05:20:54'),(1068,'Visual',267,2,'2017-06-02 05:20:54','2017-06-02 05:20:54'),(1069,'La empatía y la identificación y se convierten en reflejo de nuestras emociones',268,1,'2017-06-02 05:22:41','2017-06-02 05:22:41'),(1070,'La meditación de las imágenes ',268,2,'2017-06-02 05:22:42','2017-06-02 05:22:42'),(1071,'La convicción de lo real',268,2,'2017-06-02 05:22:42','2017-06-02 05:22:42'),(1072,'El presente de las cosas ',268,2,'2017-06-02 05:22:42','2017-06-02 05:22:42'),(1073,'Empatía e identificación',269,2,'2017-06-02 05:24:31','2017-06-02 05:24:31'),(1074,'Capacidad para esquematizar',269,1,'2017-06-02 05:24:31','2017-06-02 05:24:31'),(1075,'La construcción',269,2,'2017-06-02 05:24:31','2017-06-02 05:24:31'),(1076,'Nuestras emociones',269,2,'2017-06-02 05:24:31','2017-06-02 05:24:31'),(1077,'Consiste en la construcción del discurso educativo en la imagen ',270,1,'2017-06-02 05:25:46','2017-06-02 05:25:46'),(1078,'Consiste en establecer las reglas del salón de clases',270,2,'2017-06-02 05:25:46','2017-06-02 05:25:46'),(1079,'Consiste en la construcción del discurso educativo de los sonidos',270,2,'2017-06-02 05:25:47','2017-06-02 05:25:47'),(1080,'Consiste en entender a los alumnos',270,2,'2017-06-02 05:25:47','2017-06-02 05:25:47'),(1081,'Imagen visual',271,2,'2017-06-02 05:26:58','2017-06-02 05:26:58'),(1082,'Imagen reflexiva',271,2,'2017-06-02 05:26:58','2017-06-02 05:26:58'),(1083,'Imagen sintética',271,1,'2017-06-02 05:26:58','2017-06-02 05:26:58'),(1084,'Imagen inconexa',271,2,'2017-06-02 05:26:58','2017-06-02 05:26:58'),(1085,'Composición fuera de la imagen',272,2,'2017-06-02 05:28:44','2017-06-02 05:28:44'),(1086,'Composición dentro de un cuadro ',272,2,'2017-06-02 05:28:44','2017-06-02 05:28:44'),(1087,'Composición de la imagen',272,2,'2017-06-02 05:28:44','2017-06-02 05:28:44'),(1088,'Composición dentro de una imagen',272,1,'2017-06-02 05:28:44','2017-06-02 05:28:44'),(1089,'El universo sonoro ',273,2,'2017-06-02 05:30:35','2017-06-02 05:30:35'),(1090,'La naturaleza',273,2,'2017-06-02 05:30:35','2017-06-02 05:30:35'),(1091,'La grandeza y su perdición',273,1,'2017-06-02 05:30:35','2017-06-02 05:30:35'),(1092,'La vida',273,2,'2017-06-02 05:30:35','2017-06-02 05:30:35'),(1093,'Las imágenes',274,1,'2017-06-02 05:32:03','2017-06-02 05:32:03'),(1094,'El aula',274,2,'2017-06-02 05:32:03','2017-06-02 05:32:03'),(1095,'Los textos',274,2,'2017-06-02 05:32:03','2017-06-02 05:32:03'),(1096,'Los colores',274,2,'2017-06-02 05:32:03','2017-06-02 05:32:03'),(1097,'La percepción ',275,2,'2017-06-02 05:33:47','2017-06-02 05:33:47'),(1098,'La educación',275,2,'2017-06-02 05:33:47','2017-06-02 05:33:47'),(1099,'El cine',275,2,'2017-06-02 05:33:47','2017-06-02 05:33:47'),(1100,'La imagen ',275,1,'2017-06-02 05:33:47','2017-06-02 05:33:47'),(1101,'Colores',276,2,'2017-06-02 05:36:29','2017-06-02 05:36:29'),(1102,'Los límites del marco de la imagen ',276,1,'2017-06-02 05:36:29','2017-06-02 05:36:29'),(1103,'Arte ',276,2,'2017-06-02 05:36:29','2017-06-02 05:36:29'),(1104,'Misterios de la vida',276,2,'2017-06-02 05:36:29','2017-06-02 05:36:29'),(1105,'Por el desarrollo cultural ',277,2,'2017-06-02 05:38:26','2017-06-02 05:38:26'),(1106,'Por su potencia',277,2,'2017-06-02 05:38:26','2017-06-02 05:38:26'),(1107,'Por su significado único y de varias posibilidades de significado',277,1,'2017-06-02 05:38:26','2017-06-02 05:38:26'),(1108,'Por su punto de vista educativo',277,2,'2017-06-02 05:38:26','2017-06-02 05:38:26'),(1109,'Nuestro idioma',278,2,'2017-06-02 05:39:20','2017-06-02 05:39:20'),(1110,'La lectura de la imagen',278,2,'2017-06-02 05:39:20','2017-06-02 05:39:20'),(1111,'Imagen poética o artística',278,1,'2017-06-02 05:39:20','2017-06-02 05:39:20'),(1112,'La formación',278,2,'2017-06-02 05:39:20','2017-06-02 05:39:20'),(1113,'Pragmática',279,1,'2017-06-02 05:45:50','2017-06-02 05:45:50'),(1114,'Cultural',279,2,'2017-06-02 05:45:50','2017-06-02 05:45:50'),(1115,'Optima',279,2,'2017-06-02 05:45:50','2017-06-02 05:45:50'),(1116,'Dinámica',279,2,'2017-06-02 05:45:51','2017-06-02 05:45:51'),(1117,'Educar para la imagen',280,2,'2017-06-02 05:47:11','2017-06-02 05:47:11'),(1118,'Asociar imágenes',280,2,'2017-06-02 05:47:11','2017-06-02 05:47:11'),(1119,'Cosas imaginarias',280,2,'2017-06-02 05:47:11','2017-06-02 05:47:11'),(1120,'Estratégicos y didácticos',280,1,'2017-06-02 05:47:11','2017-06-02 05:47:11'),(1121,'El arte',281,2,'2017-06-02 05:48:08','2017-06-02 05:48:08'),(1122,'La interpretación',281,2,'2017-06-02 05:48:08','2017-06-02 05:48:08'),(1123,'La convicción y la reflexión',281,1,'2017-06-02 05:48:09','2017-06-02 05:48:09'),(1124,'La creatividad',281,2,'2017-06-02 05:48:09','2017-06-02 05:48:09'),(1125,'Creaciones humanas',282,1,'2017-06-02 05:49:25','2017-06-02 05:49:25'),(1126,'Códigos y símbolos',282,2,'2017-06-02 05:49:25','2017-06-02 05:49:25'),(1127,'Cultura',282,2,'2017-06-02 05:49:25','2017-06-02 05:49:25'),(1128,'Modalidad',282,2,'2017-06-02 05:49:25','2017-06-02 05:49:25'),(1129,'Creativa y llamativa',283,2,'2017-06-02 05:50:25','2017-06-02 05:50:25'),(1130,'Insustituible',283,1,'2017-06-02 05:50:25','2017-06-02 05:50:25'),(1131,'Educativa',283,2,'2017-06-02 05:50:25','2017-06-02 05:50:25'),(1132,'Cultural',283,2,'2017-06-02 05:50:25','2017-06-02 05:50:25'),(1133,'Directa',284,2,'2017-06-02 06:18:38','2017-06-02 06:18:38'),(1134,'Representativa',284,2,'2017-06-02 06:18:38','2017-06-02 06:18:38'),(1135,'Analítica',284,2,'2017-06-02 06:18:39','2017-06-02 06:18:39'),(1136,'Emotiva',284,1,'2017-06-02 06:18:39','2017-06-02 06:18:39'),(1137,'La representación icónica',285,2,'2017-06-02 06:19:37','2017-06-02 06:19:37'),(1138,'El lenguaje de las imágenes ',285,1,'2017-06-02 06:19:37','2017-06-02 06:19:37'),(1139,'La escritura azteca',285,2,'2017-06-02 06:19:38','2017-06-02 06:19:38'),(1140,'Los medios de comunicación',285,2,'2017-06-02 06:19:38','2017-06-02 06:19:38'),(1141,'Familiares ',286,2,'2017-06-02 06:20:52','2017-06-02 06:20:52'),(1142,'Culturales y Turísticos',286,2,'2017-06-02 06:20:52','2017-06-02 06:20:52'),(1143,'Comerciales ',286,2,'2017-06-02 06:20:52','2017-06-02 06:20:52'),(1144,'Todas las anteriores',286,1,'2017-06-02 06:20:52','2017-06-02 06:20:52'),(1145,'Por su semejanza al mundo real',287,1,'2017-06-02 06:21:53','2017-06-02 06:21:53'),(1146,'Por su interés ',287,2,'2017-06-02 06:21:53','2017-06-02 06:21:53'),(1147,'Por su forma de comunicar ',287,2,'2017-06-02 06:21:53','2017-06-02 06:21:53'),(1148,'Por la transmisión que hace',287,2,'2017-06-02 06:21:53','2017-06-02 06:21:53'),(1149,'Por experiencia directa',288,2,'2017-06-02 06:22:57','2017-06-02 06:22:57'),(1150,'Por sistemas simbólicos',288,1,'2017-06-02 06:22:57','2017-06-02 06:22:57'),(1151,'Teoría ',288,2,'2017-06-02 06:22:57','2017-06-02 06:22:57'),(1152,'Practica',288,2,'2017-06-02 06:22:57','2017-06-02 06:22:57'),(1153,'Una formación que nos capacite para aprovechar e interpretar la imagen fija y las imágenes en movimiento  ',289,1,'2017-06-02 06:23:59','2017-06-02 06:23:59'),(1154,'Un factor de aprendizaje intensivo sobre la estructura de la imagen y sus sistemas de signos',289,2,'2017-06-02 06:23:59','2017-06-02 06:23:59'),(1155,'Complejo y fascinante universo de la imagen ',289,2,'2017-06-02 06:24:00','2017-06-02 06:24:00'),(1156,'Educación para todos',289,2,'2017-06-02 06:24:00','2017-06-02 06:24:00'),(1157,'Pintura',290,1,'2017-06-02 06:25:20','2017-06-02 06:25:20'),(1158,'Cuadro',290,2,'2017-06-02 06:25:20','2017-06-02 06:25:20'),(1159,'Imagen fotografía',290,2,'2017-06-02 06:25:20','2017-06-02 06:25:20'),(1160,'Plano',290,2,'2017-06-02 06:25:20','2017-06-02 06:25:20'),(1161,'Cuadros específicos',291,2,'2017-06-02 06:26:13','2017-06-02 06:26:13'),(1162,'Educación visual',291,1,'2017-06-02 06:26:13','2017-06-02 06:26:13'),(1163,'Trazos de pintura',291,2,'2017-06-02 06:26:13','2017-06-02 06:26:13'),(1164,'Educación sonora ',291,2,'2017-06-02 06:26:13','2017-06-02 06:26:13'),(1165,'Fotografía',292,2,'2017-06-02 06:27:23','2017-06-02 06:27:23'),(1166,'Imagen',292,2,'2017-06-02 06:27:24','2017-06-02 06:27:24'),(1167,'Plano',292,2,'2017-06-02 06:27:24','2017-06-02 06:27:24'),(1168,'Formato',292,1,'2017-06-02 06:27:24','2017-06-02 06:27:24'),(1169,'Forma',293,1,'2017-06-02 06:28:25','2017-06-02 06:28:25'),(1170,'Tamaño',293,1,'2017-06-02 06:28:25','2017-06-02 06:28:25'),(1171,'Proporción',293,1,'2017-06-02 06:28:25','2017-06-02 06:28:25'),(1172,'Medidas del formato',293,2,'2017-06-02 06:28:25','2017-06-02 06:28:25'),(1173,'Sentido del equilibrio',294,2,'2017-06-02 06:29:21','2017-06-02 06:29:21'),(1174,'Líneas de tensión ',294,2,'2017-06-02 06:29:21','2017-06-02 06:29:21'),(1175,'Sección áurea',294,1,'2017-06-02 06:29:21','2017-06-02 06:29:21'),(1176,'Estabilidad ',294,2,'2017-06-02 06:29:21','2017-06-02 06:29:21'),(1177,'Serie de Fibonacci',295,1,'2017-06-02 06:30:50','2017-06-02 06:30:50'),(1178,'Serie de Foon',295,2,'2017-06-02 06:30:50','2017-06-02 06:30:50'),(1179,'Serie de Huart dart',295,2,'2017-06-02 06:30:50','2017-06-02 06:30:50'),(1180,'Serie de Sección',295,2,'2017-06-02 06:30:50','2017-06-02 06:30:50'),(1181,'Conocimientos adquiridos',296,2,'2017-06-02 06:34:37','2017-06-02 06:34:37'),(1182,'Educación religiosa',296,2,'2017-06-02 06:34:37','2017-06-02 06:34:37'),(1183,'Sentido de equilibrio',296,1,'2017-06-02 06:34:37','2017-06-02 06:34:37'),(1184,'Intuición',296,2,'2017-06-02 06:34:37','2017-06-02 06:34:37'),(1185,'Pintura de retrato',297,1,'2017-06-02 06:35:49','2017-06-02 06:35:49'),(1186,'Pintura de lienzo',297,2,'2017-06-02 06:35:49','2017-06-02 06:35:49'),(1187,'Pintura de trazos',297,2,'2017-06-02 06:35:49','2017-06-02 06:35:49'),(1188,'Pinturas rupestres',297,2,'2017-06-02 06:35:49','2017-06-02 06:35:49'),(1189,'Líneas dobles',298,2,'2017-06-02 06:36:55','2017-06-02 06:36:55'),(1190,'Líneas curvas',298,2,'2017-06-02 06:36:55','2017-06-02 06:36:55'),(1191,'Líneas simétricas',298,2,'2017-06-02 06:36:55','2017-06-02 06:36:55'),(1192,'Líneas de tensión',298,1,'2017-06-02 06:36:55','2017-06-02 06:36:55'),(1193,'Peso muerto',299,2,'2017-06-02 06:37:46','2017-06-02 06:37:46'),(1194,'Contrapeso ',299,1,'2017-06-02 06:37:46','2017-06-02 06:37:46'),(1195,'Fuerza',299,2,'2017-06-02 06:37:46','2017-06-02 06:37:46'),(1196,'Líneas de tensión',299,2,'2017-06-02 06:37:47','2017-06-02 06:37:47'),(1197,'Curvas',300,2,'2017-06-02 06:38:59','2017-06-02 06:38:59'),(1198,'Líneas',300,1,'2017-06-02 06:38:59','2017-06-02 06:38:59'),(1199,'Imágenes',300,2,'2017-06-02 06:38:59','2017-06-02 06:38:59'),(1200,'Figuras',300,2,'2017-06-02 06:38:59','2017-06-02 06:38:59'),(1201,'Líneas de tensión',301,2,'2017-06-02 06:39:58','2017-06-02 06:39:58'),(1202,'Puntos',301,2,'2017-06-02 06:39:58','2017-06-02 06:39:58'),(1203,'Nudos',301,1,'2017-06-02 06:39:58','2017-06-02 06:39:58'),(1204,'Simetría',301,2,'2017-06-02 06:39:58','2017-06-02 06:39:58'),(1205,'Simetría ',302,1,'2017-06-02 06:41:00','2017-06-02 06:41:00'),(1206,'Líneas expresivas',302,2,'2017-06-02 06:41:00','2017-06-02 06:41:00'),(1207,'Nudos',302,2,'2017-06-02 06:41:00','2017-06-02 06:41:00'),(1208,'Contrapeso',302,2,'2017-06-02 06:41:00','2017-06-02 06:41:00'),(1209,'Colateral',303,2,'2017-06-02 06:42:01','2017-06-02 06:42:01'),(1210,'Bilateral ',303,1,'2017-06-02 06:42:01','2017-06-02 06:42:01'),(1211,'Simétrica',303,2,'2017-06-02 06:42:01','2017-06-02 06:42:01'),(1212,'Doble',303,2,'2017-06-02 06:42:01','2017-06-02 06:42:01'),(1213,'Nudos',304,2,'2017-06-02 06:43:02','2017-06-02 06:43:02'),(1214,'Líneas',304,2,'2017-06-02 06:43:02','2017-06-02 06:43:02'),(1215,'Simetría',304,2,'2017-06-02 06:43:02','2017-06-02 06:43:02'),(1216,'Ritmo',304,1,'2017-06-02 06:43:02','2017-06-02 06:43:02'),(1217,'La pintura ',305,1,'2017-06-02 06:44:14','2017-06-02 06:44:14'),(1218,'El arte',305,2,'2017-06-02 06:44:14','2017-06-02 06:44:14'),(1219,'La música',305,2,'2017-06-02 06:44:14','2017-06-02 06:44:14'),(1220,'Las obras de teatro',305,2,'2017-06-02 06:44:14','2017-06-02 06:44:14'),(1221,'Diversidad ',306,2,'2017-06-02 06:46:34','2017-06-02 06:46:34'),(1222,'Ilustración ',306,2,'2017-06-02 06:46:34','2017-06-02 06:46:34'),(1223,'Actividad cerebral',306,2,'2017-06-02 06:46:34','2017-06-02 06:46:34'),(1224,'Composición',306,1,'2017-06-02 06:46:34','2017-06-02 06:46:34'),(1225,'La revisión',307,2,'2017-06-02 06:47:35','2017-06-02 06:47:35'),(1226,'El significado de la obra',307,2,'2017-06-02 06:47:35','2017-06-02 06:47:35'),(1227,'La formación de los pintores',307,2,'2017-06-02 06:47:36','2017-06-02 06:47:36'),(1228,'El aprendizaje de una lengua',307,1,'2017-06-02 06:47:36','2017-06-02 06:47:36'),(1229,'La percepción',308,2,'2017-06-02 06:48:27','2017-06-02 06:48:27'),(1230,'El aprendizaje de una lengua',308,2,'2017-06-02 06:48:27','2017-06-02 06:48:27'),(1231,'El lenguaje de una imagen',308,2,'2017-06-02 06:48:27','2017-06-02 06:48:27'),(1232,'La educación visual',308,1,'2017-06-02 06:48:27','2017-06-02 06:48:27'),(1233,'La ilustración',309,2,'2017-06-02 06:49:19','2017-06-02 06:49:19'),(1234,'La percepción',309,2,'2017-06-02 06:49:19','2017-06-02 06:49:19'),(1235,'La comunicación',309,2,'2017-06-02 06:49:19','2017-06-02 06:49:19'),(1236,'La composición',309,1,'2017-06-02 06:49:19','2017-06-02 06:49:19'),(1237,'La visión y división',310,2,'2017-06-02 06:50:20','2017-06-02 06:50:20'),(1238,'Superior e inferior',310,1,'2017-06-02 06:50:20','2017-06-02 06:50:20'),(1239,'Convicción y reflexión',310,2,'2017-06-02 06:50:20','2017-06-02 06:50:20'),(1240,'Estratégicos y didácticos',310,2,'2017-06-02 06:50:20','2017-06-02 06:50:20'),(1241,'Distribución ',311,2,'2017-06-02 06:51:21','2017-06-02 06:51:21'),(1242,'Composición',311,2,'2017-06-02 06:51:21','2017-06-02 06:51:21'),(1243,'Artes plásticas',311,1,'2017-06-02 06:51:21','2017-06-02 06:51:21'),(1244,'Culturas mesoamericanas ',311,2,'2017-06-02 06:51:21','2017-06-02 06:51:21'),(1245,'Relación de oro o sección áurea ',312,1,'2017-06-02 06:52:21','2017-06-02 06:52:21'),(1246,'Fragilidad del personaje ',312,2,'2017-06-02 06:52:21','2017-06-02 06:52:21'),(1247,'Sensación de equilibrio ',312,2,'2017-06-02 06:52:21','2017-06-02 06:52:21'),(1248,'Fundamentos de una imagen',312,2,'2017-06-02 06:52:21','2017-06-02 06:52:21'),(1249,'De acuerdo a un plan iconográfico',313,1,'2017-06-02 06:58:26','2017-06-02 06:58:26'),(1250,'De acuerdo al orden en la naturaleza',313,2,'2017-06-02 06:58:26','2017-06-02 06:58:26'),(1251,'De acuerdo a su proporción',313,2,'2017-06-02 06:58:26','2017-06-02 06:58:26'),(1252,'De acuerdo a la explicación',313,2,'2017-06-02 06:58:26','2017-06-02 06:58:26'),(1253,'Sucesión analítica',314,2,'2017-06-02 06:59:20','2017-06-02 06:59:20'),(1254,'Sucesión matemática determinada',314,1,'2017-06-02 06:59:20','2017-06-02 06:59:20'),(1255,'Sucesión física',314,2,'2017-06-02 06:59:20','2017-06-02 06:59:20'),(1256,'Sucesión histórica',314,2,'2017-06-02 06:59:20','2017-06-02 06:59:20'),(1257,'Su educación visual',315,2,'2017-06-02 07:00:54','2017-06-02 07:00:54'),(1258,'Su postura erguida ',315,1,'2017-06-02 07:00:54','2017-06-02 07:00:54'),(1259,'Su visión ',315,2,'2017-06-02 07:00:54','2017-06-02 07:00:54'),(1260,'Su misterio',315,2,'2017-06-02 07:00:54','2017-06-02 07:00:54'),(1261,'A la tendencia horizontal del entorno',316,1,'2017-06-02 07:01:51','2017-06-02 07:01:51'),(1262,'Al centro de gravedad ',316,2,'2017-06-02 07:01:51','2017-06-02 07:01:51'),(1263,'A la composición',316,2,'2017-06-02 07:01:51','2017-06-02 07:01:51'),(1264,'A su evolución',316,2,'2017-06-02 07:01:51','2017-06-02 07:01:51'),(1265,'Por una ilustración',317,2,'2017-06-02 07:02:52','2017-06-02 07:02:52'),(1266,'Por su estabilidad',317,2,'2017-06-02 07:02:52','2017-06-02 07:02:52'),(1267,'Por un triangulo',317,1,'2017-06-02 07:02:52','2017-06-02 07:02:52'),(1268,'Por su distribución',317,2,'2017-06-02 07:02:52','2017-06-02 07:02:52'),(1269,'Como un recurso expresivo',318,1,'2017-06-02 07:03:47','2017-06-02 07:03:47'),(1270,'Para educar de manera visual',318,2,'2017-06-02 07:03:47','2017-06-02 07:03:47'),(1271,'Para tener una división',318,2,'2017-06-02 07:03:47','2017-06-02 07:03:47'),(1272,'Para tener una representación icónica ',318,2,'2017-06-02 07:03:47','2017-06-02 07:03:47'),(1273,'Formato ',319,1,'2017-06-02 07:05:01','2017-06-02 07:05:01'),(1274,'Espacio',319,2,'2017-06-02 07:05:01','2017-06-02 07:05:01'),(1275,'Ritmo',319,2,'2017-06-02 07:05:01','2017-06-02 07:05:01'),(1276,'Simetría',319,2,'2017-06-02 07:05:01','2017-06-02 07:05:01'),(1277,'Brea de colofonia ',320,1,'2017-06-02 07:06:22','2017-06-02 07:06:22'),(1278,'Plástico',320,2,'2017-06-02 07:06:22','2017-06-02 07:06:22'),(1279,'Vidrio',320,2,'2017-06-02 07:06:22','2017-06-02 07:06:22'),(1280,'Brea de Niepce',320,2,'2017-06-02 07:06:22','2017-06-02 07:06:22'),(1281,'1760',321,2,'2017-06-02 07:08:29','2017-06-02 07:08:29'),(1282,'1880',321,2,'2017-06-02 07:08:29','2017-06-02 07:08:29'),(1283,'1826',321,1,'2017-06-02 07:08:29','2017-06-02 07:08:29'),(1284,'1870',321,2,'2017-06-02 07:08:29','2017-06-02 07:08:29'),(1285,'Fotografía',322,2,'2017-06-02 07:09:26','2017-06-02 07:09:26'),(1286,'Imagen ',322,1,'2017-06-02 07:09:26','2017-06-02 07:09:26'),(1287,'Pintura',322,2,'2017-06-02 07:09:26','2017-06-02 07:09:26'),(1288,'Plano',322,2,'2017-06-02 07:09:26','2017-06-02 07:09:26'),(1289,'Imagen fotográfica ',323,1,'2017-06-02 07:10:18','2017-06-02 07:10:18'),(1290,'Pintura',323,2,'2017-06-02 07:10:18','2017-06-02 07:10:18'),(1291,'Imagen escénica',323,2,'2017-06-02 07:10:18','2017-06-02 07:10:18'),(1292,'Fotografía',323,2,'2017-06-02 07:10:18','2017-06-02 07:10:18'),(1293,'Análisis objetivo',324,1,'2017-06-02 07:11:21','2017-06-02 07:11:21'),(1294,'Análisis subjetivo',324,1,'2017-06-02 07:11:21','2017-06-02 07:11:21'),(1295,'Análisis realista',324,2,'2017-06-02 07:11:21','2017-06-02 07:11:21'),(1296,'Análisis profundo',324,2,'2017-06-02 07:11:21','2017-06-02 07:11:21'),(1297,'Planos generales',325,1,'2017-06-02 07:12:26','2017-06-02 07:12:26'),(1298,'Planos medios',325,1,'2017-06-02 07:12:26','2017-06-02 07:12:26'),(1299,'Primeros planos',325,1,'2017-06-02 07:12:26','2017-06-02 07:12:26'),(1300,'Encuadre general',325,2,'2017-06-02 07:12:26','2017-06-02 07:12:26'),(1301,'Plano seleccionado',326,2,'2017-06-02 07:13:25','2017-06-02 07:13:25'),(1302,'Plano general',326,1,'2017-06-02 07:13:25','2017-06-02 07:13:25'),(1303,'Plano medio',326,2,'2017-06-02 07:13:25','2017-06-02 07:13:25'),(1304,'Primeros planos',326,2,'2017-06-02 07:13:25','2017-06-02 07:13:25'),(1305,'Cuando es borrosa',327,2,'2017-06-02 07:14:31','2017-06-02 07:14:31'),(1306,'Cuando no expresa nada ',327,2,'2017-06-02 07:14:31','2017-06-02 07:14:31'),(1307,'Cuando no representa a la realidad',327,2,'2017-06-02 07:14:31','2017-06-02 07:14:31'),(1308,'Cuando representa tal cual la realidad',327,1,'2017-06-02 07:14:31','2017-06-02 07:14:31'),(1309,'Cuando es una imagen sin significados',328,2,'2017-06-02 07:15:29','2017-06-02 07:15:29'),(1310,'Cuando representa tal cual realidad',328,2,'2017-06-02 07:15:29','2017-06-02 07:15:29'),(1311,'Cuando es una imagen con muchos significados posibles',328,1,'2017-06-02 07:15:29','2017-06-02 07:15:29'),(1312,'Cuando es una imagen con pocos significados posibles',328,2,'2017-06-02 07:15:29','2017-06-02 07:15:29'),(1313,'El estudio personalizado',329,2,'2017-06-02 07:16:35','2017-06-02 07:16:35'),(1314,'El análisis subjetivo',329,1,'2017-06-02 07:16:35','2017-06-02 07:16:35'),(1315,'El diagnostico',329,2,'2017-06-02 07:16:35','2017-06-02 07:16:35'),(1316,'El auto comprensión',329,2,'2017-06-02 07:16:35','2017-06-02 07:16:35'),(1317,'Louis Jacques Mandé Daguerre ',330,2,'2017-06-02 07:17:32','2017-06-02 07:17:32'),(1318,'Nicéforo Niepce ',330,1,'2017-06-02 07:17:32','2017-06-02 07:17:32'),(1319,'Johann-Henrich Schulze ',330,2,'2017-06-02 07:17:32','2017-06-02 07:17:32'),(1320,'Josef-Max Petzval ',330,2,'2017-06-02 07:17:32','2017-06-02 07:17:32'),(1321,'John Herschel',331,1,'2017-06-02 07:18:36','2017-06-02 07:18:36'),(1322,'Louis Jacques Mandé Daguerre ',331,2,'2017-06-02 07:18:36','2017-06-02 07:18:36'),(1323,'Johann-Henrich Schulze',331,2,'2017-06-02 07:18:36','2017-06-02 07:18:36'),(1324,'Josef-Max Petzval ',331,2,'2017-06-02 07:18:36','2017-06-02 07:18:36'),(1325,'Sulfato',332,2,'2017-06-02 07:19:31','2017-06-02 07:19:31'),(1326,'Fosfato',332,2,'2017-06-02 07:19:31','2017-06-02 07:19:31'),(1327,'Yodo',332,1,'2017-06-02 07:19:31','2017-06-02 07:19:31'),(1328,'Vidrio',332,2,'2017-06-02 07:19:31','2017-06-02 07:19:31'),(1329,'Hypolite Bayard ',333,2,'2017-06-02 07:20:29','2017-06-02 07:20:29'),(1330,'Josef-Max Petzval ',333,2,'2017-06-02 07:20:29','2017-06-02 07:20:29'),(1331,'Henry Fox Talbot',333,1,'2017-06-02 07:20:29','2017-06-02 07:20:29'),(1332,'Louis Jacques Mandé Daguerre ',333,2,'2017-06-02 07:20:29','2017-06-02 07:20:29'),(1333,'Henry Fox Talbot ',334,2,'2017-06-02 07:21:41','2017-06-02 07:21:41'),(1334,'Josef-Max Petzval',334,1,'2017-06-02 07:21:41','2017-06-02 07:21:41'),(1335,'Hypolite Bayard',334,2,'2017-06-02 07:21:41','2017-06-02 07:21:41'),(1336,'Louis Jacques Mandé Daguerre ',334,2,'2017-06-02 07:21:41','2017-06-02 07:21:41'),(1337,'Hypolite Bayard ',335,1,'2017-06-02 07:22:42','2017-06-02 07:22:42'),(1338,'Henry Fox Talbot ',335,2,'2017-06-02 07:22:42','2017-06-02 07:22:42'),(1339,'Louis Jacques Mandé Daguerre',335,2,'2017-06-02 07:22:42','2017-06-02 07:22:42'),(1340,'Josef-Max Petzval',335,2,'2017-06-02 07:22:42','2017-06-02 07:22:42'),(1341,'Plástico ',336,1,'2017-06-02 07:23:31','2017-06-02 07:23:31'),(1342,'Cristal',336,2,'2017-06-02 07:23:31','2017-06-02 07:23:31'),(1343,'Vidrio',336,2,'2017-06-02 07:23:31','2017-06-02 07:23:31'),(1344,'Yodo	',336,2,'2017-06-02 07:23:31','2017-06-02 07:23:31'),(1345,'Enfoque',337,2,'2017-06-02 07:24:39','2017-06-02 07:24:39'),(1346,'Fusión',337,2,'2017-06-02 07:24:39','2017-06-02 07:24:39'),(1347,'Encuadre ',337,1,'2017-06-02 07:24:39','2017-06-02 07:24:39'),(1348,'Distancia',337,2,'2017-06-02 07:24:39','2017-06-02 07:24:39'),(1349,'Toma diagonal de derecha a izquierda ',338,2,'2017-06-02 07:30:32','2017-06-02 07:30:32'),(1350,'Sin angulación alguna',338,1,'2017-06-02 07:30:32','2017-06-02 07:30:32'),(1351,'Toma del sujeto de arriba abajo',338,2,'2017-06-02 07:30:32','2017-06-02 07:30:32'),(1352,'Toma de los sujetos abajo ',338,2,'2017-06-02 07:30:32','2017-06-02 07:30:32'),(1353,'Toma del sujeto de abajo arriba ',339,1,'2017-06-02 07:31:40','2017-06-02 07:31:40'),(1354,'Toma diagonal de izquierda a derecha',339,2,'2017-06-02 07:31:40','2017-06-02 07:31:40'),(1355,'Toma sin angulación alguna',339,2,'2017-06-02 07:31:40','2017-06-02 07:31:40'),(1356,'Toma sin angulo',339,2,'2017-06-02 07:31:40','2017-06-02 07:31:40'),(1357,'De formar circular de izquierda ',340,2,'2017-06-02 07:32:58','2017-06-02 07:32:58'),(1358,'De forma triangular e arriba a abajo',340,2,'2017-06-02 07:32:58','2017-06-02 07:32:58'),(1359,'De forma circular de derecha a Izquierda',340,2,'2017-06-02 07:32:58','2017-06-02 07:32:58'),(1360,'De formar circular de izquierda a derecha',340,1,'2017-06-02 07:32:58','2017-06-02 07:32:58'),(1361,'Janssen ',341,1,'2017-06-02 07:33:54','2017-06-02 07:33:54'),(1362,'Jhon J. ',341,2,'2017-06-02 07:33:54','2017-06-02 07:33:54'),(1363,'Fhelpe M.',341,2,'2017-06-02 07:33:54','2017-06-02 07:33:54'),(1364,'Hypolite Bayard ',341,2,'2017-06-02 07:33:54','2017-06-02 07:33:54'),(1365,'Eastman Kodak ',342,1,'2017-06-02 07:34:49','2017-06-02 07:34:49'),(1366,'Kingston ',342,2,'2017-06-02 07:34:49','2017-06-02 07:34:49'),(1367,'Toyota',342,2,'2017-06-02 07:34:49','2017-06-02 07:34:49'),(1368,'Samsung',342,2,'2017-06-02 07:34:49','2017-06-02 07:34:49'),(1369,'Las imágenes fijas y el video',343,2,'2017-06-02 07:35:40','2017-06-02 07:35:40'),(1370,'Las imágenes fijas o en movimiento',343,1,'2017-06-02 07:35:40','2017-06-02 07:35:40'),(1371,'Las imágenes',343,2,'2017-06-02 07:35:40','2017-06-02 07:35:40'),(1372,'Las imágenes repetidas o en movimiento',343,2,'2017-06-02 07:35:40','2017-06-02 07:35:40'),(1373,'Toma panorámica',344,2,'2017-06-02 07:36:32','2017-06-02 07:36:32'),(1374,'Toma general ',344,2,'2017-06-02 07:36:32','2017-06-02 07:36:32'),(1375,'Toma de análisis subjetivo',344,2,'2017-06-02 07:36:32','2017-06-02 07:36:32'),(1376,'Toma frontal, angulación lateral izquierda, angulación lateral derecha, ángulo en picada, ángulo en contrapicada',344,1,'2017-06-02 07:36:32','2017-06-02 07:36:32'),(1377,'Anuncios',345,2,'2017-06-02 07:38:14','2017-06-02 07:38:14'),(1378,'Propaganda',345,2,'2017-06-02 07:38:14','2017-06-02 07:38:14'),(1379,'Comerciales',345,2,'2017-06-02 07:38:14','2017-06-02 07:38:14'),(1380,'Publicidad',345,1,'2017-06-02 07:38:14','2017-06-02 07:38:14'),(1381,'Compradores sociales',346,2,'2017-06-02 07:39:10','2017-06-02 07:39:10'),(1382,'Compradores temperamentales',346,2,'2017-06-02 07:39:10','2017-06-02 07:39:10'),(1383,'Compradores reales ',346,1,'2017-06-02 07:39:10','2017-06-02 07:39:10'),(1384,'Compradores potenciales ',346,1,'2017-06-02 07:39:10','2017-06-02 07:39:10'),(1385,'Rasgos individuales, sociales y económicos ',347,1,'2017-06-02 07:40:04','2017-06-02 07:40:04'),(1386,'Rasgos culturales ',347,2,'2017-06-02 07:40:04','2017-06-02 07:40:04'),(1387,'Rasgos ecológicos',347,2,'2017-06-02 07:40:04','2017-06-02 07:40:04'),(1388,'Rasgos educativos',347,2,'2017-06-02 07:40:04','2017-06-02 07:40:04'),(1389,'Variables relacionadas con la economía',348,2,'2017-06-02 07:40:55','2017-06-02 07:40:55'),(1390,'Variables relacionadas con la situación',348,1,'2017-06-02 07:40:55','2017-06-02 07:40:55'),(1391,'Demanda del consumidor',348,2,'2017-06-02 07:40:55','2017-06-02 07:40:55'),(1392,'Competencia de publicidad',348,2,'2017-06-02 07:40:55','2017-06-02 07:40:55'),(1393,'Consumidores sibaritas',349,2,'2017-06-02 07:41:55','2017-06-02 07:41:55'),(1394,'Consumidores selectivos',349,2,'2017-06-02 07:41:55','2017-06-02 07:41:55'),(1395,'Consumidores reales',349,2,'2017-06-02 07:41:56','2017-06-02 07:41:56'),(1396,'Consumidores de subsistencia',349,1,'2017-06-02 07:41:56','2017-06-02 07:41:56'),(1397,'Consumidores sibaritas',350,1,'2017-06-02 07:42:54','2017-06-02 07:42:54'),(1398,'Consumidores selectivos',350,2,'2017-06-02 07:42:55','2017-06-02 07:42:55'),(1399,'Consumidores reales ',350,2,'2017-06-02 07:42:55','2017-06-02 07:42:55'),(1400,'Consumidores de subsistencia',350,2,'2017-06-02 07:42:55','2017-06-02 07:42:55'),(1401,'Consumidores reales ',351,2,'2017-06-02 07:43:47','2017-06-02 07:43:47'),(1402,'Consumidores de subsistencia',351,2,'2017-06-02 07:43:47','2017-06-02 07:43:47'),(1403,'Consumidores selectivos',351,1,'2017-06-02 07:43:47','2017-06-02 07:43:47'),(1404,'Consumidores sibaritas',351,2,'2017-06-02 07:43:47','2017-06-02 07:43:47'),(1405,'Compra improvisada',352,1,'2017-06-02 07:44:45','2017-06-02 07:44:45'),(1406,'Compra imprevista',352,2,'2017-06-02 07:44:45','2017-06-02 07:44:45'),(1407,'Compra demandaba',352,2,'2017-06-02 07:44:45','2017-06-02 07:44:45'),(1408,'Compra predeterminada',352,2,'2017-06-02 07:44:45','2017-06-02 07:44:45'),(1409,'Compra improvisada',353,2,'2017-06-02 07:45:47','2017-06-02 07:45:47'),(1410,'Compra imprevista o de impulso',353,1,'2017-06-02 07:45:47','2017-06-02 07:45:47'),(1411,'Compra predeterminada',353,2,'2017-06-02 07:45:47','2017-06-02 07:45:47'),(1412,'Compra demandaba',353,2,'2017-06-02 07:45:47','2017-06-02 07:45:47'),(1413,'Compra improvisada',354,2,'2017-06-02 07:46:41','2017-06-02 07:46:41'),(1414,'Compra imprevista o de impulso',354,2,'2017-06-02 07:46:41','2017-06-02 07:46:41'),(1415,'Compra predeterminada',354,1,'2017-06-02 07:46:41','2017-06-02 07:46:41'),(1416,'Compra demandaba',354,2,'2017-06-02 07:46:41','2017-06-02 07:46:41'),(1417,'Hombre masa',355,1,'2017-06-02 07:47:57','2017-06-02 07:47:57'),(1418,'Persona real',355,2,'2017-06-02 07:47:57','2017-06-02 07:47:57'),(1419,'Consumista ',355,2,'2017-06-02 07:47:57','2017-06-02 07:47:57'),(1420,'Comprador',355,2,'2017-06-02 07:47:57','2017-06-02 07:47:57'),(1421,'Comerciales',356,2,'2017-06-02 07:51:18','2017-06-02 07:51:18'),(1422,'Publicidad',356,1,'2017-06-02 07:51:18','2017-06-02 07:51:18'),(1423,'Precios bajos',356,2,'2017-06-02 07:51:18','2017-06-02 07:51:18'),(1424,'Ofertas',356,2,'2017-06-02 07:51:18','2017-06-02 07:51:18'),(1425,'Llaman más la atención del comprador',357,2,'2017-06-02 07:52:12','2017-06-02 07:52:12'),(1426,'Producen mayores ventas de los productos',357,2,'2017-06-02 07:52:12','2017-06-02 07:52:12'),(1427,'Inducen de manera no abierta ',357,2,'2017-06-02 07:52:12','2017-06-02 07:52:12'),(1428,'Inducen de manera abierta a la compra de todo tipo de productos de consumo',357,1,'2017-06-02 07:52:12','2017-06-02 07:52:12'),(1429,'Consumismo',358,1,'2017-06-02 07:53:10','2017-06-02 07:53:10'),(1430,'Compras ',358,2,'2017-06-02 07:53:10','2017-06-02 07:53:10'),(1431,'Anuncios ',358,2,'2017-06-02 07:53:10','2017-06-02 07:53:10'),(1432,'Publicidad',358,2,'2017-06-02 07:53:10','2017-06-02 07:53:10'),(1433,'Argumentos sociales',359,2,'2017-06-02 07:56:13','2017-06-02 07:56:13'),(1434,'Rasgos sociales',359,2,'2017-06-02 07:56:13','2017-06-02 07:56:13'),(1435,'Rasgos económicos',359,2,'2017-06-02 07:56:13','2017-06-02 07:56:13'),(1436,'Vida cotidiana',359,1,'2017-06-02 07:56:13','2017-06-02 07:56:13'),(1437,'Que tiene mucha propaganda',360,2,'2017-06-02 08:01:39','2017-06-02 08:01:39'),(1438,'Que contiene información incierta',360,2,'2017-06-02 08:01:39','2017-06-02 08:01:39'),(1439,'Que dice cosas ciertas ',360,2,'2017-06-02 08:01:39','2017-06-02 08:01:39'),(1440,'Que está lleno de mentiras ',360,1,'2017-06-02 08:01:39','2017-06-02 08:01:39'),(1441,'Repetición',361,2,'2017-06-02 08:02:30','2017-06-02 08:02:30'),(1442,'Signo',361,1,'2017-06-02 08:02:31','2017-06-02 08:02:31'),(1443,'Sema',361,2,'2017-06-02 08:02:31','2017-06-02 08:02:31'),(1444,'Prosopopeya',361,2,'2017-06-02 08:02:31','2017-06-02 08:02:31'),(1445,'Metáfora',362,1,'2017-06-02 08:03:27','2017-06-02 08:03:27'),(1446,'Metonimia',362,1,'2017-06-02 08:03:27','2017-06-02 08:03:27'),(1447,'Sinécdoque',362,1,'2017-06-02 08:03:27','2017-06-02 08:03:27'),(1448,'Retoricas',362,2,'2017-06-02 08:03:27','2017-06-02 08:03:27'),(1449,'Sema',363,1,'2017-06-02 08:04:24','2017-06-02 08:04:24'),(1450,'Repetición',363,2,'2017-06-02 08:04:25','2017-06-02 08:04:25'),(1451,'Signo',363,2,'2017-06-02 08:04:25','2017-06-02 08:04:25'),(1452,'Prosopopeya',363,2,'2017-06-02 08:04:25','2017-06-02 08:04:25'),(1453,'Sema',364,2,'2017-06-02 08:05:20','2017-06-02 08:05:20'),(1454,'Repetición',364,1,'2017-06-02 08:05:20','2017-06-02 08:05:20'),(1455,'Metáfora',364,2,'2017-06-02 08:05:20','2017-06-02 08:05:20'),(1456,'Hipérbole ',364,2,'2017-06-02 08:05:20','2017-06-02 08:05:20'),(1457,'Hipérbole',365,2,'2017-06-02 08:06:18','2017-06-02 08:06:18'),(1458,'Hipérbole',365,2,'2017-06-02 08:06:18','2017-06-02 08:06:18'),(1459,'Sema',365,2,'2017-06-02 08:06:18','2017-06-02 08:06:18'),(1460,'Prosopopeya',365,1,'2017-06-02 08:06:19','2017-06-02 08:06:19'),(1461,'Figuras planas y firmes',366,2,'2017-06-02 08:07:15','2017-06-02 08:07:15'),(1462,'Figuras representativas ',366,2,'2017-06-02 08:07:15','2017-06-02 08:07:15'),(1463,'Figuras de inversión y elipsis',366,2,'2017-06-02 08:07:15','2017-06-02 08:07:15'),(1464,'Antítesis, paradoja, inversión, litote, ironía y elipsis',366,1,'2017-06-02 08:07:15','2017-06-02 08:07:15'),(1465,'Repetición',367,2,'2017-06-02 08:08:11','2017-06-02 08:08:11'),(1466,'Hipérbole',367,2,'2017-06-02 08:08:11','2017-06-02 08:08:11'),(1467,'Sema',367,2,'2017-06-02 08:08:11','2017-06-02 08:08:11'),(1468,'Metáfora',367,1,'2017-06-02 08:08:11','2017-06-02 08:08:11'),(1469,'Hipérbole',368,1,'2017-06-02 08:09:04','2017-06-02 08:09:04'),(1470,'Sema',368,2,'2017-06-02 08:09:04','2017-06-02 08:09:04'),(1471,'Repetición',368,2,'2017-06-02 08:09:04','2017-06-02 08:09:04'),(1472,'Signo',368,2,'2017-06-02 08:09:04','2017-06-02 08:09:04'),(1473,'El cine ',369,2,'2017-06-02 08:09:51','2017-06-02 08:09:51'),(1474,'Las imágenes ',369,2,'2017-06-02 08:09:51','2017-06-02 08:09:51'),(1475,'Los comerciales ',369,1,'2017-06-02 08:09:51','2017-06-02 08:09:51'),(1476,'El teatro',369,2,'2017-06-02 08:09:51','2017-06-02 08:09:51'),(1477,'Lectura objetiva',370,2,'2017-06-02 08:11:41','2017-06-02 08:11:41'),(1478,'Lectura implícita',370,2,'2017-06-02 08:11:41','2017-06-02 08:11:41'),(1479,'Lectura subjetiva',370,1,'2017-06-02 08:11:41','2017-06-02 08:11:41'),(1480,'Lectura reiterada',370,2,'2017-06-02 08:11:41','2017-06-02 08:11:41'),(1481,'Objetivo',371,2,'2017-06-02 08:12:31','2017-06-02 08:12:31'),(1482,'Estereotipado ',371,2,'2017-06-02 08:12:31','2017-06-02 08:12:31'),(1483,'Subjetivo',371,2,'2017-06-02 08:12:31','2017-06-02 08:12:31'),(1484,'Implícito',371,1,'2017-06-02 08:12:31','2017-06-02 08:12:31'),(1485,'Estereotipos',372,1,'2017-06-02 08:13:18','2017-06-02 08:13:18'),(1486,'Imágenes ',372,2,'2017-06-02 08:13:18','2017-06-02 08:13:18'),(1487,'Opiniones ',372,2,'2017-06-02 08:13:18','2017-06-02 08:13:18'),(1488,'Realidades ',372,2,'2017-06-02 08:13:18','2017-06-02 08:13:18'),(1489,'Los padres de familia',373,2,'2017-06-02 08:14:06','2017-06-02 08:14:06'),(1490,'Cada individuo ',373,2,'2017-06-02 08:14:07','2017-06-02 08:14:07'),(1491,'Los publicistas ',373,2,'2017-06-02 08:14:07','2017-06-02 08:14:07'),(1492,'Todas las personas ',373,1,'2017-06-02 08:14:07','2017-06-02 08:14:07'),(1493,'Las fallas de la marca',374,2,'2017-06-02 08:14:59','2017-06-02 08:14:59'),(1494,'Los defectos de los productos',374,1,'2017-06-02 08:14:59','2017-06-02 08:14:59'),(1495,'La calidad del envase',374,2,'2017-06-02 08:14:59','2017-06-02 08:14:59'),(1496,'La falta de color',374,2,'2017-06-02 08:14:59','2017-06-02 08:14:59'),(1497,'El intercambio ',375,2,'2017-06-02 08:15:58','2017-06-02 08:15:58'),(1498,'La venta',375,2,'2017-06-02 08:15:58','2017-06-02 08:15:58'),(1499,'La asimilación',375,2,'2017-06-02 08:15:58','2017-06-02 08:15:58'),(1500,'La compra',375,1,'2017-06-02 08:15:58','2017-06-02 08:15:58');
/*!40000 ALTER TABLE `respuestas` ENABLE KEYS */;
UNLOCK TABLES;

--
-- Table structure for table `tipos`
--

DROP TABLE IF EXISTS `tipos`;
/*!40101 SET @saved_cs_client     = @@character_set_client */;
/*!40101 SET character_set_client = utf8 */;
CREATE TABLE `tipos` (
  `TIP_id` int(10) unsigned NOT NULL AUTO_INCREMENT,
  `TIP_nombre` varchar(255) COLLATE utf8_unicode_ci DEFAULT NULL,
  `created_at` timestamp NULL DEFAULT NULL,
  `updated_at` timestamp NULL DEFAULT NULL,
  PRIMARY KEY (`TIP_id`)
) ENGINE=InnoDB AUTO_INCREMENT=6 DEFAULT CHARSET=utf8 COLLATE=utf8_unicode_ci;
/*!40101 SET character_set_client = @saved_cs_client */;

--
-- Dumping data for table `tipos`
--

LOCK TABLES `tipos` WRITE;
/*!40000 ALTER TABLE `tipos` DISABLE KEYS */;
INSERT INTO `tipos` VALUES (1,'correcta',NULL,NULL),(2,'incorrecta',NULL,NULL),(3,'prueba',NULL,NULL),(4,'final',NULL,NULL),(5,'global',NULL,NULL);
/*!40000 ALTER TABLE `tipos` ENABLE KEYS */;
UNLOCK TABLES;

--
-- Table structure for table `uni_alus`
--

DROP TABLE IF EXISTS `uni_alus`;
/*!40101 SET @saved_cs_client     = @@character_set_client */;
/*!40101 SET character_set_client = utf8 */;
CREATE TABLE `uni_alus` (
  `UNAL_id` int(10) unsigned NOT NULL AUTO_INCREMENT,
  `UNI_id` int(10) unsigned DEFAULT NULL,
  `ALU_id` int(10) unsigned DEFAULT NULL,
  `UNAL_calificacion` int(11) DEFAULT NULL,
  `UNAL_intentos` int(11) DEFAULT NULL,
  `created_at` timestamp NULL DEFAULT NULL,
  `updated_at` timestamp NULL DEFAULT NULL,
  PRIMARY KEY (`UNAL_id`),
  KEY `uni_alus_uni_id_foreign` (`UNI_id`),
  KEY `uni_alus_alu_id_foreign` (`ALU_id`),
  CONSTRAINT `uni_alus_alu_id_foreign` FOREIGN KEY (`ALU_id`) REFERENCES `alumnos` (`ALU_id`),
  CONSTRAINT `uni_alus_uni_id_foreign` FOREIGN KEY (`UNI_id`) REFERENCES `unidads` (`UNI_id`)
) ENGINE=InnoDB DEFAULT CHARSET=utf8 COLLATE=utf8_unicode_ci;
/*!40101 SET character_set_client = @saved_cs_client */;

--
-- Dumping data for table `uni_alus`
--

LOCK TABLES `uni_alus` WRITE;
/*!40000 ALTER TABLE `uni_alus` DISABLE KEYS */;
/*!40000 ALTER TABLE `uni_alus` ENABLE KEYS */;
UNLOCK TABLES;

--
-- Table structure for table `unidads`
--

DROP TABLE IF EXISTS `unidads`;
/*!40101 SET @saved_cs_client     = @@character_set_client */;
/*!40101 SET character_set_client = utf8 */;
CREATE TABLE `unidads` (
  `UNI_id` int(10) unsigned NOT NULL AUTO_INCREMENT,
  `UNI_nombre` varchar(255) COLLATE utf8_unicode_ci DEFAULT NULL,
  `UNI_material_apoyo` varchar(255) COLLATE utf8_unicode_ci DEFAULT NULL,
  `UNI_fecha_final` date DEFAULT NULL,
  `UNI_fecha_inicio` date DEFAULT NULL,
  `UNI_tiempo` varchar(255) COLLATE utf8_unicode_ci DEFAULT NULL,
  `UNI_calificacion` varchar(255) COLLATE utf8_unicode_ci DEFAULT NULL,
  `UNI_intento` varchar(255) COLLATE utf8_unicode_ci DEFAULT NULL,
  `UNI_numero_pregunta` varchar(255) COLLATE utf8_unicode_ci DEFAULT NULL,
  `CUR_id` int(10) unsigned DEFAULT NULL,
  `created_at` timestamp NULL DEFAULT NULL,
  `updated_at` timestamp NULL DEFAULT NULL,
  PRIMARY KEY (`UNI_id`),
  KEY `unidads_cur_id_foreign` (`CUR_id`),
  CONSTRAINT `unidads_cur_id_foreign` FOREIGN KEY (`CUR_id`) REFERENCES `cursos` (`CUR_id`)
) ENGINE=InnoDB AUTO_INCREMENT=13 DEFAULT CHARSET=utf8 COLLATE=utf8_unicode_ci;
/*!40101 SET character_set_client = @saved_cs_client */;

--
-- Dumping data for table `unidads`
--

LOCK TABLES `unidads` WRITE;
/*!40000 ALTER TABLE `unidads` DISABLE KEYS */;
INSERT INTO `unidads` VALUES (1,'IMAGEN Y PEDAGOGÍA ','documento_1496255325.pdf','2017-07-24','2017-05-15','20',NULL,NULL,'10',1,'2017-05-31 18:28:45','2017-05-31 18:28:45'),(2,'COMPOSICIÓN EN LA PINTURA ','documento_1496255375.pdf','2017-07-24','2017-05-15','20',NULL,NULL,'10',1,'2017-05-31 18:29:35','2017-05-31 18:29:35'),(3,'LA FUNCIÓN EDUCATIVA DE LA FOTOGRAFÍA ',NULL,'2017-07-24','2017-05-15','20',NULL,NULL,'10',1,'2017-05-31 18:32:35','2017-05-31 18:32:35'),(4,'ANÁLISIS DE PUBLICIDAD GRAFICA','documento_1496255702.pdf','2017-07-24','2017-05-15','20',NULL,NULL,'10',1,'2017-05-31 18:35:02','2017-05-31 18:35:02'),(5,'UNIDAD 1 IMAGEN Y PEDAGOGÍA','documento_1496299675.pdf','2017-07-24','2017-05-15','20',NULL,NULL,'10',2,'2017-06-01 06:47:55','2017-06-01 06:47:55'),(6,'UNIDAD 2 COMPOSICIÓN EN LA PINTURA','documento_1496299742.pdf','2017-07-24','2017-05-15','20',NULL,NULL,'10',2,'2017-06-01 06:49:02','2017-06-01 06:49:02'),(7,'UNIDAD 3 LA FUNCIÓN EDUCATIVA DE LA FOTOGRAFIA',NULL,'2017-07-24','2017-05-15','20',NULL,NULL,'10',2,'2017-06-01 06:50:11','2017-06-01 06:50:11'),(8,'UNIDAD 4 ANÁLISIS DE PUBLICIDAD GRAFICA','documento_1496299918.pdf','2017-07-24','2017-05-15','20',NULL,NULL,'10',2,'2017-06-01 06:51:58','2017-06-01 06:51:58'),(9,'UNIDAD 1 IMAGEN Y PEDAGOGÍA','documento_1496371314.pdf','2017-07-24','2017-05-15','20',NULL,NULL,'10',3,'2017-06-02 02:41:54','2017-06-02 02:41:54'),(10,'UNIDAD 2 COMPOSICIÓN EN LA PINTURA','documento_1496371345.pdf','2017-07-24','2017-05-15','20',NULL,NULL,'10',3,'2017-06-02 02:42:25','2017-06-02 02:42:25'),(11,'UNIDAD 3 LA FUNCIÓN EDUCATIVA DE LA FOTOGRAFIA',NULL,'2017-07-24','2017-05-15','20',NULL,NULL,'10',3,'2017-06-02 02:42:57','2017-06-02 02:42:57'),(12,'UNIDAD 4 ANÁLISIS DE PUBLICIDAD GRAFICA','documento_1496371410.pdf','2017-07-24','2017-05-15','20',NULL,NULL,'10',3,'2017-06-02 02:43:30','2017-06-02 02:43:30');
/*!40000 ALTER TABLE `unidads` ENABLE KEYS */;
UNLOCK TABLES;

--
-- Table structure for table `users`
--

DROP TABLE IF EXISTS `users`;
/*!40101 SET @saved_cs_client     = @@character_set_client */;
/*!40101 SET character_set_client = utf8 */;
CREATE TABLE `users` (
  `id` int(10) unsigned NOT NULL AUTO_INCREMENT,
  `name` varchar(255) COLLATE utf8_unicode_ci NOT NULL,
  `foto` varchar(255) COLLATE utf8_unicode_ci NOT NULL,
  `email` varchar(255) COLLATE utf8_unicode_ci DEFAULT NULL,
  `password` varchar(255) COLLATE utf8_unicode_ci NOT NULL,
  `type` enum('alumno','profesor','administrador') COLLATE utf8_unicode_ci NOT NULL DEFAULT 'alumno',
  `remember_token` varchar(100) COLLATE utf8_unicode_ci DEFAULT NULL,
  `created_at` timestamp NULL DEFAULT NULL,
  `updated_at` timestamp NULL DEFAULT NULL,
  PRIMARY KEY (`id`),
  UNIQUE KEY `users_email_unique` (`email`)
) ENGINE=InnoDB AUTO_INCREMENT=58 DEFAULT CHARSET=utf8 COLLATE=utf8_unicode_ci;
/*!40101 SET character_set_client = @saved_cs_client */;

--
-- Dumping data for table `users`
--

LOCK TABLES `users` WRITE;
/*!40000 ALTER TABLE `users` DISABLE KEYS */;
INSERT INTO `users` VALUES (1,'admin','logo.png','admin@gmail.com','$2y$10$GRgaK14K6/WYYIfXADRtROzB9CaxHkbw6/kdh6FzRR/6xxdqDCnkm','administrador','dwUCxWFiYHOmLJCvvyMXJcfsbdPL45sQb12mhTEAklXhrI6DWzVa7GXpKD7D',NULL,'2017-06-06 01:45:23'),(2,'CorPorMau_9213','file.png',NULL,'$2y$10$8PxiF8dpCZPHy0tP8uqgw.lOVttg.VHy/fWfKxwzkkUOxlAoCU90C','profesor','rXZC2NNdgB4NqVvPYXOpoVCHLM9FlqTRlmR0jDEClscqcfp0166vPu2Nz3yY','2017-05-31 18:11:10','2017-06-06 01:20:37'),(3,'cuate','file.png','alejandro_cuate@gmail','$2y$10$YxuKGUPvZtCXDxNGxMuCyeQv/yUG5TSElCthphpkZe6x3p9Z0dm6C','alumno','dQuUK6l2Nd10JYRZsjMBdd2eXijhutB7CKd8DCDGSqJmIkdhWIXDj1TcYI6f','2017-06-02 08:18:23','2017-06-02 08:18:54'),(4,'flores','file.png','azucena_flores@gmail.com','$2y$10$BwLuSz3mvZjmsNeDn60V1ey4iyzu/IDroX1RG6Nt.8irrYCK8fFVW','alumno','d0VCYOiYV4WpH9uvmDe95hobDoR8LVBsfu7gSEyyh8As88AfB07nCwamZN7B','2017-06-02 08:19:51','2017-06-02 08:20:05'),(5,'gallardo','file.png','luciveth_gallardo@gmail.com','$2y$10$H2axEHhQLsG4XCH.AvG1ReCQ7XpfoD90rBBsVO.9O5bMmvSHAdivG','alumno','rHys24fo65834h2iTtmHFA7hKLtXas04WiFoGrtHQd4Me5Hfq6kDh1kzTE1N','2017-06-02 08:21:35','2017-06-02 08:22:01'),(6,'garcia','file.png','delfino_garcia@gmail.com','$2y$10$r..C0p9QLgw.uOnaknQhoewtnZuQ0KL/Vp8vecLoV/PgUbClKNn0O','alumno','aUfjvA3I3tpoBdjTXsB2MCH5TBVOjwKgJZjtqqquLd2pwi5O8H3F00HqWcFc','2017-06-02 08:22:39','2017-06-02 08:22:58'),(7,'herrera','file.png','kendy_herrera@gmail.com','$2y$10$23G47VLfUINp1NQq9AzlPeFUrs517s6cmzvCL9hMauFnmvfBlGiD6','alumno','KZ582s97jIamleVhFelZ68xBsIJywY6YFJCxy9w1RGzXj6S8vm8FPUOderOh','2017-06-02 08:24:15','2017-06-02 08:24:33'),(8,'jimenez','file.png','rene_jimenez@gmail.com','$2y$10$3Uca5jkfhCyRfYV0lsexc.yVJQUOu2Bsc5MZESNt5y11SmFRmBizO','alumno','r6QJ4krYnWFK5Kwte1zNn9UDPIFjZQ6hmfy5CDmiY5181snjGklQ0AqvZudQ','2017-06-02 08:25:18','2017-06-02 08:25:36'),(9,'lopez','file.png','isela_lopez@gmail.com','$2y$10$WXfsclmlB3tXhhgabDlKT.STwFaSg4XGjS99sYGNX0vA/Q4zIfbLy','alumno','yG5kQ90azE5PvlhzVDMxMrXpVWfK9aoYATC9qg4UJtuxJhqUMZNYmgBRGKjP','2017-06-02 08:26:20','2017-06-02 08:29:25'),(10,'maldonado','file.png','lizeth_maldonado@gmail.com','$2y$10$EmZvYBDZaJtK1U87kjvh0OIQ42uI1if8sjHCUFjcdNh6wfJ4X4UT2','alumno','F8FOcj9Iuk7KX8sgbTsKQZv0cmmkoyvIGoCKJq2f9lrgrWViwz2ymUtEebBl','2017-06-02 08:30:14','2017-06-02 08:30:31'),(11,'martinezadame','file.png','josefrancisco_martinez@gmail.com','$2y$10$otb1M2eRiEAl7.DtEfQSBewICfvp261/H7/Sbs0C2.i3/x2cCIC72','alumno','oL53yxU1dItUClgeDXvM5M8z1tTdvBqP4nZrseYaX1QsqmYRDFeqjMAvpuyD','2017-06-02 08:31:43','2017-06-02 08:31:57'),(12,'martinezjesus','file.png','jesusgeovanni_martinez@gmail.com','$2y$10$x23fBo9MEv3Q4t2FmnVOpe5kTllVAt.B.5ijjFef2VoPt1GdQjdVe','alumno','CxefiXJ8ipaaDI5NzsYDke7bUcWlFziUDIfTrc240ce0vWKFEBVUTz5PIkZK','2017-06-02 08:32:55','2017-06-02 08:33:19'),(13,'martinezmaricruz','file.png','maricurz_martinez@gmail.com','$2y$10$kKK7NlDRNELP6zvY3/dc5OszngJYr/bZ/F7B1.k4W0d41sQoieBM2','alumno','1mWLa5Mqhg0EGXBspOMAm8IPsFPokLR4EVXwUwU9vscCMdFbFVGtvKImbjAp','2017-06-02 08:34:01','2017-06-02 08:34:18'),(14,'paulino','file.png','rocio_paulino@gmail.com','$2y$10$k0.PUH73rnU3Od7lnTvmJed7ZgHn4QAPlknxdbmlfZQk.Xmd4SZJS','alumno','mjHELnL0ti5YQfoLUPufAK6bUjcDQBI7cn41MnWL32OS7pfbUIZ5qTLHUClE','2017-06-02 08:35:11','2017-06-02 08:35:27'),(15,'pascual','file.png','caleb_pascual@gmail.com','$2y$10$HFILcr/zCOSCCVd3dMW0..VgK/IKMkazAJQjtgTmOEPvTqL/rcqRq','alumno','PtpSzpAKOljHRaevzMaQd32jvM7qTYj95ygQ4JxiFgx13TdblKITFt86JfUA','2017-06-02 08:36:12','2017-06-02 08:36:29'),(16,'portillo','file.png','alondra_portillo@gmail.com','$2y$10$YacfbWI9e1XepuK853/ZKus0pyjjtH6pYtbhXaHoTSHTULyo9Sj4W','alumno','ZrHkxZG2zjMHbUBVIoIIKFx4SLFXHJ04eK53SF6i5pruFwMny6ISBalVNIXl','2017-06-02 08:37:08','2017-06-02 08:37:22'),(17,'ramirez','file.png','yoana_ramirez@gmail.com','$2y$10$I6r3FLiIzGXTyyYGOrAFnODaisnwXkO3fRzHMj2QCRSa94RRxqGuS','alumno','ILqKhU3KQ5Dna4IXPAcWkJs416mDHIn7ZYqDfbT0SQbYxl2L615SxSvIKAwC','2017-06-02 08:37:57','2017-06-02 08:38:11'),(18,'rosales','file.png','juan_rosales@gmail.com','$2y$10$z1bPJ08wZAKatjJrCpXtBuECPjSWgbSCcWlyaAS7RfwliQmDBN3F6','alumno','CgUUqa4gAhlIzgtT1o6L7qMSgMcwGbBY2arPkmuVyONzmxWilrO6CPrvtbib','2017-06-02 08:39:03','2017-06-02 08:39:18'),(19,'valadez','file.png','uriel_valadez@gmail.com','$2y$10$6ql2oybJrd4tTdpxr0l/Jeqmm.Py0cEMOX728NQT7Tdt4lewtM0Ha','alumno','NUxRcsanyVVJMP99Z4OS3VIQBn1uuMlXjFRcFkrriGmCAls5Bblj17iqVOB4','2017-06-02 08:39:51','2017-06-02 08:40:08'),(20,'vela','file.png','celia_vela@gmail.com','$2y$10$zeumreWT3fpbtBtQHkE8QeMxD7vUnFFAweq1rM.BGSDfAYCYOLkHW','alumno','T9MDvGWufyp8fh53nxswtYDZWScqNWmg43rxolgWhKRsnqe6t9LzyjC6Q7Sj','2017-06-02 08:40:44','2017-06-05 21:38:03'),(21,'abad','file.png','angel_abad@gmail.com','$2y$10$..M4R.BVT6b.MwVBI6a./.68Qv1v8WVyhv8zTKkVDwMbr3xppMtkW','alumno','P5kDJ0LOrn1alWxhTAsBSzzTYfXZpYF5YXyNi5bNdPadbPe64fe3mDu16bsf','2017-06-02 08:41:49','2017-06-02 08:42:05'),(22,'bartolo','file.png','heriberto_bartolo@gmail.com','$2y$10$7yfcRALGTIytKOPUJZZj/eRWiLP9RMo2dVcQ185Z8RuiQ2qntsJPe','alumno','sD3Qpa66yF9qq3KqC2sHym7UTBcNEv4AECwLrPKE89Y7fCPnxWxb7kjZDHQO','2017-06-02 08:42:36','2017-06-02 08:42:48'),(23,'benitez','file.png','cinthia_benitez@gmail.com','$2y$10$Z4zE3UjDm8uB3He4KVpWae8mdjoHdzFzRftsfxaGO0dmUOmgIbvyS','alumno','tWyZlW9RQDu8M0eGTYk4f8myGz5vrfheKzrcurb52VsrmbCxDzELO6XvKHNo','2017-06-02 08:43:27','2017-06-02 08:43:43'),(24,'bernal','file.png','lizeth_bernal@gmail.com','$2y$10$3je762kcVjm9/9MUcP6Yr.EJdo/2X9HVNMTWtDosJ6l2J/SZ8waYu','alumno','zmqrHYplbwSuteZTbGvKrZduB0FWmGkaNH1PbpctqK5x7dObENRNXaaz5WCe','2017-06-02 08:44:34','2017-06-02 08:44:50'),(25,'chauteco','file.png','lerwin_chauteco@gmail.com','$2y$10$y0betLh.v5K/TipsUUI93O5TyMfiJbwBV1HjgcnSnSQzbiUyN13Gm','alumno','Z81bUqytmtErRn5eWweNIg0JI4ZEzPVKkAxYJH3yA8m4DZ41K5rWUmEZ0ksn','2017-06-02 08:45:28','2017-06-02 08:45:46'),(26,'abrajan','file.png','ulises_flores@gmail.com','$2y$10$ECXPYiGnwRix5ONg6dsrouJ0S7y25nCM2n4B.4F59zNmf.I60UCYO','alumno','2n0zd1ylrkMkmJ2opWG6e1mHqytP6XtjMqr6r2W0S1a6tpB4XANxCnMymFhz','2017-06-02 08:46:24','2017-06-02 08:46:38'),(27,'guzman','file.png','kelvin_guzman@gmail.com','$2y$10$3qiRDrORPQ28SArFGTPxcu.ZtPmKdE7ItRg5ur2i8PMAWBYN.elpy','alumno','663Np7KXj3dheBMpTDkprxyLFI4mDndLxbW7oTiH0PIjDqGcGDJtUj5hcqqJ','2017-06-02 08:47:16','2017-06-02 08:47:32'),(28,'manrique','file.png','inving_manrique@gmail.com','$2y$10$zI8HNsCYJat0xb1VsXumzu.5LURPlm43nWL.iQEl9626OFLOAeS0q','alumno','fa7K5dIluiX4J9p150MAFEQVLuqJuwFQOkIdpixrPgA5UUKOSM1llpUcK5XX','2017-06-02 08:47:59','2017-06-02 08:48:16'),(29,'marin','file.png','leidy_marin@gmail.com','$2y$10$pPP7ZCfXXqPdB13zoTUvRejFQIu7jqWk/8xKnvTVVlq8GwHgxHO/W','alumno','z0JXppm9EJ4YRYVWwf7ILR8C9JpQKVqSfrRbsWpRUMrAqS9TWUylBKLnF6xH','2017-06-02 08:49:01','2017-06-02 08:49:19'),(30,'melo','file.png','graciela_melo@gmail.com','$2y$10$hBkaYSYEiGYm1liCyLZo6uqMFSre1fsJTQ8PMM2UIOYdgBDSJW4Zu','alumno','BSkfcJKpww7fiphpm7Z6iWLpyNONZOE7SLykGsUWW6Vfhs3ojITwpxW7VJ2l','2017-06-02 08:49:53','2017-06-02 08:50:11'),(31,'munoz','file.png','itzel_munoz@gmail.com','$2y$10$PzNLHg2sskpqt5.WCCoEOeU6bVcK.2tYKCGgmYXEfrqdUu/cqbUSK','alumno','Avwh9FWIkaxBg5hlA6oGbRjnlZTxGwaMQ3AmsMtv8RfV29jj0cNQY24ti9B7','2017-06-02 08:50:41','2017-06-02 08:50:57'),(32,'najera','file.png','luz_najera@gmail.com','$2y$10$XkwoZ60BGB/G5byRIw2nT.t02g3hDctAM6nm/BINluGbddblVw9uK','alumno','nipuqd7tOppRsbVPgdKWGo6WLenetNK2of99VWm9FCzrJDUbwYcXdbAcnPaO','2017-06-02 08:51:32','2017-06-02 08:52:02'),(33,'ojeda','file.png','gema_ojeda@gmail.com','$2y$10$A42OO8qssrASMdyqZN5XbeMweIfx1gB.VOEOX69k.eG4pJDSiLTt6','alumno','rwTOraWLrG4d6ObBxC6JTCzYQ8igYWRhWxs4FiL1SbUFk5CxNjuBaYrDeO9E','2017-06-02 08:52:33','2017-06-02 08:53:13'),(34,'ortega','file.png','ricardo_ortega@gmail.com','$2y$10$6cESb2sjc9V3.D0Dg2acyOuPVHjP2srsNUiAlgBWSIs1kWd36dxZi','alumno','JAVWXWjpDRd9Uv7rB9hWz4aQ90C4epRwR7Tt1dXeZf3DXM2P4LFiCMYDMFCI','2017-06-02 08:53:40','2017-06-02 08:54:00'),(35,'suastegui','file.png','jose_suastegui@gmail.com','$2y$10$p.kciAoR0u1MEAWCh6n.DO1nF.rjT1mD/rzaCOrcM76YlN9/4W772','alumno','ioEv31c8p5xZVqZZKdRu8y1mM1EeCNaxEbh1vIrmz3CJQUAibNFurryPY2gr','2017-06-02 08:54:41','2017-06-02 08:54:54'),(36,'trigo','file.png','margarely_trigo@gmail.com','$2y$10$Awqa9h1s3KEk3uMm16OG.OA/384lUDlEuSDBTM5yQztb34NKiNNYm','alumno','ITGJd2ApPd16Itzn1ZwEcyeHZYB9IoMG7F25GVguc3ygbonEUTdoE6F6xZED','2017-06-02 08:55:24','2017-06-02 08:55:39'),(37,'vazquez','file.png','diana_vazquez@gmail.com','$2y$10$oSUpIrAcCPnMBPBPajdcQeuFFucDIz93wBwWSs1FPze/a/Gr7nNEG','alumno','Bz49fwaMLTh23zx5ytpgXVDoxGPRFmHfGcufl0vxV7P1e5CdLWFyxgN68IjY','2017-06-02 08:56:11','2017-06-02 08:56:25'),(38,'zeferino','file.png','israel_jaimes@gmail.com','$2y$10$pkc1ik0F6qU9eu5QF/4houCshbWQobEFP9.bLlKqvt5tTxlwddF/y','alumno','SRzHd10hXIXtK3uQcNj3NU8K7za4onNNGzLbNY8nBoSLKBW8hLHtWpzP6G8i','2017-06-02 08:57:02','2017-06-02 08:57:18'),(39,'adame','file.png','blanca_adame@gmail.com','$2y$10$XfnWiKaC7vLSZGIJSnYfb.6Lp18GDDlLXcueLDSO5h9GpcP6cIsTC','alumno','ceHOxt196bJokcF9MYI6Jvh606EzTVAzBxjcieTfaV2Rp6lSX4WW3Mf6aAV0','2017-06-02 08:58:01','2017-06-02 08:58:28'),(40,'amado','file.png','teresa_amado@gmail.com','$2y$10$sPOeUuUzJAuhH5NBHOHpSuVY.IUVhlRZ7Pe3EoUaGJO8AadtpgOKS','alumno','qiyvDfbsfnre55p4PvO3NvpSmS65f8w1C83rvuTfJOefTPVjdw2QghCiLDSU','2017-06-02 08:59:02','2017-06-02 08:59:18'),(41,'antano','file.png','luis_antano@gmail.com','$2y$10$yPKL/eNNe2IoTnfwU7nxeO/jNNiKDapepBT6xi9rtxr5jhxFdne9S','alumno','vqGefmgx3BuxlU1PEaQNqeT3TYzlepvU62yLMRq3sqAlEhVWUzNdUMSjUaZt','2017-06-02 09:00:01','2017-06-02 09:19:59'),(42,'bello','file.png','jocelyn_bello@gmail.com','$2y$10$a36NBwyyqCSgim1NATnx/eUo5NHsQ9yZBeuhWbmOdSsrKn4nSJ3d.','alumno','Mxp2UFyJNyr4Oa3H67bKiYrxjCq1v4QuQGIlxUD3jY6jGVhJb1XlcEJyZ2mq','2017-06-02 09:00:46','2017-06-02 09:01:05'),(43,'casarrubias','file.png','felipe_casarrubias@gmail.com','$2y$10$K8xS.m7g1x50VxGOICVuwOImqM6F5qLdQpqfvWfT8VCWbWGgFDjRO','alumno','BJcl4j4Z2GU3SoPMMa49cgr46NhmL7JijJMTnA853NZUOmB9lM5536c4tlf4','2017-06-02 09:01:46','2017-06-02 09:02:09'),(44,'carrillo','file.png','rud_carrillo@gmail.com','$2y$10$956r9hO6KrOP3vxPHlGYCeS4Q/A/lPFCOmnjRF7MBj8vtF1CY3XfC','alumno','BVYYvB5fS0Ox8U6y5bNqD48q1qxUVtgaSOn1Qx7jjRvh0hr6GKLxrQw384S7','2017-06-02 09:02:52','2017-06-02 09:03:09'),(45,'celino','file.png','angel_celino@gmail.com','$2y$10$H61PofsAGCeY7kD2VpyKOehByZakqBHa6Bx3hRSYKeFjyuFdzDTG2','alumno','iFkQxvqHnRQeSxGsnMI5SUBlQ0TehVd4XZ1Gpp5JnzcmyyC9MkAXCbkSR21v','2017-06-02 09:03:42','2017-06-02 09:03:59'),(46,'coronel','file.png','jesus_coronel@gmail.com','$2y$10$hthcuLsUp6SROvxvAETjheuzCookEklaj1S.rlnVBlvVhiswOiB3i','alumno','KbxOFdxhTyUS3Ga4DITVbkCSnKimA9vmL86zpzm5O6d3OyX5RSOgAsIhCCFH','2017-06-02 09:04:27','2017-06-02 09:04:42'),(47,'cruz','file.png','elizabeth_cruz@gmail.com','$2y$10$baNy7h1eM2VligOL6r3EFepkzewWIjzL5bVHwdDcrQ9FUrBU3fjSm','alumno','ypKyPlFDoNh1Pp06p7rintwIcCzyfJflB0kZHBjwyPLQCC4Dz154gkQ3jovs','2017-06-02 09:05:11','2017-06-02 09:05:30'),(48,'ibanez','file.png','abilene_ibanez@gmail.com','$2y$10$gZHN3ezoZYCBbTYdhRehx.r8XJxDMxZExeDRDKuaHo9l/OfSqIotW','alumno','fXDWU2VT5q3EzZk3tJ7VuQ4iw9MW7vfmXSe67VTg9uYv7vrVz52F8sChMlN8','2017-06-02 09:06:01','2017-06-02 09:06:16'),(49,'juarez','file.png','david_juarez@gmail.com','$2y$10$qa6153NIly7a6Dxk98.hTeDDHUxB0oVOBPZDirF3zDjBcRMi//Oie','alumno','cnCftsMDiXfbrmdVrGsgOoL40o6HZyqiIExIOGWvjdSMwB9yNKHy6kmPruFk','2017-06-02 09:06:40','2017-06-02 09:06:58'),(50,'nava','file.png','jose_nava@gmail.com','$2y$10$i0syFoNtq4pKh5XJbcA5DOFrtgrhqLbEpx11aahWfGX.CA3j9c4ie','alumno','GPJ4Y5iTCyUQMsDJFF1gVsPhzam1t6kbe2THVxQE0VtvRop9AVBhYi7Vj5En','2017-06-02 09:07:40','2017-06-02 09:07:55'),(51,'sandoval','file.png','natividad_sandoval@gmail.com','$2y$10$F.rx8.34Ftly8ZdRFvXOi.HiFzu4uEZecQa7YETTrcDQTVKvBYHrC','alumno','0EPZPcEc4rpoWfCbASu2ve6OWkfaNP1oTrlWUxwWuWTPbn7cbLzoQtrzohgR','2017-06-02 09:08:23','2017-06-02 09:08:38'),(52,'suarez','file.png','luis_suarez@gmail.com','$2y$10$qdS.OqKQzMz9Ts.djWtYKeeJe5izkGYyvh9YLrWHgWg3gpiCRp/ZC','alumno','5YuM7Q5oiT43yyg42BSCjP5w9ZX1DFg9OjXQ4GrX3ZJUDADsj844afs4UH7U','2017-06-02 09:09:10','2017-06-02 09:09:29'),(53,'sebastian','file.png','edith_sebastian@gmail.com','$2y$10$csAjVT8xetvm5OIFYBYJOu6r4.dmHHkdGzpB1Etb2ojahNhqVDSEm','alumno','cjt2v8XtTbFATNPq2V55GFMuhyu3nyqtA2GSVQ2k2mvqGr1sx57hLglSKRGO','2017-06-02 09:09:55','2017-06-02 09:10:09'),(54,'tizapa','file.png','erick_tizapa@gmail.com','$2y$10$WswkgRZDNGgtsVMoC07/geD93w4n8PjBhw7rs/xzlYimYPcHpddnC','alumno','l4SABbGaLZmyXxOguG28gjMjXa2sIgs6sgxjV7milAxcC0yeNHhAkXIkGlB9','2017-06-02 09:10:37','2017-06-02 09:10:53'),(55,'castaneda','file.png','katia_valadez@gmail.com','$2y$10$x4WvFMmUwhQ.yYbTpiZ.meLDQbRolr1bRqf3xhSPmDVph8MHp/y/G','alumno','qgVzCtyDOYuSBx00Vr3IkhnQOJkWOxo6dD9oMPqlSVjMLZCJ1exp9T0z8umX','2017-06-02 09:11:32','2017-06-02 09:11:46'),(56,'villanueva','file.png','yaritza_villanueva@gmail.com','$2y$10$WoI6NwLE4YZqke0cTPU1a./mHbkgFQh6xT0ihBblA1ohGNG0nrGKO','alumno','1qxf9uVQPT1EC870ouK8I3fRxrmyFfPlXK40QNCvOV81DRg0jmNYwC1i2ynf','2017-06-02 09:12:20','2017-06-02 09:12:33'),(57,'gonzalez ','file.png','maria_gonzalez@gmail.com','$2y$10$cHXIXb7ZKjPP.mpZ3xPcmOTx1cHKwlBqOwqrzbL55Md5Y0.27HsIO','alumno','szxkdMBAiFugRYkKDYHxjrXRlcEZTkbkkEgS234A8T0bOth2aNLGohKil3YY','2017-06-02 09:13:48','2017-06-06 01:26:32');
/*!40000 ALTER TABLE `users` ENABLE KEYS */;
UNLOCK TABLES;
/*!40103 SET TIME_ZONE=@OLD_TIME_ZONE */;

/*!40101 SET SQL_MODE=@OLD_SQL_MODE */;
/*!40014 SET FOREIGN_KEY_CHECKS=@OLD_FOREIGN_KEY_CHECKS */;
/*!40014 SET UNIQUE_CHECKS=@OLD_UNIQUE_CHECKS */;
/*!40101 SET CHARACTER_SET_CLIENT=@OLD_CHARACTER_SET_CLIENT */;
/*!40101 SET CHARACTER_SET_RESULTS=@OLD_CHARACTER_SET_RESULTS */;
/*!40101 SET COLLATION_CONNECTION=@OLD_COLLATION_CONNECTION */;
/*!40111 SET SQL_NOTES=@OLD_SQL_NOTES */;

-- Dump completed on 2017-06-06 13:38:47
