-- MySQL dump 10.13  Distrib 5.7.18, for Linux (x86_64)
--
-- Host: localhost    Database: simulator
-- ------------------------------------------------------
-- Server version	5.7.18-0ubuntu0.16.04.1

/*!40101 SET @OLD_CHARACTER_SET_CLIENT=@@CHARACTER_SET_CLIENT */;
/*!40101 SET @OLD_CHARACTER_SET_RESULTS=@@CHARACTER_SET_RESULTS */;
/*!40101 SET @OLD_COLLATION_CONNECTION=@@COLLATION_CONNECTION */;
/*!40101 SET NAMES utf8 */;
/*!40103 SET @OLD_TIME_ZONE=@@TIME_ZONE */;
/*!40103 SET TIME_ZONE='+00:00' */;
/*!40014 SET @OLD_UNIQUE_CHECKS=@@UNIQUE_CHECKS, UNIQUE_CHECKS=0 */;
/*!40014 SET @OLD_FOREIGN_KEY_CHECKS=@@FOREIGN_KEY_CHECKS, FOREIGN_KEY_CHECKS=0 */;
/*!40101 SET @OLD_SQL_MODE=@@SQL_MODE, SQL_MODE='NO_AUTO_VALUE_ON_ZERO' */;
/*!40111 SET @OLD_SQL_NOTES=@@SQL_NOTES, SQL_NOTES=0 */;

--
-- Table structure for table `alumnos`
--

DROP TABLE IF EXISTS `alumnos`;
/*!40101 SET @saved_cs_client     = @@character_set_client */;
/*!40101 SET character_set_client = utf8 */;
CREATE TABLE `alumnos` (
  `ALU_id` int(10) unsigned NOT NULL AUTO_INCREMENT,
  `ALU_nombre` varchar(255) COLLATE utf8_unicode_ci DEFAULT NULL,
  `ALU_apellido_p` varchar(255) COLLATE utf8_unicode_ci DEFAULT NULL,
  `ALU_apellido_m` varchar(255) COLLATE utf8_unicode_ci DEFAULT NULL,
  `ALU_edad` varchar(255) COLLATE utf8_unicode_ci DEFAULT NULL,
  `ALU_sexo` varchar(255) COLLATE utf8_unicode_ci DEFAULT NULL,
  `ALU_metricula` int(11) DEFAULT NULL,
  `USE_id` int(10) unsigned DEFAULT NULL,
  `DIR_id` int(10) unsigned DEFAULT NULL,
  `created_at` timestamp NULL DEFAULT NULL,
  `updated_at` timestamp NULL DEFAULT NULL,
  PRIMARY KEY (`ALU_id`),
  KEY `alumnos_use_id_foreign` (`USE_id`),
  KEY `alumnos_dir_id_foreign` (`DIR_id`),
  CONSTRAINT `alumnos_dir_id_foreign` FOREIGN KEY (`DIR_id`) REFERENCES `direccions` (`DIR_id`),
  CONSTRAINT `alumnos_use_id_foreign` FOREIGN KEY (`USE_id`) REFERENCES `users` (`id`)
) ENGINE=InnoDB AUTO_INCREMENT=59 DEFAULT CHARSET=utf8 COLLATE=utf8_unicode_ci;
/*!40101 SET character_set_client = @saved_cs_client */;

--
-- Dumping data for table `alumnos`
--

LOCK TABLES `alumnos` WRITE;
/*!40000 ALTER TABLE `alumnos` DISABLE KEYS */;
INSERT INTO `alumnos` VALUES (1,'Alejandro','Cuate','Salmerón','18','hombre',12000,3,2,'2017-05-17 22:44:43','2017-05-17 22:44:43'),(2,'Azucena','Flores','Castro','00','mujer',0,4,3,'2017-05-17 22:48:23','2017-05-17 22:48:23'),(3,'Ma. Luciveth','Gallardo','Villanueva','00','hombre',0,5,4,'2017-05-17 22:54:23','2017-05-18 03:11:41'),(4,'Delfino','Garcia ','Morales','00','hombre',0,6,5,'2017-05-17 22:55:56','2017-05-17 22:55:56'),(5,'Kendy Bisley','Herrera','Balanzar','00','mujer',0,7,6,'2017-05-17 22:58:09','2017-05-17 22:58:09'),(6,'Hensel Rene','Jimenez','Lopez','00','hombre',0,8,7,'2017-05-17 22:59:40','2017-05-17 22:59:40'),(7,'Rosa Isela ','Lopez','Blanco','00','mujer',0,9,8,'2017-05-17 23:01:58','2017-05-17 23:01:58'),(8,'Lizeth','Maldonado','Garcia','00','mujer',0,10,9,'2017-05-17 23:04:05','2017-05-17 23:04:05'),(9,'Jose Francisco','Martinez','Adame ','00','hombre',0,11,10,'2017-05-17 23:14:37','2017-05-17 23:14:37'),(10,'Jesus Geovanni','Martinez','Morales','00','hombre',0,12,11,'2017-05-17 23:24:05','2017-05-17 23:24:05'),(11,'Maricruz','Martinez','Morales','00','mujer',0,13,12,'2017-05-17 23:26:27','2017-05-17 23:26:27'),(12,'Rocio Andrea','Paulino','Juarez','00','mujer',0,14,13,'2017-05-17 23:27:55','2017-05-17 23:27:55'),(13,'Abner Caleb','Pascual','Castro','00','hombre',0,15,14,'2017-05-17 23:30:17','2017-05-17 23:30:17'),(14,'Alondra Guadalupe','Portillo','Morales','00','mujer',0,16,15,'2017-05-17 23:50:30','2017-05-17 23:50:30'),(15,'Yoana Astrid','Ramirez','Bahena','00','mujer',0,17,16,'2017-05-17 23:52:52','2017-05-17 23:52:52'),(16,'Juan Francisco','Rosales','Celino','00','hombre',0,18,17,'2017-05-17 23:54:24','2017-05-17 23:54:24'),(17,'Uriel','Valadez','Legideño','00','hombre',0,19,18,'2017-05-17 23:56:05','2017-05-17 23:56:05'),(18,'Cecilia','Vela','Cruz','00','mujer',0,20,19,'2017-05-17 23:57:11','2017-05-17 23:57:11'),(19,'Angel de Jesus','Abad ','Romero','00','hombre',0,21,20,'2017-05-18 00:10:22','2017-05-18 00:10:22'),(20,'Heriberto','Bartolo','Morales','00','hombre',0,22,21,'2017-05-18 00:12:12','2017-05-18 00:12:12'),(21,'Cinthia Pamela','Benitez','Villalva','00','mujer',0,23,22,'2017-05-18 00:13:52','2017-05-18 00:13:52'),(22,'Cindy Lizeth','Bernal','Bello','00','mujer',0,24,23,'2017-05-18 00:15:39','2017-05-18 00:15:39'),(23,'Lerwin Yahir','Chauteco','Valadez','00','hombre',0,25,24,'2017-05-18 00:17:44','2017-05-18 00:17:44'),(26,'Kelvin Gerardo','Guzman','Garcia','00','hombre',0,29,28,'2017-05-18 00:27:14','2017-05-18 00:27:14'),(27,'Irving Paul','Manrique','Aviles','00','hombre',0,30,29,'2017-05-18 00:29:31','2017-05-18 00:29:31'),(28,'Leidy Gethzemani','Marin','Telumbre','00','mujer',0,31,30,'2017-05-18 00:31:59','2017-05-18 00:31:59'),(29,'Graciela','Melo','Galeana','00','mujer',0,32,31,'2017-05-18 00:33:38','2017-05-18 00:33:38'),(30,'Itzel','Muñoz','Rosales','00','mujer',0,33,32,'2017-05-18 00:36:15','2017-05-18 00:36:15'),(31,'Luz Arely','Najera','Martinez','00','mujer',0,34,33,'2017-05-18 00:38:24','2017-05-18 00:38:24'),(32,'Gema Josabeth','Ojeda','Bello','00','hombre',0,35,34,'2017-05-18 00:47:09','2017-05-18 00:47:09'),(33,'Ricardo','Ortega','Arista','00','hombre',0,36,35,'2017-05-18 00:48:18','2017-05-18 00:48:18'),(34,'Jose Arturo','Suastegui','Jimenez','00','hombre',0,37,36,'2017-05-18 00:49:22','2017-05-18 00:49:22'),(35,'Margarely','Trigo','Navarrete','00','mujer',0,38,37,'2017-05-18 00:51:11','2017-05-18 00:51:11'),(36,'Diana Arleth','Vazquez','Ramirez','00','mujer',0,39,38,'2017-05-18 00:53:06','2017-05-18 00:53:06'),(37,'Israel','Zeferino','Jaimes','00','hombre',0,40,39,'2017-05-18 00:53:59','2017-05-18 00:53:59'),(38,'Blanca Azucena','Adame','Cisceros','00','mujer',0,41,40,'2017-05-18 00:55:37','2017-05-18 00:55:37'),(39,'Maria Teresa de Jesus','Amado','Zoto','00','mujer',0,42,41,'2017-05-18 00:57:57','2017-05-18 00:57:57'),(40,'Luis Diego','Antaño','Tapia','00','hombre',0,43,42,'2017-05-18 01:04:01','2017-05-18 01:04:01'),(41,'Jocelyn Yaritzy','Bello','Mendoza','00','mujer',0,44,43,'2017-05-18 01:06:52','2017-05-18 01:06:52'),(42,'Ever Josue','Casarrubias','Felipe','00','hombre',0,45,44,'2017-05-18 01:09:06','2017-05-18 01:09:06'),(43,'Rud Queli','Carrillo','Cipriano','00','mujer',0,46,45,'2017-05-18 01:10:17','2017-05-18 01:10:17'),(44,'Angel Osvaldo','Celino','Garcia','00','hombre',0,47,46,'2017-05-18 01:11:24','2017-05-18 01:11:24'),(45,'Jesus','Coronel','Coronel','00','hombre',0,48,47,'2017-05-18 01:12:28','2017-05-18 01:12:28'),(46,'Elizabeth','De la Cruz','Martinez','00','mujer',0,49,48,'2017-05-18 01:13:41','2017-05-18 01:13:41'),(47,'Abilene','Ibañez','Sanchez','00','mujer',0,50,49,'2017-05-18 01:14:38','2017-05-18 01:14:38'),(48,'David','Juarez','Luis','00','hombre',0,51,50,'2017-05-18 01:15:39','2017-05-18 01:15:39'),(49,'Jose Angel','Nava','Jacobo','00','hombre',0,52,51,'2017-05-18 01:16:36','2017-05-18 01:16:36'),(50,'Natividad','Sandoval','Sanchez','00','mujer',0,53,52,'2017-05-18 01:17:34','2017-05-18 01:17:34'),(51,'Luis Valerio','Suarez','Suarez','00','hombre',0,54,53,'2017-05-18 01:18:33','2017-05-18 01:18:33'),(52,'Edith Guadalupe','Sebastian','Salazar','00','mujer',0,55,54,'2017-05-18 01:19:33','2017-05-18 01:19:33'),(53,'Erick Manuel','Tizapa','Hernandez','00','hombre',0,56,55,'2017-05-18 01:20:49','2017-05-18 01:20:49'),(55,'Katia Guadaluoe','Valadez','Castañeda','00','mujer',0,58,57,'2017-05-18 01:23:24','2017-05-18 01:23:24'),(56,'Yaritza Emir','Villanueva','Lopez','00','mujer',0,59,58,'2017-05-18 01:24:37','2017-05-18 01:24:37'),(57,'Maria Roxana','Gonzalez','Gonzalez','00','mujer',0,60,59,'2017-05-18 01:25:53','2017-05-18 01:25:53'),(58,'Ulises','Abrajan','Flores','00','hombre',0,61,60,'2017-05-18 03:47:35','2017-05-18 03:47:35');
/*!40000 ALTER TABLE `alumnos` ENABLE KEYS */;
UNLOCK TABLES;

--
-- Table structure for table `cur_alus`
--

DROP TABLE IF EXISTS `cur_alus`;
/*!40101 SET @saved_cs_client     = @@character_set_client */;
/*!40101 SET character_set_client = utf8 */;
CREATE TABLE `cur_alus` (
  `CUAL_id` int(10) unsigned NOT NULL AUTO_INCREMENT,
  `CUAL_estatus` enum('aprobado','pendiente','denegado') COLLATE utf8_unicode_ci NOT NULL DEFAULT 'pendiente',
  `CUR_id` int(10) unsigned DEFAULT NULL,
  `ALU_id` int(10) unsigned DEFAULT NULL,
  `CUAL_intentos` int(11) DEFAULT NULL,
  `CUAL_calificacion` int(11) DEFAULT NULL,
  `created_at` timestamp NULL DEFAULT NULL,
  `updated_at` timestamp NULL DEFAULT NULL,
  PRIMARY KEY (`CUAL_id`),
  KEY `cur_alus_cur_id_foreign` (`CUR_id`),
  KEY `cur_alus_alu_id_foreign` (`ALU_id`),
  CONSTRAINT `cur_alus_alu_id_foreign` FOREIGN KEY (`ALU_id`) REFERENCES `alumnos` (`ALU_id`),
  CONSTRAINT `cur_alus_cur_id_foreign` FOREIGN KEY (`CUR_id`) REFERENCES `cursos` (`CUR_id`)
) ENGINE=InnoDB AUTO_INCREMENT=59 DEFAULT CHARSET=utf8 COLLATE=utf8_unicode_ci;
/*!40101 SET character_set_client = @saved_cs_client */;

--
-- Dumping data for table `cur_alus`
--

LOCK TABLES `cur_alus` WRITE;
/*!40000 ALTER TABLE `cur_alus` DISABLE KEYS */;
INSERT INTO `cur_alus` VALUES (1,'aprobado',1,1,2,7,'2017-05-17 22:46:28','2017-06-09 21:11:14'),(2,'aprobado',1,2,1,7,'2017-05-17 22:48:38','2017-06-09 21:39:31'),(3,'aprobado',1,3,2,7,'2017-05-17 22:54:45','2017-06-09 22:05:54'),(4,'aprobado',1,4,2,7,'2017-05-17 22:56:06','2017-06-09 22:36:09'),(5,'aprobado',1,5,1,9,'2017-05-17 22:58:20','2017-06-10 02:34:13'),(6,'aprobado',1,6,1,5,'2017-05-17 22:59:53','2017-06-10 03:04:55'),(7,'aprobado',1,7,1,8,'2017-05-17 23:02:07','2017-06-10 03:21:06'),(8,'aprobado',1,8,3,4,'2017-05-17 23:04:14','2017-06-10 03:37:02'),(9,'aprobado',1,9,1,6,'2017-05-17 23:14:46','2017-06-10 03:56:52'),(10,'aprobado',1,10,1,7,'2017-05-17 23:24:22','2017-06-10 04:25:16'),(11,'aprobado',1,11,1,8,'2017-05-17 23:26:47','2017-06-10 04:58:37'),(12,'aprobado',1,12,3,6,'2017-05-17 23:28:06','2017-06-10 05:39:52'),(13,'aprobado',1,13,1,8,'2017-05-17 23:30:26','2017-06-10 06:05:14'),(14,'aprobado',1,14,1,0,'2017-05-17 23:50:37','2017-06-10 06:10:22'),(15,'aprobado',1,15,1,3,'2017-05-17 23:53:20','2017-06-10 06:14:34'),(16,'aprobado',1,16,1,0,'2017-05-17 23:54:32','2017-06-10 06:19:25'),(17,'aprobado',1,17,1,3,'2017-05-17 23:56:15','2017-06-10 06:25:05'),(18,'aprobado',1,18,1,4,'2017-05-17 23:57:21','2017-06-10 06:29:15'),(19,'aprobado',2,19,NULL,NULL,'2017-05-18 00:10:41','2017-05-18 01:30:56'),(20,'aprobado',2,20,NULL,NULL,'2017-05-18 00:12:21','2017-05-18 01:30:58'),(21,'aprobado',2,21,NULL,NULL,'2017-05-18 00:14:00','2017-05-18 01:31:00'),(22,'aprobado',2,22,NULL,NULL,'2017-05-18 00:15:47','2017-05-18 01:31:02'),(23,'aprobado',2,23,NULL,NULL,'2017-05-18 00:17:53','2017-05-18 01:31:03'),(25,'aprobado',2,26,NULL,NULL,'2017-05-18 00:27:29','2017-05-18 01:31:04'),(26,'aprobado',2,27,NULL,NULL,'2017-05-18 00:29:38','2017-05-18 01:31:08'),(27,'aprobado',2,28,NULL,NULL,'2017-05-18 00:32:08','2017-05-18 01:31:07'),(28,'aprobado',2,29,NULL,NULL,'2017-05-18 00:33:45','2017-05-18 01:31:11'),(29,'aprobado',2,30,NULL,NULL,'2017-05-18 00:36:28','2017-05-18 01:31:10'),(30,'aprobado',2,31,NULL,NULL,'2017-05-18 00:38:31','2017-05-18 01:31:13'),(31,'aprobado',2,32,NULL,NULL,'2017-05-18 00:47:16','2017-05-18 01:31:12'),(32,'aprobado',2,33,NULL,NULL,'2017-05-18 00:48:27','2017-05-18 01:31:14'),(33,'aprobado',2,34,NULL,NULL,'2017-05-18 00:49:31','2017-05-18 01:31:15'),(34,'aprobado',2,35,NULL,NULL,'2017-05-18 00:51:19','2017-05-18 01:31:17'),(35,'aprobado',2,36,NULL,NULL,'2017-05-18 00:53:15','2017-05-18 01:31:18'),(36,'aprobado',2,37,NULL,NULL,'2017-05-18 00:54:07','2017-05-18 01:31:19'),(39,'aprobado',3,40,NULL,NULL,'2017-05-18 01:04:11','2017-05-18 01:31:50'),(40,'aprobado',3,41,NULL,NULL,'2017-05-18 01:07:00','2017-05-18 01:31:51'),(41,'aprobado',3,42,NULL,NULL,'2017-05-18 01:09:13','2017-05-18 01:31:52'),(42,'aprobado',3,43,NULL,NULL,'2017-05-18 01:10:25','2017-05-18 01:31:53'),(43,'aprobado',3,44,NULL,NULL,'2017-05-18 01:11:38','2017-05-18 01:31:54'),(44,'aprobado',3,45,NULL,NULL,'2017-05-18 01:12:37','2017-05-18 01:31:56'),(45,'aprobado',3,46,NULL,NULL,'2017-05-18 01:13:48','2017-05-18 01:31:57'),(46,'aprobado',3,47,NULL,NULL,'2017-05-18 01:14:48','2017-05-18 01:31:58'),(47,'aprobado',3,48,NULL,NULL,'2017-05-18 01:15:47','2017-05-18 01:32:00'),(48,'aprobado',3,49,NULL,NULL,'2017-05-18 01:16:43','2017-05-18 01:32:01'),(49,'aprobado',3,50,NULL,NULL,'2017-05-18 01:17:42','2017-05-18 01:32:02'),(50,'aprobado',3,51,NULL,NULL,'2017-05-18 01:18:39','2017-05-18 01:32:03'),(51,'aprobado',3,52,NULL,NULL,'2017-05-18 01:19:40','2017-05-18 01:32:04'),(52,'aprobado',3,53,NULL,NULL,'2017-05-18 01:20:57','2017-05-18 01:32:05'),(53,'aprobado',3,55,NULL,NULL,'2017-05-18 01:23:32','2017-05-18 01:32:06'),(54,'aprobado',3,56,NULL,NULL,'2017-05-18 01:24:44','2017-05-18 01:32:07'),(55,'aprobado',3,57,NULL,NULL,'2017-05-18 01:26:12','2017-05-18 01:32:15'),(56,'aprobado',3,38,NULL,NULL,'2017-05-18 03:25:49','2017-05-18 03:27:53'),(57,'aprobado',3,39,NULL,NULL,'2017-05-18 03:26:26','2017-05-18 03:27:51'),(58,'aprobado',2,58,NULL,NULL,'2017-05-18 03:47:47','2017-05-18 03:48:18');
/*!40000 ALTER TABLE `cur_alus` ENABLE KEYS */;
UNLOCK TABLES;

--
-- Table structure for table `cursos`
--

DROP TABLE IF EXISTS `cursos`;
/*!40101 SET @saved_cs_client     = @@character_set_client */;
/*!40101 SET character_set_client = utf8 */;
CREATE TABLE `cursos` (
  `CUR_id` int(10) unsigned NOT NULL AUTO_INCREMENT,
  `CUR_nombre` varchar(255) COLLATE utf8_unicode_ci DEFAULT NULL,
  `CUR_descripcion` longtext COLLATE utf8_unicode_ci,
  `CUR_cupos` int(11) DEFAULT NULL,
  `CUR_fecha` date DEFAULT NULL,
  `CUR_clave` varchar(255) COLLATE utf8_unicode_ci DEFAULT NULL,
  `CUR_foto` varchar(255) COLLATE utf8_unicode_ci DEFAULT NULL,
  `CUR_estatus` enum('habilitado','deshabilitado') COLLATE utf8_unicode_ci NOT NULL DEFAULT 'habilitado',
  `PRO_id` int(10) unsigned DEFAULT NULL,
  `CUR_fecha_inicio` date DEFAULT NULL,
  `CUR_fecha_final` date DEFAULT NULL,
  `CUR_estatus_examen` enum('habilitado','deshabilitado') COLLATE utf8_unicode_ci NOT NULL DEFAULT 'deshabilitado',
  `CUR_tiempo` varchar(255) COLLATE utf8_unicode_ci DEFAULT NULL,
  `CUR_numero_preguntas` int(11) DEFAULT NULL,
  `created_at` timestamp NULL DEFAULT NULL,
  `updated_at` timestamp NULL DEFAULT NULL,
  PRIMARY KEY (`CUR_id`),
  KEY `cursos_pro_id_foreign` (`PRO_id`),
  CONSTRAINT `cursos_pro_id_foreign` FOREIGN KEY (`PRO_id`) REFERENCES `profesors` (`PRO_id`)
) ENGINE=InnoDB AUTO_INCREMENT=4 DEFAULT CHARSET=utf8 COLLATE=utf8_unicode_ci;
/*!40101 SET character_set_client = @saved_cs_client */;

--
-- Dumping data for table `cursos`
--

LOCK TABLES `cursos` WRITE;
/*!40000 ALTER TABLE `cursos` DISABLE KEYS */;
INSERT INTO `cursos` VALUES (1,'USO DE LOS MEDIOS EN EL AULA GRUPO 101','El uso de medios de comunicación e información en las prácticas pedagógicas es un recurso indispensable para acercar el desarrollo de las competencias de los estudiantes a las dinámicas del mundo contemporáneo',18,'2017-06-07','101','curso_1494986143.JPG','habilitado',1,'2017-06-05','2017-07-26','habilitado','20',10,'2017-05-17 01:55:43','2017-06-09 20:42:58'),(2,'USO DE LOS MEDIOS EN EL AULA GRUPO 102','El uso de medios de comunicación e información en las prácticas pedagógicas es un recurso indispensable para acercar el desarrollo de las competencias de los estudiantes a las dinámicas del mundo contemporáneo.',18,'2017-05-16','102','curso_1494986325.jpg','habilitado',1,NULL,NULL,'deshabilitado',NULL,NULL,'2017-05-17 01:58:45','2017-05-17 01:58:45'),(3,'USO DE LOS MEDIOS EN EL AULA GRUPO 103','El uso de medios de comunicación e información en las prácticas pedagógicas es un recurso indispensable para acercar el desarrollo de las competencias de los estudiantes a las dinámicas del mundo contemporáneo.',19,'2017-05-17','103','curso_1494986379.JPG','habilitado',1,NULL,NULL,'deshabilitado',NULL,NULL,'2017-05-17 01:59:39','2017-05-18 04:22:53');
/*!40000 ALTER TABLE `cursos` ENABLE KEYS */;
UNLOCK TABLES;

--
-- Table structure for table `direccions`
--

DROP TABLE IF EXISTS `direccions`;
/*!40101 SET @saved_cs_client     = @@character_set_client */;
/*!40101 SET character_set_client = utf8 */;
CREATE TABLE `direccions` (
  `DIR_id` int(10) unsigned NOT NULL AUTO_INCREMENT,
  `DIR_calle` varchar(255) COLLATE utf8_unicode_ci DEFAULT NULL,
  `DIR_colonia` varchar(255) COLLATE utf8_unicode_ci DEFAULT NULL,
  `DIR_estado` varchar(255) COLLATE utf8_unicode_ci DEFAULT NULL,
  `DIR_ciudad` varchar(255) COLLATE utf8_unicode_ci DEFAULT NULL,
  `DIR_pais` varchar(255) COLLATE utf8_unicode_ci DEFAULT NULL,
  `DIR_cp` int(11) DEFAULT NULL,
  `created_at` timestamp NULL DEFAULT NULL,
  `updated_at` timestamp NULL DEFAULT NULL,
  PRIMARY KEY (`DIR_id`)
) ENGINE=InnoDB AUTO_INCREMENT=61 DEFAULT CHARSET=utf8 COLLATE=utf8_unicode_ci;
/*!40101 SET character_set_client = @saved_cs_client */;

--
-- Dumping data for table `direccions`
--

LOCK TABLES `direccions` WRITE;
/*!40000 ALTER TABLE `direccions` DISABLE KEYS */;
INSERT INTO `direccions` VALUES (1,NULL,NULL,NULL,NULL,NULL,NULL,'2017-05-17 01:49:24','2017-05-17 01:49:24'),(2,NULL,NULL,NULL,NULL,NULL,NULL,'2017-05-17 22:44:43','2017-05-17 22:44:43'),(3,NULL,NULL,NULL,NULL,NULL,NULL,'2017-05-17 22:48:23','2017-05-17 22:48:23'),(4,'calle','colonia','estado','ciudad','pais',NULL,'2017-05-17 22:54:23','2017-05-18 03:11:41'),(5,NULL,NULL,NULL,NULL,NULL,NULL,'2017-05-17 22:55:56','2017-05-17 22:55:56'),(6,NULL,NULL,NULL,NULL,NULL,NULL,'2017-05-17 22:58:09','2017-05-17 22:58:09'),(7,NULL,NULL,NULL,NULL,NULL,NULL,'2017-05-17 22:59:40','2017-05-17 22:59:40'),(8,NULL,NULL,NULL,NULL,NULL,NULL,'2017-05-17 23:01:58','2017-05-17 23:01:58'),(9,NULL,NULL,NULL,NULL,NULL,NULL,'2017-05-17 23:04:05','2017-05-17 23:04:05'),(10,NULL,NULL,NULL,NULL,NULL,NULL,'2017-05-17 23:14:37','2017-05-17 23:14:37'),(11,NULL,NULL,NULL,NULL,NULL,NULL,'2017-05-17 23:24:05','2017-05-17 23:24:05'),(12,NULL,NULL,NULL,NULL,NULL,NULL,'2017-05-17 23:26:27','2017-05-17 23:26:27'),(13,NULL,NULL,NULL,NULL,NULL,NULL,'2017-05-17 23:27:55','2017-05-17 23:27:55'),(14,NULL,NULL,NULL,NULL,NULL,NULL,'2017-05-17 23:30:16','2017-05-17 23:30:16'),(15,NULL,NULL,NULL,NULL,NULL,NULL,'2017-05-17 23:50:29','2017-05-17 23:50:29'),(16,NULL,NULL,NULL,NULL,NULL,NULL,'2017-05-17 23:52:52','2017-05-17 23:52:52'),(17,NULL,NULL,NULL,NULL,NULL,NULL,'2017-05-17 23:54:24','2017-05-17 23:54:24'),(18,NULL,NULL,NULL,NULL,NULL,NULL,'2017-05-17 23:56:04','2017-05-17 23:56:04'),(19,NULL,NULL,NULL,NULL,NULL,NULL,'2017-05-17 23:57:11','2017-05-17 23:57:11'),(20,NULL,NULL,NULL,NULL,NULL,NULL,'2017-05-18 00:10:21','2017-05-18 00:10:21'),(21,NULL,NULL,NULL,NULL,NULL,NULL,'2017-05-18 00:12:12','2017-05-18 00:12:12'),(22,NULL,NULL,NULL,NULL,NULL,NULL,'2017-05-18 00:13:52','2017-05-18 00:13:52'),(23,NULL,NULL,NULL,NULL,NULL,NULL,'2017-05-18 00:15:39','2017-05-18 00:15:39'),(24,NULL,NULL,NULL,NULL,NULL,NULL,'2017-05-18 00:17:43','2017-05-18 00:17:43'),(25,NULL,NULL,NULL,NULL,NULL,NULL,'2017-05-18 00:18:55','2017-05-18 00:18:55'),(26,NULL,NULL,NULL,NULL,NULL,NULL,'2017-05-18 00:25:01','2017-05-18 00:25:01'),(27,NULL,NULL,NULL,NULL,NULL,NULL,'2017-05-18 00:25:35','2017-05-18 00:25:35'),(28,NULL,NULL,NULL,NULL,NULL,NULL,'2017-05-18 00:27:14','2017-05-18 00:27:14'),(29,NULL,NULL,NULL,NULL,NULL,NULL,'2017-05-18 00:29:31','2017-05-18 00:29:31'),(30,NULL,NULL,NULL,NULL,NULL,NULL,'2017-05-18 00:31:59','2017-05-18 00:31:59'),(31,NULL,NULL,NULL,NULL,NULL,NULL,'2017-05-18 00:33:38','2017-05-18 00:33:38'),(32,NULL,NULL,NULL,NULL,NULL,NULL,'2017-05-18 00:36:15','2017-05-18 00:36:15'),(33,NULL,NULL,NULL,NULL,NULL,NULL,'2017-05-18 00:38:24','2017-05-18 00:38:24'),(34,NULL,NULL,NULL,NULL,NULL,NULL,'2017-05-18 00:47:09','2017-05-18 00:47:09'),(35,NULL,NULL,NULL,NULL,NULL,NULL,'2017-05-18 00:48:17','2017-05-18 00:48:17'),(36,NULL,NULL,NULL,NULL,NULL,NULL,'2017-05-18 00:49:22','2017-05-18 00:49:22'),(37,NULL,NULL,NULL,NULL,NULL,NULL,'2017-05-18 00:51:10','2017-05-18 00:51:10'),(38,NULL,NULL,NULL,NULL,NULL,NULL,'2017-05-18 00:53:06','2017-05-18 00:53:06'),(39,NULL,NULL,NULL,NULL,NULL,NULL,'2017-05-18 00:53:59','2017-05-18 00:53:59'),(40,NULL,NULL,NULL,NULL,NULL,NULL,'2017-05-18 00:55:37','2017-05-18 00:55:37'),(41,NULL,NULL,NULL,NULL,NULL,NULL,'2017-05-18 00:57:56','2017-05-18 00:57:56'),(42,NULL,NULL,NULL,NULL,NULL,NULL,'2017-05-18 01:04:01','2017-05-18 01:04:01'),(43,NULL,NULL,NULL,NULL,NULL,NULL,'2017-05-18 01:06:51','2017-05-18 01:06:51'),(44,NULL,NULL,NULL,NULL,NULL,NULL,'2017-05-18 01:09:05','2017-05-18 01:09:05'),(45,NULL,NULL,NULL,NULL,NULL,NULL,'2017-05-18 01:10:17','2017-05-18 01:10:17'),(46,NULL,NULL,NULL,NULL,NULL,NULL,'2017-05-18 01:11:24','2017-05-18 01:11:24'),(47,NULL,NULL,NULL,NULL,NULL,NULL,'2017-05-18 01:12:27','2017-05-18 01:12:27'),(48,NULL,NULL,NULL,NULL,NULL,NULL,'2017-05-18 01:13:40','2017-05-18 01:13:40'),(49,NULL,NULL,NULL,NULL,NULL,NULL,'2017-05-18 01:14:38','2017-05-18 01:14:38'),(50,NULL,NULL,NULL,NULL,NULL,NULL,'2017-05-18 01:15:39','2017-05-18 01:15:39'),(51,NULL,NULL,NULL,NULL,NULL,NULL,'2017-05-18 01:16:36','2017-05-18 01:16:36'),(52,NULL,NULL,NULL,NULL,NULL,NULL,'2017-05-18 01:17:33','2017-05-18 01:17:33'),(53,NULL,NULL,NULL,NULL,NULL,NULL,'2017-05-18 01:18:33','2017-05-18 01:18:33'),(54,NULL,NULL,NULL,NULL,NULL,NULL,'2017-05-18 01:19:32','2017-05-18 01:19:32'),(55,NULL,NULL,NULL,NULL,NULL,NULL,'2017-05-18 01:20:48','2017-05-18 01:20:48'),(56,NULL,NULL,NULL,NULL,NULL,NULL,'2017-05-18 01:21:57','2017-05-18 01:21:57'),(57,NULL,NULL,NULL,NULL,NULL,NULL,'2017-05-18 01:23:24','2017-05-18 01:23:24'),(58,NULL,NULL,NULL,NULL,NULL,NULL,'2017-05-18 01:24:37','2017-05-18 01:24:37'),(59,NULL,NULL,NULL,NULL,NULL,NULL,'2017-05-18 01:25:53','2017-05-18 01:25:53'),(60,NULL,NULL,NULL,NULL,NULL,NULL,'2017-05-18 03:47:35','2017-05-18 03:47:35');
/*!40000 ALTER TABLE `direccions` ENABLE KEYS */;
UNLOCK TABLES;

--
-- Table structure for table `examens`
--

DROP TABLE IF EXISTS `examens`;
/*!40101 SET @saved_cs_client     = @@character_set_client */;
/*!40101 SET character_set_client = utf8 */;
CREATE TABLE `examens` (
  `EXA_id` int(10) unsigned NOT NULL AUTO_INCREMENT,
  `EXA_nombre` varchar(35) COLLATE utf8_unicode_ci DEFAULT NULL,
  `EXA_fecha` date DEFAULT NULL,
  `EXA_hora` varchar(255) COLLATE utf8_unicode_ci DEFAULT NULL,
  `EXA_calificacion` double(8,2) DEFAULT NULL,
  `EXA_tiempo` varchar(255) COLLATE utf8_unicode_ci DEFAULT NULL,
  `UNI_id` int(10) unsigned DEFAULT NULL,
  `TIP_id` int(10) unsigned DEFAULT NULL,
  `ALU_id` int(10) unsigned DEFAULT NULL,
  `created_at` timestamp NULL DEFAULT NULL,
  `updated_at` timestamp NULL DEFAULT NULL,
  PRIMARY KEY (`EXA_id`),
  KEY `examens_uni_id_foreign` (`UNI_id`),
  KEY `examens_tip_id_foreign` (`TIP_id`),
  KEY `examens_alu_id_foreign` (`ALU_id`),
  CONSTRAINT `examens_alu_id_foreign` FOREIGN KEY (`ALU_id`) REFERENCES `alumnos` (`ALU_id`),
  CONSTRAINT `examens_tip_id_foreign` FOREIGN KEY (`TIP_id`) REFERENCES `tipos` (`TIP_id`),
  CONSTRAINT `examens_uni_id_foreign` FOREIGN KEY (`UNI_id`) REFERENCES `unidads` (`UNI_id`)
) ENGINE=InnoDB AUTO_INCREMENT=257 DEFAULT CHARSET=utf8 COLLATE=utf8_unicode_ci;
/*!40101 SET character_set_client = @saved_cs_client */;

--
-- Dumping data for table `examens`
--

LOCK TABLES `examens` WRITE;
/*!40000 ALTER TABLE `examens` DISABLE KEYS */;
INSERT INTO `examens` VALUES (1,'Examen prueba','2017-06-09','03:35:56 pm',7.00,'03:35:56 pm',1,3,1,'2017-06-09 20:35:56','2017-06-09 20:35:56'),(2,'Examen prueba','2017-06-09','03:38:36 pm',7.00,'03:38:36 pm',1,3,1,'2017-06-09 20:38:36','2017-06-09 20:38:36'),(3,'Examen prueba','2017-06-09','03:39:14 pm',4.00,'03:39:14 pm',1,3,1,'2017-06-09 20:39:14','2017-06-09 20:39:14'),(4,'Examen prueba','2017-06-09','03:40:02 pm',5.00,'03:40:02 pm',1,3,1,'2017-06-09 20:40:02','2017-06-09 20:40:02'),(5,'Examen Final','2017-06-09','03:44:20 pm',7.00,'03:44:20 pm',1,4,1,'2017-06-09 20:44:20','2017-06-09 20:44:20'),(6,'Examen Final','2017-06-09','03:45:47 pm',7.00,'03:45:47 pm',1,4,1,'2017-06-09 20:45:47','2017-06-09 20:45:47'),(7,'Examen Final','2017-06-09','03:47:13 pm',8.00,'03:47:13 pm',1,4,1,'2017-06-09 20:47:13','2017-06-09 20:47:13'),(8,'Examen prueba','2017-06-09','03:48:23 pm',5.00,'03:48:23 pm',2,3,1,'2017-06-09 20:48:23','2017-06-09 20:48:23'),(9,'Examen prueba','2017-06-09','03:50:39 pm',7.00,'03:50:39 pm',2,3,1,'2017-06-09 20:50:39','2017-06-09 20:50:39'),(10,'Examen Final','2017-06-09','03:51:22 pm',1.00,'03:51:22 pm',2,4,1,'2017-06-09 20:51:22','2017-06-09 20:51:22'),(11,'Examen Final','2017-06-09','03:53:04 pm',5.00,'03:53:04 pm',2,4,1,'2017-06-09 20:53:04','2017-06-09 20:53:04'),(12,'Examen prueba','2017-06-09','03:54:38 pm',7.00,'03:54:38 pm',2,3,1,'2017-06-09 20:54:38','2017-06-09 20:54:38'),(13,'Examen Final','2017-06-09','03:58:34 pm',7.00,'03:58:34 pm',2,4,1,'2017-06-09 20:58:34','2017-06-09 20:58:34'),(14,'Examen prueba','2017-06-09','03:59:46 pm',5.00,'03:59:46 pm',3,3,1,'2017-06-09 20:59:46','2017-06-09 20:59:46'),(15,'Examen prueba','2017-06-09','04:01:14 pm',5.00,'04:01:14 pm',3,3,1,'2017-06-09 21:01:14','2017-06-09 21:01:14'),(16,'Examen prueba','2017-06-09','04:02:34 pm',8.00,'04:02:34 pm',3,3,1,'2017-06-09 21:02:34','2017-06-09 21:02:34'),(17,'Examen Final','2017-06-09','04:03:18 pm',4.00,'04:03:18 pm',3,4,1,'2017-06-09 21:03:18','2017-06-09 21:03:18'),(18,'Examen Final','2017-06-09','04:03:50 pm',1.00,'04:03:50 pm',3,4,1,'2017-06-09 21:03:50','2017-06-09 21:03:50'),(19,'Examen Final','2017-06-09','04:05:26 pm',8.00,'04:05:26 pm',3,4,1,'2017-06-09 21:05:26','2017-06-09 21:05:26'),(20,'Examen prueba','2017-06-09','04:06:03 pm',4.00,'04:06:03 pm',3,3,1,'2017-06-09 21:06:03','2017-06-09 21:06:03'),(21,'Examen prueba','2017-06-09','04:06:48 pm',2.00,'04:06:48 pm',4,3,1,'2017-06-09 21:06:48','2017-06-09 21:06:48'),(22,'Examen Final','2017-06-09','04:08:08 pm',7.00,'04:08:08 pm',4,4,1,'2017-06-09 21:08:08','2017-06-09 21:08:08'),(23,'Examen global','2017-06-09','04:09:50 pm',5.00,'04:09:50 pm',1,5,1,'2017-06-09 21:09:50','2017-06-09 21:09:50'),(24,'Examen global','2017-06-09','04:11:13 pm',7.00,'04:11:13 pm',1,5,1,'2017-06-09 21:11:13','2017-06-09 21:11:13'),(25,'Examen prueba','2017-06-09','04:15:19 pm',6.00,'04:15:19 pm',1,3,2,'2017-06-09 21:15:19','2017-06-09 21:15:19'),(26,'Examen prueba','2017-06-09','04:16:56 pm',10.00,'04:16:56 pm',1,3,2,'2017-06-09 21:16:56','2017-06-09 21:16:56'),(27,'Examen Final','2017-06-09','04:18:18 pm',10.00,'04:18:18 pm',1,4,2,'2017-06-09 21:18:18','2017-06-09 21:18:18'),(28,'Examen prueba','2017-06-09','04:19:02 pm',2.00,'04:19:02 pm',2,3,2,'2017-06-09 21:19:02','2017-06-09 21:19:02'),(29,'Examen Final','2017-06-09','04:19:44 pm',8.00,'04:19:44 pm',2,4,2,'2017-06-09 21:19:44','2017-06-09 21:19:44'),(30,'Examen Final','2017-06-09','04:22:30 pm',6.00,'04:22:30 pm',2,4,2,'2017-06-09 21:22:30','2017-06-09 21:22:30'),(31,'Examen Final','2017-06-09','04:24:06 pm',6.00,'04:24:06 pm',2,4,2,'2017-06-09 21:24:06','2017-06-09 21:24:06'),(32,'Examen Final','2017-06-09','04:24:49 pm',5.00,'04:24:49 pm',3,4,2,'2017-06-09 21:24:49','2017-06-09 21:24:49'),(33,'Examen Final','2017-06-09','04:25:40 pm',4.00,'04:25:40 pm',3,4,2,'2017-06-09 21:25:40','2017-06-09 21:25:40'),(34,'Examen Final','2017-06-09','04:27:15 pm',6.00,'04:27:15 pm',3,4,2,'2017-06-09 21:27:15','2017-06-09 21:27:15'),(35,'Examen prueba','2017-06-09','04:27:48 pm',8.00,'04:27:48 pm',4,3,2,'2017-06-09 21:27:48','2017-06-09 21:27:48'),(36,'Examen prueba','2017-06-09','04:28:21 pm',2.00,'04:28:21 pm',4,3,2,'2017-06-09 21:28:21','2017-06-09 21:28:21'),(37,'Examen prueba','2017-06-09','04:28:51 pm',3.00,'04:28:51 pm',4,3,2,'2017-06-09 21:28:51','2017-06-09 21:28:51'),(38,'Examen prueba','2017-06-09','04:30:10 pm',5.00,'04:30:10 pm',4,3,2,'2017-06-09 21:30:10','2017-06-09 21:30:10'),(39,'Examen prueba','2017-06-09','04:33:07 pm',3.00,'04:33:07 pm',4,3,2,'2017-06-09 21:33:07','2017-06-09 21:33:07'),(40,'Examen prueba','2017-06-09','04:34:37 pm',8.00,'04:34:37 pm',4,3,2,'2017-06-09 21:34:37','2017-06-09 21:34:37'),(41,'Examen Final','2017-06-09','04:36:09 pm',8.00,'04:36:09 pm',4,4,2,'2017-06-09 21:36:09','2017-06-09 21:36:09'),(42,'Examen Final','2017-06-09','04:37:52 pm',7.00,'04:37:52 pm',4,4,2,'2017-06-09 21:37:52','2017-06-09 21:37:52'),(43,'Examen global','2017-06-09','04:39:31 pm',7.00,'04:39:31 pm',1,5,2,'2017-06-09 21:39:31','2017-06-09 21:39:31'),(44,'Examen prueba','2017-06-09','04:40:54 pm',4.00,'04:40:54 pm',1,3,3,'2017-06-09 21:40:54','2017-06-09 21:40:54'),(45,'Examen prueba','2017-06-09','04:41:30 pm',4.00,'04:41:30 pm',1,3,3,'2017-06-09 21:41:30','2017-06-09 21:41:30'),(46,'Examen prueba','2017-06-09','04:43:05 pm',7.00,'04:43:05 pm',1,3,3,'2017-06-09 21:43:05','2017-06-09 21:43:05'),(47,'Examen prueba','2017-06-09','04:43:37 pm',2.00,'04:43:37 pm',2,3,3,'2017-06-09 21:43:37','2017-06-09 21:43:37'),(48,'Examen prueba','2017-06-09','04:45:07 pm',7.00,'04:45:07 pm',2,3,3,'2017-06-09 21:45:07','2017-06-09 21:45:07'),(49,'Examen Final','2017-06-09','04:45:59 pm',5.00,'04:45:59 pm',1,4,3,'2017-06-09 21:45:59','2017-06-09 21:45:59'),(50,'Examen Final','2017-06-09','04:46:31 pm',3.00,'04:46:31 pm',1,4,3,'2017-06-09 21:46:31','2017-06-09 21:46:31'),(51,'Examen Final','2017-06-09','04:49:17 pm',10.00,'04:49:17 pm',1,4,3,'2017-06-09 21:49:17','2017-06-09 21:49:17'),(52,'Examen prueba','2017-06-09','04:49:44 pm',2.00,'04:49:44 pm',2,3,3,'2017-06-09 21:49:44','2017-06-09 21:49:44'),(53,'Examen Final','2017-06-09','04:51:44 pm',7.00,'04:51:44 pm',2,4,3,'2017-06-09 21:51:44','2017-06-09 21:51:44'),(54,'Examen Final','2017-06-09','04:53:56 pm',9.00,'04:53:56 pm',2,4,3,'2017-06-09 21:53:56','2017-06-09 21:53:56'),(55,'Examen prueba','2017-06-09','04:55:14 pm',6.00,'04:55:14 pm',3,3,3,'2017-06-09 21:55:14','2017-06-09 21:55:14'),(56,'Examen prueba','2017-06-09','04:56:13 pm',4.00,'04:56:13 pm',3,3,3,'2017-06-09 21:56:13','2017-06-09 21:56:13'),(57,'Examen Final','2017-06-09','04:57:03 pm',6.00,'04:57:03 pm',3,4,3,'2017-06-09 21:57:03','2017-06-09 21:57:03'),(58,'Examen Final','2017-06-09','04:58:04 pm',7.00,'04:58:04 pm',3,4,3,'2017-06-09 21:58:04','2017-06-09 21:58:04'),(59,'Examen prueba','2017-06-09','04:58:39 pm',5.00,'04:58:39 pm',4,3,3,'2017-06-09 21:58:39','2017-06-09 21:58:39'),(60,'Examen Final','2017-06-09','05:02:03 pm',7.00,'05:02:03 pm',4,4,3,'2017-06-09 22:02:03','2017-06-09 22:02:03'),(61,'Examen global','2017-06-09','05:03:02 pm',0.00,'05:03:02 pm',1,5,3,'2017-06-09 22:03:02','2017-06-09 22:03:02'),(62,'Examen global','2017-06-09','05:05:54 pm',7.00,'05:05:54 pm',1,5,3,'2017-06-09 22:05:54','2017-06-09 22:05:54'),(63,'Examen Final','2017-06-09','05:08:36 pm',9.00,'05:08:36 pm',1,4,4,'2017-06-09 22:08:36','2017-06-09 22:08:36'),(64,'Examen prueba','2017-06-09','05:09:22 pm',8.00,'05:09:22 pm',1,3,4,'2017-06-09 22:09:22','2017-06-09 22:09:22'),(65,'Examen prueba','2017-06-09','05:10:39 pm',8.00,'05:10:39 pm',2,3,4,'2017-06-09 22:10:39','2017-06-09 22:10:39'),(66,'Examen Final','2017-06-09','05:11:08 pm',4.00,'05:11:08 pm',2,4,4,'2017-06-09 22:11:08','2017-06-09 22:11:08'),(67,'Examen Final','2017-06-09','05:13:06 pm',8.00,'05:13:06 pm',2,4,4,'2017-06-09 22:13:06','2017-06-09 22:13:06'),(68,'Examen prueba','2017-06-09','05:13:34 pm',3.00,'05:13:34 pm',3,3,4,'2017-06-09 22:13:34','2017-06-09 22:13:34'),(69,'Examen prueba','2017-06-09','05:14:20 pm',2.00,'05:14:20 pm',3,3,4,'2017-06-09 22:14:20','2017-06-09 22:14:20'),(70,'Examen prueba','2017-06-09','05:14:57 pm',1.00,'05:14:57 pm',3,3,4,'2017-06-09 22:14:57','2017-06-09 22:14:57'),(71,'Examen prueba','2017-06-09','05:15:38 pm',2.00,'05:15:38 pm',3,3,4,'2017-06-09 22:15:38','2017-06-09 22:15:38'),(72,'Examen Final','2017-06-09','05:16:27 pm',5.00,'05:16:27 pm',3,4,4,'2017-06-09 22:16:27','2017-06-09 22:16:27'),(73,'Examen Final','2017-06-09','05:17:43 pm',5.00,'05:17:43 pm',4,4,4,'2017-06-09 22:17:43','2017-06-09 22:17:43'),(74,'Examen prueba','2017-06-09','05:18:24 pm',1.00,'05:18:24 pm',3,3,4,'2017-06-09 22:18:24','2017-06-09 22:18:24'),(75,'Examen Final','2017-06-09','05:19:49 pm',7.00,'05:19:49 pm',3,4,4,'2017-06-09 22:19:49','2017-06-09 22:19:49'),(76,'Examen prueba','2017-06-09','05:24:37 pm',7.00,'05:24:37 pm',4,3,4,'2017-06-09 22:24:37','2017-06-09 22:24:37'),(77,'Examen Final','2017-06-09','05:32:17 pm',9.00,'05:32:17 pm',4,4,4,'2017-06-09 22:32:17','2017-06-09 22:32:17'),(78,'Examen global','2017-06-09','05:32:49 pm',1.00,'05:32:49 pm',1,5,4,'2017-06-09 22:32:49','2017-06-09 22:32:49'),(79,'Examen global','2017-06-09','05:36:09 pm',7.00,'05:36:09 pm',1,5,4,'2017-06-09 22:36:09','2017-06-09 22:36:09'),(80,'Examen prueba','2017-06-09','05:44:41 pm',4.00,'05:44:41 pm',1,3,5,'2017-06-09 22:44:41','2017-06-09 22:44:41'),(81,'Examen Final','2017-06-09','05:47:41 pm',6.00,'05:47:41 pm',1,4,5,'2017-06-09 22:47:41','2017-06-09 22:47:41'),(82,'Examen Final','2017-06-09','05:49:27 pm',7.00,'05:49:27 pm',1,4,5,'2017-06-09 22:49:27','2017-06-09 22:49:27'),(83,'Examen Final','2017-06-09','05:51:07 pm',8.00,'05:51:07 pm',2,4,5,'2017-06-09 22:51:07','2017-06-09 22:51:07'),(84,'Examen prueba','2017-06-09','05:51:40 pm',2.00,'05:51:40 pm',2,3,5,'2017-06-09 22:51:40','2017-06-09 22:51:40'),(85,'Examen prueba','2017-06-09','05:52:33 pm',3.00,'05:52:33 pm',3,3,5,'2017-06-09 22:52:33','2017-06-09 22:52:33'),(86,'Examen prueba','2017-06-09','05:53:08 pm',3.00,'05:53:08 pm',2,3,5,'2017-06-09 22:53:08','2017-06-09 22:53:08'),(87,'Examen Final','2017-06-09','05:54:07 pm',2.00,'05:54:07 pm',3,4,5,'2017-06-09 22:54:07','2017-06-09 22:54:07'),(88,'Examen prueba','2017-06-09','05:55:26 pm',4.00,'05:55:26 pm',1,3,6,'2017-06-09 22:55:26','2017-06-09 22:55:26'),(89,'Examen Final','2017-06-09','09:22:35 pm',7.00,'09:22:35 pm',4,4,5,'2017-06-10 02:22:35','2017-06-10 02:22:35'),(90,'Examen Final','2017-06-09','09:23:53 pm',8.00,'09:23:53 pm',3,4,5,'2017-06-10 02:23:53','2017-06-10 02:23:53'),(91,'Examen prueba','2017-06-09','09:24:55 pm',6.00,'09:24:55 pm',4,3,5,'2017-06-10 02:24:55','2017-06-10 02:24:55'),(92,'Examen prueba','2017-06-09','09:30:58 pm',7.00,'09:30:58 pm',4,3,5,'2017-06-10 02:30:58','2017-06-10 02:30:58'),(93,'Examen global','2017-06-09','09:34:13 pm',9.00,'09:34:13 pm',1,5,5,'2017-06-10 02:34:13','2017-06-10 02:34:13'),(94,'Examen prueba','2017-06-09','09:43:42 pm',5.00,'09:43:42 pm',4,3,5,'2017-06-10 02:43:42','2017-06-10 02:43:42'),(95,'Examen prueba','2017-06-09','09:44:41 pm',4.00,'09:44:41 pm',1,3,6,'2017-06-10 02:44:41','2017-06-10 02:44:41'),(96,'Examen prueba','2017-06-09','09:45:52 pm',9.00,'09:45:52 pm',1,3,6,'2017-06-10 02:45:52','2017-06-10 02:45:52'),(97,'Examen Final','2017-06-09','09:47:44 pm',5.00,'09:47:44 pm',1,4,6,'2017-06-10 02:47:44','2017-06-10 02:47:44'),(98,'Examen Final','2017-06-09','09:50:04 pm',9.00,'09:50:04 pm',1,4,6,'2017-06-10 02:50:04','2017-06-10 02:50:04'),(99,'Examen Final','2017-06-09','09:52:52 pm',6.00,'09:52:52 pm',2,4,6,'2017-06-10 02:52:52','2017-06-10 02:52:52'),(100,'Examen Final','2017-06-09','09:59:00 pm',7.00,'09:59:00 pm',2,4,6,'2017-06-10 02:59:00','2017-06-10 02:59:00'),(101,'Examen prueba','2017-06-09','10:01:07 pm',10.00,'10:01:07 pm',2,3,6,'2017-06-10 03:01:07','2017-06-10 03:01:07'),(102,'Examen Final','2017-06-09','10:02:23 pm',6.00,'10:02:23 pm',3,4,6,'2017-06-10 03:02:23','2017-06-10 03:02:23'),(103,'Examen Final','2017-06-09','10:03:36 pm',6.00,'10:03:36 pm',4,4,6,'2017-06-10 03:03:36','2017-06-10 03:03:36'),(104,'Examen prueba','2017-06-09','10:04:15 pm',2.00,'10:04:15 pm',4,3,6,'2017-06-10 03:04:15','2017-06-10 03:04:15'),(105,'Examen global','2017-06-09','10:04:55 pm',5.00,'10:04:55 pm',1,5,6,'2017-06-10 03:04:55','2017-06-10 03:04:55'),(106,'Examen prueba','2017-06-09','10:09:39 pm',8.00,'10:09:39 pm',1,3,7,'2017-06-10 03:09:39','2017-06-10 03:09:39'),(107,'Examen Final','2017-06-09','10:10:30 pm',5.00,'10:10:30 pm',1,4,7,'2017-06-10 03:10:30','2017-06-10 03:10:30'),(108,'Examen Final','2017-06-09','10:11:07 pm',4.00,'10:11:07 pm',1,4,7,'2017-06-10 03:11:07','2017-06-10 03:11:07'),(109,'Examen Final','2017-06-09','10:11:41 pm',1.00,'10:11:41 pm',2,4,7,'2017-06-10 03:11:41','2017-06-10 03:11:41'),(110,'Examen prueba','2017-06-09','10:12:52 pm',9.00,'10:12:52 pm',2,3,7,'2017-06-10 03:12:52','2017-06-10 03:12:52'),(111,'Examen Final','2017-06-09','10:14:44 pm',4.00,'10:14:44 pm',2,4,7,'2017-06-10 03:14:44','2017-06-10 03:14:44'),(112,'Examen Final','2017-06-09','10:15:14 pm',1.00,'10:15:14 pm',3,4,7,'2017-06-10 03:15:14','2017-06-10 03:15:14'),(113,'Examen Final','2017-06-09','10:15:58 pm',8.00,'10:15:58 pm',3,4,7,'2017-06-10 03:15:58','2017-06-10 03:15:58'),(114,'Examen Final','2017-06-09','10:17:13 pm',10.00,'10:17:13 pm',4,4,7,'2017-06-10 03:17:13','2017-06-10 03:17:13'),(115,'Examen global','2017-06-09','10:21:06 pm',8.00,'10:21:06 pm',1,5,7,'2017-06-10 03:21:06','2017-06-10 03:21:06'),(116,'Examen prueba','2017-06-09','10:22:34 pm',3.00,'10:22:34 pm',1,3,8,'2017-06-10 03:22:34','2017-06-10 03:22:34'),(117,'Examen prueba','2017-06-09','10:23:03 pm',3.00,'10:23:03 pm',1,3,8,'2017-06-10 03:23:03','2017-06-10 03:23:03'),(118,'Examen prueba','2017-06-09','10:23:45 pm',6.00,'10:23:45 pm',1,3,8,'2017-06-10 03:23:45','2017-06-10 03:23:45'),(119,'Examen prueba','2017-06-09','10:25:04 pm',7.00,'10:25:04 pm',1,3,8,'2017-06-10 03:25:04','2017-06-10 03:25:04'),(120,'Examen Final','2017-06-09','10:25:36 pm',6.00,'10:25:36 pm',1,4,8,'2017-06-10 03:25:36','2017-06-10 03:25:36'),(121,'Examen Final','2017-06-09','10:26:35 pm',6.00,'10:26:35 pm',1,4,8,'2017-06-10 03:26:35','2017-06-10 03:26:35'),(122,'Examen Final','2017-06-09','10:27:51 pm',10.00,'10:27:51 pm',1,4,8,'2017-06-10 03:27:51','2017-06-10 03:27:51'),(123,'Examen prueba','2017-06-09','10:28:16 pm',2.00,'10:28:16 pm',2,3,8,'2017-06-10 03:28:16','2017-06-10 03:28:16'),(124,'Examen prueba','2017-06-09','10:29:08 pm',9.00,'10:29:08 pm',2,3,8,'2017-06-10 03:29:08','2017-06-10 03:29:08'),(125,'Examen Final','2017-06-09','10:29:41 pm',3.00,'10:29:41 pm',2,4,8,'2017-06-10 03:29:41','2017-06-10 03:29:41'),(126,'Examen Final','2017-06-09','10:31:04 pm',6.00,'10:31:04 pm',2,4,8,'2017-06-10 03:31:04','2017-06-10 03:31:04'),(127,'Examen prueba','2017-06-09','10:31:46 pm',5.00,'10:31:46 pm',3,3,8,'2017-06-10 03:31:46','2017-06-10 03:31:46'),(128,'Examen Final','2017-06-09','10:32:26 pm',7.00,'10:32:26 pm',3,4,8,'2017-06-10 03:32:26','2017-06-10 03:32:26'),(129,'Examen prueba','2017-06-09','10:32:59 pm',2.00,'10:32:59 pm',4,3,8,'2017-06-10 03:32:59','2017-06-10 03:32:59'),(130,'Examen prueba','2017-06-09','10:33:27 pm',2.00,'10:33:27 pm',4,3,8,'2017-06-10 03:33:27','2017-06-10 03:33:27'),(131,'Examen prueba','2017-06-09','10:33:55 pm',4.00,'10:33:55 pm',4,3,8,'2017-06-10 03:33:55','2017-06-10 03:33:55'),(132,'Examen Final','2017-06-09','10:35:12 pm',8.00,'10:35:12 pm',4,4,8,'2017-06-10 03:35:12','2017-06-10 03:35:12'),(133,'Examen global','2017-06-09','10:35:47 pm',3.00,'10:35:47 pm',1,5,8,'2017-06-10 03:35:47','2017-06-10 03:35:47'),(134,'Examen global','2017-06-09','10:36:20 pm',1.00,'10:36:20 pm',1,5,8,'2017-06-10 03:36:20','2017-06-10 03:36:20'),(135,'Examen global','2017-06-09','10:37:02 pm',4.00,'10:37:02 pm',1,5,8,'2017-06-10 03:37:02','2017-06-10 03:37:02'),(136,'Examen Final','2017-06-09','10:40:00 pm',8.00,'10:40:00 pm',1,4,9,'2017-06-10 03:40:00','2017-06-10 03:40:00'),(137,'Examen prueba','2017-06-09','10:40:40 pm',3.00,'10:40:40 pm',2,3,9,'2017-06-10 03:40:40','2017-06-10 03:40:40'),(138,'Examen prueba','2017-06-09','10:41:26 pm',6.00,'10:41:26 pm',2,3,9,'2017-06-10 03:41:26','2017-06-10 03:41:26'),(139,'Examen prueba','2017-06-09','10:42:30 pm',8.00,'10:42:30 pm',2,3,9,'2017-06-10 03:42:30','2017-06-10 03:42:30'),(140,'Examen Final','2017-06-09','10:43:32 pm',5.00,'10:43:32 pm',2,4,9,'2017-06-10 03:43:32','2017-06-10 03:43:32'),(141,'Examen Final','2017-06-09','10:44:24 pm',4.00,'10:44:24 pm',3,4,9,'2017-06-10 03:44:24','2017-06-10 03:44:24'),(142,'Examen prueba','2017-06-09','10:44:53 pm',2.00,'10:44:53 pm',4,3,9,'2017-06-10 03:44:53','2017-06-10 03:44:53'),(143,'Examen prueba','2017-06-09','10:45:25 pm',2.00,'10:45:25 pm',4,3,9,'2017-06-10 03:45:25','2017-06-10 03:45:25'),(144,'Examen prueba','2017-06-09','10:46:38 pm',4.00,'10:46:38 pm',4,3,9,'2017-06-10 03:46:38','2017-06-10 03:46:38'),(145,'Examen Final','2017-06-09','10:48:10 pm',2.00,'10:48:10 pm',4,4,9,'2017-06-10 03:48:10','2017-06-10 03:48:10'),(146,'Examen Final','2017-06-09','10:50:12 pm',6.00,'10:50:12 pm',1,4,9,'2017-06-10 03:50:12','2017-06-10 03:50:12'),(147,'Examen global','2017-06-09','10:56:52 pm',6.00,'10:56:52 pm',1,5,9,'2017-06-10 03:56:52','2017-06-10 03:56:52'),(148,'Examen prueba','2017-06-09','10:57:34 pm',4.00,'10:57:34 pm',4,3,9,'2017-06-10 03:57:34','2017-06-10 03:57:34'),(149,'Examen prueba','2017-06-09','10:58:10 pm',4.00,'10:58:10 pm',2,3,9,'2017-06-10 03:58:10','2017-06-10 03:58:10'),(150,'Examen prueba','2017-06-09','10:59:50 pm',4.00,'10:59:50 pm',1,3,10,'2017-06-10 03:59:50','2017-06-10 03:59:50'),(151,'Examen prueba','2017-06-09','11:00:35 pm',2.00,'11:00:35 pm',1,3,10,'2017-06-10 04:00:35','2017-06-10 04:00:35'),(152,'Examen prueba','2017-06-09','11:01:12 pm',7.00,'11:01:12 pm',1,3,10,'2017-06-10 04:01:12','2017-06-10 04:01:12'),(153,'Examen prueba','2017-06-09','11:02:27 pm',8.00,'11:02:27 pm',1,3,10,'2017-06-10 04:02:27','2017-06-10 04:02:27'),(154,'Examen Final','2017-06-09','11:03:03 pm',4.00,'11:03:03 pm',1,4,10,'2017-06-10 04:03:03','2017-06-10 04:03:03'),(155,'Examen Final','2017-06-09','11:03:32 pm',2.00,'11:03:32 pm',2,4,10,'2017-06-10 04:03:32','2017-06-10 04:03:32'),(156,'Examen Final','2017-06-09','11:04:04 pm',6.00,'11:04:04 pm',2,4,10,'2017-06-10 04:04:04','2017-06-10 04:04:04'),(157,'Examen Final','2017-06-09','11:04:55 pm',8.00,'11:04:55 pm',2,4,10,'2017-06-10 04:04:55','2017-06-10 04:04:55'),(158,'Examen prueba','2017-06-09','11:05:34 pm',2.00,'11:05:34 pm',3,3,10,'2017-06-10 04:05:34','2017-06-10 04:05:34'),(159,'Examen prueba','2017-06-09','11:06:16 pm',2.00,'11:06:16 pm',3,3,10,'2017-06-10 04:06:16','2017-06-10 04:06:16'),(160,'Examen prueba','2017-06-09','11:11:49 pm',5.00,'11:11:49 pm',3,3,10,'2017-06-10 04:11:49','2017-06-10 04:11:49'),(161,'Examen Final','2017-06-09','11:12:34 pm',5.00,'11:12:34 pm',3,4,10,'2017-06-10 04:12:34','2017-06-10 04:12:34'),(162,'Examen Final','2017-06-09','11:15:48 pm',8.00,'11:15:48 pm',4,4,10,'2017-06-10 04:15:48','2017-06-10 04:15:48'),(163,'Examen Final','2017-06-09','11:18:51 pm',8.00,'11:18:51 pm',4,4,10,'2017-06-10 04:18:51','2017-06-10 04:18:51'),(164,'Examen prueba','2017-06-09','11:20:58 pm',7.00,'11:20:58 pm',4,3,10,'2017-06-10 04:20:58','2017-06-10 04:20:58'),(165,'Examen prueba','2017-06-09','11:23:30 pm',10.00,'11:23:30 pm',4,3,10,'2017-06-10 04:23:30','2017-06-10 04:23:30'),(166,'Examen global','2017-06-09','11:25:16 pm',7.00,'11:25:16 pm',1,5,10,'2017-06-10 04:25:16','2017-06-10 04:25:16'),(167,'Examen prueba','2017-06-09','11:27:24 pm',9.00,'11:27:24 pm',1,3,11,'2017-06-10 04:27:24','2017-06-10 04:27:24'),(168,'Examen prueba','2017-06-09','11:28:44 pm',8.00,'11:28:44 pm',1,3,11,'2017-06-10 04:28:44','2017-06-10 04:28:44'),(169,'Examen prueba','2017-06-09','11:30:06 pm',9.00,'11:30:06 pm',1,3,11,'2017-06-10 04:30:06','2017-06-10 04:30:06'),(170,'Examen Final','2017-06-09','11:31:52 pm',5.00,'11:31:52 pm',1,4,11,'2017-06-10 04:31:52','2017-06-10 04:31:52'),(171,'Examen Final','2017-06-09','11:33:00 pm',7.00,'11:33:00 pm',1,4,11,'2017-06-10 04:33:00','2017-06-10 04:33:00'),(172,'Examen Final','2017-06-09','11:35:04 pm',6.00,'11:35:04 pm',1,4,11,'2017-06-10 04:35:04','2017-06-10 04:35:04'),(173,'Examen prueba','2017-06-09','11:35:34 pm',4.00,'11:35:34 pm',2,3,11,'2017-06-10 04:35:34','2017-06-10 04:35:34'),(174,'Examen prueba','2017-06-09','11:36:26 pm',5.00,'11:36:26 pm',2,3,11,'2017-06-10 04:36:26','2017-06-10 04:36:26'),(175,'Examen prueba','2017-06-09','11:37:25 pm',4.00,'11:37:25 pm',2,3,11,'2017-06-10 04:37:25','2017-06-10 04:37:25'),(176,'Examen prueba','2017-06-09','11:37:57 pm',1.00,'11:37:57 pm',2,3,11,'2017-06-10 04:37:57','2017-06-10 04:37:57'),(177,'Examen prueba','2017-06-09','11:38:28 pm',3.00,'11:38:28 pm',2,3,11,'2017-06-10 04:38:28','2017-06-10 04:38:28'),(178,'Examen prueba','2017-06-09','11:39:03 pm',5.00,'11:39:03 pm',3,3,11,'2017-06-10 04:39:03','2017-06-10 04:39:03'),(179,'Examen prueba','2017-06-09','11:39:32 pm',4.00,'11:39:32 pm',3,3,11,'2017-06-10 04:39:32','2017-06-10 04:39:32'),(180,'Examen prueba','2017-06-09','11:40:17 pm',3.00,'11:40:17 pm',3,3,11,'2017-06-10 04:40:17','2017-06-10 04:40:17'),(181,'Examen Final','2017-06-09','11:41:26 pm',4.00,'11:41:26 pm',2,4,11,'2017-06-10 04:41:26','2017-06-10 04:41:26'),(182,'Examen Final','2017-06-09','11:42:14 pm',6.00,'11:42:14 pm',3,4,11,'2017-06-10 04:42:14','2017-06-10 04:42:14'),(183,'Examen Final','2017-06-09','11:44:12 pm',6.00,'11:44:12 pm',2,4,11,'2017-06-10 04:44:12','2017-06-10 04:44:12'),(184,'Examen Final','2017-06-09','11:46:20 pm',7.00,'11:46:20 pm',3,4,11,'2017-06-10 04:46:20','2017-06-10 04:46:20'),(185,'Examen Final','2017-06-09','11:52:13 pm',6.00,'11:52:13 pm',4,4,11,'2017-06-10 04:52:13','2017-06-10 04:52:13'),(186,'Examen Final','2017-06-09','11:55:07 pm',9.00,'11:55:07 pm',4,4,11,'2017-06-10 04:55:07','2017-06-10 04:55:07'),(187,'Examen prueba','2017-06-09','11:56:02 pm',2.00,'11:56:02 pm',4,3,11,'2017-06-10 04:56:02','2017-06-10 04:56:02'),(188,'Examen prueba','2017-06-09','11:56:33 pm',3.00,'11:56:33 pm',4,3,11,'2017-06-10 04:56:33','2017-06-10 04:56:33'),(189,'Examen prueba','2017-06-09','11:57:02 pm',3.00,'11:57:02 pm',4,3,11,'2017-06-10 04:57:02','2017-06-10 04:57:02'),(190,'Examen global','2017-06-09','11:58:37 pm',8.00,'11:58:37 pm',1,5,11,'2017-06-10 04:58:37','2017-06-10 04:58:37'),(191,'Examen prueba','2017-06-10','12:00:08 am',6.00,'12:00:08 am',1,3,12,'2017-06-10 05:00:08','2017-06-10 05:00:08'),(192,'Examen prueba','2017-06-10','12:19:05 am',3.00,'12:19:05 am',1,3,12,'2017-06-10 05:19:05','2017-06-10 05:19:05'),(193,'Examen prueba','2017-06-10','12:20:07 am',7.00,'12:20:07 am',1,3,12,'2017-06-10 05:20:07','2017-06-10 05:20:07'),(194,'Examen prueba','2017-06-10','12:22:55 am',9.00,'12:22:55 am',1,3,12,'2017-06-10 05:22:55','2017-06-10 05:22:55'),(195,'Examen Final','2017-06-10','12:25:08 am',8.00,'12:25:08 am',1,4,12,'2017-06-10 05:25:08','2017-06-10 05:25:08'),(196,'Examen prueba','2017-06-10','12:25:56 am',0.00,'12:25:56 am',2,3,12,'2017-06-10 05:25:56','2017-06-10 05:25:56'),(197,'Examen Final','2017-06-10','12:28:13 am',8.00,'12:28:13 am',2,4,12,'2017-06-10 05:28:13','2017-06-10 05:28:13'),(198,'Examen prueba','2017-06-10','12:28:45 am',6.00,'12:28:45 am',2,3,12,'2017-06-10 05:28:45','2017-06-10 05:28:45'),(199,'Examen prueba','2017-06-10','12:29:45 am',2.00,'12:29:45 am',3,3,12,'2017-06-10 05:29:45','2017-06-10 05:29:45'),(200,'Examen prueba','2017-06-10','12:33:18 am',4.00,'12:33:18 am',2,3,12,'2017-06-10 05:33:18','2017-06-10 05:33:18'),(201,'Examen prueba','2017-06-10','12:34:03 am',5.00,'12:34:03 am',3,3,12,'2017-06-10 05:34:03','2017-06-10 05:34:03'),(202,'Examen Final','2017-06-10','12:34:46 am',7.00,'12:34:46 am',3,4,12,'2017-06-10 05:34:46','2017-06-10 05:34:46'),(203,'Examen Final','2017-06-10','12:36:43 am',5.00,'12:36:43 am',4,4,12,'2017-06-10 05:36:43','2017-06-10 05:36:43'),(204,'Examen Final','2017-06-10','12:37:43 am',8.00,'12:37:43 am',3,4,12,'2017-06-10 05:37:43','2017-06-10 05:37:43'),(205,'Examen global','2017-06-10','12:38:17 am',2.00,'12:38:17 am',1,5,12,'2017-06-10 05:38:17','2017-06-10 05:38:17'),(206,'Examen global','2017-06-10','12:38:48 am',1.00,'12:38:48 am',1,5,12,'2017-06-10 05:38:48','2017-06-10 05:38:48'),(207,'Examen global','2017-06-10','12:39:52 am',6.00,'12:39:52 am',1,5,12,'2017-06-10 05:39:52','2017-06-10 05:39:52'),(208,'Examen prueba','2017-06-10','12:40:41 am',4.00,'12:40:41 am',1,3,13,'2017-06-10 05:40:41','2017-06-10 05:40:41'),(209,'Examen prueba','2017-06-10','12:43:36 am',2.00,'12:43:36 am',1,3,13,'2017-06-10 05:43:36','2017-06-10 05:43:36'),(210,'Examen prueba','2017-06-10','12:44:11 am',6.00,'12:44:11 am',2,3,13,'2017-06-10 05:44:11','2017-06-10 05:44:11'),(211,'Examen prueba','2017-06-10','12:44:40 am',2.00,'12:44:40 am',2,3,13,'2017-06-10 05:44:40','2017-06-10 05:44:40'),(212,'Examen prueba','2017-06-10','12:45:07 am',2.00,'12:45:07 am',2,3,13,'2017-06-10 05:45:07','2017-06-10 05:45:07'),(213,'Examen prueba','2017-06-10','12:45:52 am',6.00,'12:45:52 am',2,3,13,'2017-06-10 05:45:52','2017-06-10 05:45:52'),(214,'Examen Final','2017-06-10','12:47:06 am',6.00,'12:47:06 am',1,4,13,'2017-06-10 05:47:06','2017-06-10 05:47:06'),(215,'Examen Final','2017-06-10','12:48:17 am',6.00,'12:48:17 am',2,4,13,'2017-06-10 05:48:17','2017-06-10 05:48:17'),(216,'Examen Final','2017-06-10','12:49:12 am',6.00,'12:49:12 am',2,4,13,'2017-06-10 05:49:12','2017-06-10 05:49:12'),(217,'Examen Final','2017-06-10','12:50:18 am',7.00,'12:50:18 am',2,4,13,'2017-06-10 05:50:18','2017-06-10 05:50:18'),(218,'Examen Final','2017-06-10','12:51:10 am',5.00,'12:51:10 am',3,4,13,'2017-06-10 05:51:10','2017-06-10 05:51:10'),(219,'Examen Final','2017-06-10','01:04:19 am',2.00,'01:04:19 am',4,4,13,'2017-06-10 06:04:19','2017-06-10 06:04:19'),(220,'Examen global','2017-06-10','01:05:13 am',8.00,'01:05:13 am',1,5,13,'2017-06-10 06:05:13','2017-06-10 06:05:13'),(221,'Examen Final','2017-06-10','01:06:11 am',5.00,'01:06:11 am',1,4,14,'2017-06-10 06:06:11','2017-06-10 06:06:11'),(222,'Examen Final','2017-06-10','01:07:15 am',7.00,'01:07:15 am',2,4,14,'2017-06-10 06:07:15','2017-06-10 06:07:15'),(223,'Examen Final','2017-06-10','01:07:46 am',3.00,'01:07:46 am',3,4,14,'2017-06-10 06:07:46','2017-06-10 06:07:46'),(224,'Examen Final','2017-06-10','01:09:46 am',3.00,'01:09:46 am',4,4,14,'2017-06-10 06:09:46','2017-06-10 06:09:46'),(225,'Examen global','2017-06-10','01:10:22 am',0.00,'01:10:22 am',1,5,14,'2017-06-10 06:10:22','2017-06-10 06:10:22'),(226,'Examen prueba','2017-06-10','01:10:49 am',2.00,'01:10:49 am',4,3,14,'2017-06-10 06:10:49','2017-06-10 06:10:49'),(227,'Examen prueba','2017-06-10','01:11:30 am',3.00,'01:11:30 am',1,3,15,'2017-06-10 06:11:30','2017-06-10 06:11:30'),(228,'Examen prueba','2017-06-10','01:12:00 am',1.00,'01:12:00 am',1,3,15,'2017-06-10 06:12:00','2017-06-10 06:12:00'),(229,'Examen Final','2017-06-10','01:12:29 am',5.00,'01:12:29 am',1,4,15,'2017-06-10 06:12:29','2017-06-10 06:12:29'),(230,'Examen Final','2017-06-10','01:12:57 am',4.00,'01:12:57 am',2,4,15,'2017-06-10 06:12:57','2017-06-10 06:12:57'),(231,'Examen Final','2017-06-10','01:13:29 am',4.00,'01:13:29 am',3,4,15,'2017-06-10 06:13:29','2017-06-10 06:13:29'),(232,'Examen Final','2017-06-10','01:14:06 am',3.00,'01:14:06 am',4,4,15,'2017-06-10 06:14:06','2017-06-10 06:14:06'),(233,'Examen global','2017-06-10','01:14:33 am',3.00,'01:14:33 am',1,5,15,'2017-06-10 06:14:33','2017-06-10 06:14:33'),(234,'Examen prueba','2017-06-10','01:15:04 am',4.00,'01:15:04 am',3,3,15,'2017-06-10 06:15:04','2017-06-10 06:15:04'),(235,'Examen prueba','2017-06-10','01:15:50 am',3.00,'01:15:50 am',1,3,16,'2017-06-10 06:15:50','2017-06-10 06:15:50'),(236,'Examen prueba','2017-06-10','01:16:14 am',4.00,'01:16:14 am',1,3,16,'2017-06-10 06:16:15','2017-06-10 06:16:15'),(237,'Examen Final','2017-06-10','01:16:43 am',1.00,'01:16:43 am',1,4,16,'2017-06-10 06:16:43','2017-06-10 06:16:43'),(238,'Examen Final','2017-06-10','01:17:19 am',2.00,'01:17:19 am',2,4,16,'2017-06-10 06:17:19','2017-06-10 06:17:19'),(239,'Examen Final','2017-06-10','01:17:48 am',2.00,'01:17:48 am',2,4,16,'2017-06-10 06:17:48','2017-06-10 06:17:48'),(240,'Examen Final','2017-06-10','01:18:26 am',2.00,'01:18:26 am',3,4,16,'2017-06-10 06:18:26','2017-06-10 06:18:26'),(241,'Examen Final','2017-06-10','01:18:53 am',5.00,'01:18:53 am',4,4,16,'2017-06-10 06:18:53','2017-06-10 06:18:53'),(242,'Examen global','2017-06-10','01:19:25 am',0.00,'01:19:25 am',1,5,16,'2017-06-10 06:19:25','2017-06-10 06:19:25'),(243,'Examen Final','2017-06-10','01:22:05 am',3.00,'01:22:05 am',1,4,17,'2017-06-10 06:22:05','2017-06-10 06:22:05'),(244,'Examen Final','2017-06-10','01:22:36 am',2.00,'01:22:36 am',1,4,17,'2017-06-10 06:22:36','2017-06-10 06:22:36'),(245,'Examen Final','2017-06-10','01:23:05 am',1.00,'01:23:05 am',2,4,17,'2017-06-10 06:23:05','2017-06-10 06:23:05'),(246,'Examen Final','2017-06-10','01:24:00 am',2.00,'01:24:00 am',3,4,17,'2017-06-10 06:24:00','2017-06-10 06:24:00'),(247,'Examen Final','2017-06-10','01:24:34 am',2.00,'01:24:34 am',4,4,17,'2017-06-10 06:24:34','2017-06-10 06:24:34'),(248,'Examen global','2017-06-10','01:25:05 am',3.00,'01:25:05 am',1,5,17,'2017-06-10 06:25:05','2017-06-10 06:25:05'),(249,'Examen prueba','2017-06-10','01:26:42 am',3.00,'01:26:42 am',1,3,18,'2017-06-10 06:26:42','2017-06-10 06:26:42'),(250,'Examen Final','2017-06-10','01:27:19 am',2.00,'01:27:19 am',1,4,18,'2017-06-10 06:27:19','2017-06-10 06:27:19'),(251,'Examen Final','2017-06-10','01:27:48 am',1.00,'01:27:48 am',2,4,18,'2017-06-10 06:27:48','2017-06-10 06:27:48'),(252,'Examen Final','2017-06-10','01:28:15 am',0.00,'01:28:15 am',3,4,18,'2017-06-10 06:28:15','2017-06-10 06:28:15'),(253,'Examen Final','2017-06-10','01:28:44 am',0.00,'01:28:44 am',4,4,18,'2017-06-10 06:28:44','2017-06-10 06:28:44'),(254,'Examen global','2017-06-10','01:29:15 am',4.00,'01:29:15 am',1,5,18,'2017-06-10 06:29:15','2017-06-10 06:29:15'),(255,'Examen prueba','2017-06-10','01:29:40 am',2.00,'01:29:40 am',2,3,18,'2017-06-10 06:29:40','2017-06-10 06:29:40'),(256,'Examen prueba','2017-06-10','01:30:11 am',3.00,'01:30:11 am',3,3,18,'2017-06-10 06:30:11','2017-06-10 06:30:11');
/*!40000 ALTER TABLE `examens` ENABLE KEYS */;
UNLOCK TABLES;

--
-- Table structure for table `migrations`
--

DROP TABLE IF EXISTS `migrations`;
/*!40101 SET @saved_cs_client     = @@character_set_client */;
/*!40101 SET character_set_client = utf8 */;
CREATE TABLE `migrations` (
  `id` int(10) unsigned NOT NULL AUTO_INCREMENT,
  `migration` varchar(255) COLLATE utf8_unicode_ci NOT NULL,
  `batch` int(11) NOT NULL,
  PRIMARY KEY (`id`)
) ENGINE=InnoDB AUTO_INCREMENT=14 DEFAULT CHARSET=utf8 COLLATE=utf8_unicode_ci;
/*!40101 SET character_set_client = @saved_cs_client */;

--
-- Dumping data for table `migrations`
--

LOCK TABLES `migrations` WRITE;
/*!40000 ALTER TABLE `migrations` DISABLE KEYS */;
INSERT INTO `migrations` VALUES (1,'2014_10_12_000000_create_users_table',1),(2,'2014_10_12_100000_create_password_resets_table',1),(3,'2017_03_06_234248_create_direccions_table',1),(4,'2017_03_06_234259_create_profesors_table',1),(5,'2017_03_06_234310_create_cursos_table',1),(6,'2017_03_06_234320_create_unidads_table',1),(7,'2017_03_06_234330_create_tipos_table',1),(8,'2017_03_06_234356_create_preguntas_table',1),(9,'2017_03_06_234407_create_respuestas_table',1),(10,'2017_03_06_234436_create_alumnos_table',1),(11,'2017_03_16_201043_create_cur_alus_table',1),(12,'2017_03_16_214534_create_examens_table',1),(13,'2017_05_09_103416_create_uni_alus_table',1);
/*!40000 ALTER TABLE `migrations` ENABLE KEYS */;
UNLOCK TABLES;

--
-- Table structure for table `password_resets`
--

DROP TABLE IF EXISTS `password_resets`;
/*!40101 SET @saved_cs_client     = @@character_set_client */;
/*!40101 SET character_set_client = utf8 */;
CREATE TABLE `password_resets` (
  `email` varchar(255) COLLATE utf8_unicode_ci NOT NULL,
  `token` varchar(255) COLLATE utf8_unicode_ci NOT NULL,
  `created_at` timestamp NULL DEFAULT NULL,
  KEY `password_resets_email_index` (`email`),
  KEY `password_resets_token_index` (`token`)
) ENGINE=InnoDB DEFAULT CHARSET=utf8 COLLATE=utf8_unicode_ci;
/*!40101 SET character_set_client = @saved_cs_client */;

--
-- Dumping data for table `password_resets`
--

LOCK TABLES `password_resets` WRITE;
/*!40000 ALTER TABLE `password_resets` DISABLE KEYS */;
/*!40000 ALTER TABLE `password_resets` ENABLE KEYS */;
UNLOCK TABLES;

--
-- Table structure for table `preguntas`
--

DROP TABLE IF EXISTS `preguntas`;
/*!40101 SET @saved_cs_client     = @@character_set_client */;
/*!40101 SET character_set_client = utf8 */;
CREATE TABLE `preguntas` (
  `PRE_id` int(10) unsigned NOT NULL AUTO_INCREMENT,
  `PRE_nombre` varchar(255) COLLATE utf8_unicode_ci DEFAULT NULL,
  `PRE_respuestas` int(11) DEFAULT NULL,
  `UNI_id` int(10) unsigned DEFAULT NULL,
  `CUR_id` int(10) unsigned DEFAULT NULL,
  `PRE_file` varchar(255) COLLATE utf8_unicode_ci DEFAULT NULL,
  `created_at` timestamp NULL DEFAULT NULL,
  `updated_at` timestamp NULL DEFAULT NULL,
  PRIMARY KEY (`PRE_id`),
  KEY `preguntas_cur_id_foreign` (`CUR_id`),
  KEY `preguntas_uni_id_foreign` (`UNI_id`),
  CONSTRAINT `preguntas_cur_id_foreign` FOREIGN KEY (`CUR_id`) REFERENCES `cursos` (`CUR_id`),
  CONSTRAINT `preguntas_uni_id_foreign` FOREIGN KEY (`UNI_id`) REFERENCES `unidads` (`UNI_id`)
) ENGINE=InnoDB AUTO_INCREMENT=348 DEFAULT CHARSET=utf8 COLLATE=utf8_unicode_ci;
/*!40101 SET character_set_client = @saved_cs_client */;

--
-- Dumping data for table `preguntas`
--

LOCK TABLES `preguntas` WRITE;
/*!40000 ALTER TABLE `preguntas` DISABLE KEYS */;
INSERT INTO `preguntas` VALUES (3,'¿Cuáles son las vertientes de búsqueda que tiene el campo de estudio de la imagen?',1,1,1,'foto_1495163295.PNG','2017-05-17 02:14:24','2017-05-19 03:08:15'),(4,'Es el dicho  que forma parte de la mitología que ha crecido al lado del desarrollo del lenguaje de las imágenes y casi nadie se atreve a cuestionarlo:',1,1,1,'foto_1495163314.PNG','2017-05-17 02:16:10','2017-05-19 03:08:34'),(5,'¿Para que se aprovechó la imagen  desde tiempos muy remotos?',1,1,1,'foto_1495163336.PNG','2017-05-17 02:22:25','2017-05-19 03:08:56'),(6,'¿Qué ámbitos han desarrollado mayormente sus aplicaciones y potenciales, al lado del arte?',2,1,1,'foto_1495163373.PNG','2017-05-17 02:24:23','2017-05-19 03:09:33'),(7,'¿Cómo se reforzó la trayectoria de los medios de comunicación?',1,1,1,'foto_1495164175.PNG','2017-05-17 02:26:30','2017-05-19 03:22:55'),(8,'Son algunos de los procesos de formación del individuo, en donde en el presente siglo están llenos de ejemplos muy ilustrativos:',3,1,1,'foto_1495163404.PNG','2017-05-17 02:29:43','2017-05-19 03:10:04'),(9,'¿Cuáles son los dos elementos constitutivos de la imagen?',2,1,1,'foto_1495163432.PNG','2017-05-17 02:31:33','2017-05-19 03:10:32'),(10,'¿Cuál es la primera consideración pertinente cuando necesitamos seleccionar una imagen para utilizarla con fines educativos?',1,1,1,'foto_1495163453.PNG','2017-05-17 02:39:09','2017-05-19 03:10:53'),(11,'Son los dos grandes grupos en los que se clasifican las imágenes:',2,1,1,'foto_1495163493.PNG','2017-05-17 02:41:50','2017-06-07 06:53:20'),(12,'¿Cómo lograr que la imagen sea efectiva desde el punto de vista educativo?',1,1,1,'foto_1495163518.PNG','2017-05-17 02:45:04','2017-05-19 03:11:58'),(13,'¿Generalmente de qué manera se da más nuestra percepción de las imágenes?',1,1,1,'foto_1495163545.PNG','2017-05-17 02:47:54','2017-05-19 03:12:25'),(14,'Es la forma de conocer los factores que determinan su génesis, su dinámica interna y la forma en que son percibidas las imágenes por un sujeto determinado:',1,1,1,'foto_1495163569.PNG','2017-05-17 02:51:48','2017-05-19 03:12:49'),(15,'Es ante todo tener clara conciencia de su potencial educativo, es reconocer que los espectaculares de la calle informan y forman al individuo:',1,1,1,'foto_1495163585.PNG','2017-05-17 02:54:00','2017-05-19 03:13:05'),(16,'¿Qué función juega la imagen? Para educar de manera visual',1,1,1,'foto_1495163919.PNG','2017-05-17 03:00:58','2017-06-07 06:56:52'),(17,'¿Es otro tipo de imagen además de las imágenes visuales? ',1,1,1,'foto_1495163950.PNG','2017-05-17 03:03:06','2017-05-19 03:19:10'),(18,'Cuando se descompone en partes un objeto, seleccionando y aislando elementos significativos puede ser una imagen: ',1,1,1,'foto_1495163965.PNG','2017-05-17 03:05:37','2017-05-19 03:19:25'),(19,'¿Que establecen las imágenes figurativas, que ademas se convierten en reflejo de nuestras emociones?',1,1,1,'foto_1495163986.PNG','2017-05-17 03:08:56','2017-05-19 03:19:46'),(20,'Es otra cualidad de las imágenes como procedimiento de ayuda a retenerlos en la mente y a representar conceptos:',1,1,1,'foto_1496818814.PNG','2017-05-17 03:12:25','2017-06-07 07:03:17'),(21,'Son algunos ejemplos representativos de las imágenes esquematizadas:',3,1,1,'foto_1495164077.PNG','2017-05-17 03:15:15','2017-05-19 03:21:17'),(22,'Son el resultado de reunir cosas que estaban dispersas, o un conjunto orgánico:',1,1,1,'foto_1495164152.PNG','2017-05-17 03:18:06','2017-05-19 03:22:32'),(23,'Es una superficie plana cubierta de líneas, puntos y colores dispuestos según un orden determinado:',1,2,1,'foto_1495164412.PNG','2017-05-17 03:23:20','2017-05-19 03:26:52'),(24,'Implica el conocimiento de los efectos de líneas, planos, colores y texturas en el espacio',1,2,1,'foto_1495164425.PNG','2017-05-17 03:25:26','2017-05-19 03:27:05'),(25,'Es la  forma y proporción del espacio en que está plasmada la obra:',1,2,1,'foto_1495164436.PNG','2017-05-17 03:28:05','2017-05-19 03:27:16'),(26,'¿Cuáles son las características del plano?',3,2,1,'foto_1495164448.PNG','2017-05-17 03:30:44','2017-05-19 03:27:28'),(27,'Es una proporción en las formas que desde la antigüedad ha sido considerada de equilibrio armónico:',1,2,1,'foto_1495164462.PNG','2017-05-17 03:38:06','2017-05-19 03:27:42'),(28,'¿Con que serie tiene relación la sección áurea? ',1,2,1,'foto_1495164481.PNG','2017-05-17 03:40:08','2017-05-19 03:28:01'),(29,'Se dice que es la influencia más fuerte y primaria sobre la percepción humana. A partir de ahí hacemos juicios visuales: ',1,2,1,'foto_1495164511.PNG','2017-05-17 03:49:34','2017-05-19 03:28:31'),(30,'En este tipo de pintura el eje vertical se deduce fácilmente y guarda una relación de estabilidad con la base horizontal:',1,2,1,'foto_1495164532.PNG','2017-05-17 03:53:05','2017-05-19 03:28:52'),(31,'¿Qué líneas son las que surgen o se contraponen al eje vertical y alteran visualmente el equilibrio?',1,2,1,'foto_1495164559.PNG','2017-05-17 03:55:00','2017-05-19 03:29:19'),(32,'Por su ubicación en el plano producen una impresión en el espectador:',1,2,1,'foto_1495164573.PNG','2017-05-17 04:00:19','2017-05-19 03:29:33'),(33,'Son puntos alrededor de los cuales se organizan elementos y tienen como fin hacer que la mirada converja en ellos para contextualizar el resto de la imagen:',1,2,1,'foto_1495164586.PNG','2017-05-17 04:04:29','2017-05-19 03:29:46'),(34,'Es la repetición regular de elementos con respecto de uno o más ejes:',1,2,1,'foto_1495164598.PNG','2017-05-17 04:38:03','2017-05-19 03:29:58'),(35,'¿Qué simetría es la más común?',1,2,1,'foto_1495164618.PNG','2017-05-17 04:40:47','2017-05-19 03:30:18'),(36,'Es la alternancia de elementos que forma un patrón y brinda al conjunto su carácter: dinámico o estático:',1,2,1,'foto_1495164633.PNG','2017-05-17 04:43:49','2017-05-19 03:30:33'),(37,'Era el nombre de la resina natural que utilizo Niepce para hacer su experimento:',1,3,1,'foto_1495169625.PNG','2017-05-17 04:46:09','2017-05-19 04:53:45'),(38,'Fue el año en el que el inventor francés Nicéforo Niepce comprobó que había formado una imagen del paisaje, y estableció el inicio de una nueva tecnología:',1,3,1,'foto_1495169635.PNG','2017-05-17 04:47:30','2017-05-19 04:53:55'),(39,'Es la representación de una porción de la realidad, como una referencia visual:',1,3,1,'foto_1495169645.PNG','2017-05-17 04:49:44','2017-05-19 04:54:05'),(40,'Es la selección de un pedazo de la realidad:',1,3,1,'foto_1495169654.PNG','2017-05-17 04:53:08','2017-05-19 04:54:14'),(41,'Son los dos tipos de análisis que podemos hacer de una imagen:',2,3,1,'foto_1495169665.PNG','2017-05-17 04:55:51','2017-05-19 04:54:25'),(42,'Son los tres tipos básicos de encuadre:',3,3,1,'foto_1495169680.PNG','2017-05-17 04:58:25','2017-05-19 04:54:40'),(43,'Puede ser una panorámica o un paisaje si se trata de una gran distancia:',1,3,1,'foto_1495169691.PNG','2017-05-17 05:11:36','2017-05-19 04:54:51'),(44,'Son las cuatro angulaciones básicas y una toma sin ángulo:',3,3,1,'foto_1495169708.PNG','2017-05-17 05:19:31','2017-05-19 04:55:08'),(45,'¿Cuando se puede decir que una imagen es icónica?',1,3,1,'foto_1495169738.PNG','2017-05-17 05:23:33','2017-05-19 04:55:38'),(46,'¿Cuando se puede decir que una imagen es polisémica?',1,3,1,'foto_1495169752.PNG','2017-05-17 05:25:45','2017-05-19 04:55:52'),(47,'¿Que inventor francés logro establecer en 1826 el inicio de la tecnología fotográfica? ',1,3,1,'foto_1495169772.PNG','2017-05-17 05:32:11','2017-05-19 04:56:12'),(48,'¿De qué forma se analiza un plano general o un paisaje?',1,3,1,'foto_1495169795.PNG','2017-05-17 05:34:57','2017-05-19 04:56:35'),(49,'¿Qué material fue muy importante en la industria fotográfica conocido técnicamente como nitrato de celulosa?',1,3,1,'foto_1495169808.PNG','2017-05-17 05:36:46','2017-05-19 04:56:48'),(50,'¿A quién se le conoce como el padre del sistema fotográfico negativo – positivo?',1,3,1,'foto_1495169821.PNG','2017-05-17 05:38:26','2017-05-19 04:57:01'),(51,'¿Cómo se le llama a la distancia que separa al fotógrafo del sujeto a fotografiar?',1,3,1,'foto_1495169851.PNG','2017-05-17 05:44:55','2017-05-19 04:57:31'),(52,'Es una de las armas ideológicas más importantes para controlar a los seres humanos, porque en ella sustenta el consumo y es el pilar económico de todos los medios de comunicación:',1,4,1,NULL,'2017-05-17 05:49:30','2017-05-17 05:49:30'),(53,'La mercadotecnia divide al cliente en dos tipos de compradores ¿Cuáles son?',2,4,1,'foto_1495165890.PNG','2017-05-17 05:52:12','2017-05-19 03:51:30'),(54,'Son las variables relacionadas con el consumidor:',3,4,1,'foto_1495166063.PNG','2017-05-17 05:54:52','2017-05-19 03:54:23'),(55,'Son las Pautas del uso del producto, beneficio esperado, nivel de calidad exigido y precio:',1,4,1,'foto_1495166113.PNG','2017-05-17 05:57:40','2017-05-19 03:55:13'),(56,'Son la mayoría de los consumidores de los países no desarrollados o en crisis económica:',1,4,1,'foto_1495166146.PNG','2017-05-17 05:59:54','2017-05-19 03:55:46'),(57,'Son los consumidores que gastan grandes y  medianas sumas, Ignoran situaciones de recesión económica:',1,4,1,'foto_1495166181.PNG','2017-05-17 06:02:30','2017-05-19 03:56:21'),(58,'Son los consumidores que evalúan la calidad por encima de cualquier otro elemento del producto:',1,4,1,'foto_1495166228.PNG','2017-05-17 06:03:41','2017-05-19 03:57:08'),(59,'Es el tipo de compra que implica la motivación latente que está relacionada con la necesidad de aquello que el consumidor pensaba comprar y  adquiere de improviso un producto:',1,4,1,'foto_1495166769.png','2017-05-17 06:05:35','2017-05-19 04:06:09'),(60,'Este tipo de compra es totalmente espontanea, incluso cuando se trata de productos que el consumidor no necesitaba y tal vez nunca consumirá:',1,4,1,'foto_1495166943.PNG','2017-05-17 06:08:19','2017-05-19 04:09:03'),(61,'Es el tipo de compra que se basa en la lista de artículos que hay que comprar y que el consumidor ha preparado cuidadosamente:',1,4,1,'foto_1495166976.PNG','2017-05-17 06:09:40','2017-05-19 04:09:36'),(62,'Es cada una de las personas que somete su individualidad para asimilarse al modo de ser, el medio que lo rodea, adoptando conductas y actitudes estereotipadas según Homs:',1,4,1,'foto_1495167052.PNG','2017-05-17 06:25:18','2017-05-19 04:10:52'),(63,'Aplica en varios ramos de la industria como la del vestido, belleza, limpieza, los electrodomésticos, la mueblería, la automotriz eh incluso la alimentaria:',1,4,1,'foto_1495167236.png','2017-05-17 06:27:29','2017-05-19 04:13:56'),(64,'Su función es agilizar las ventas para que circule el capital que este en la base de la economía del mercado:',1,4,1,'foto_1495167255.PNG','2017-05-17 06:30:55','2017-05-19 04:14:15'),(65,'Es la necesidad creada artificialmente y el irrefrenable deseo de adquirir lo que se anuncia:',1,4,1,'foto_1495167308.PNG','2017-05-17 06:34:16','2017-05-19 04:15:08'),(66,'¿Con que se vincula la persuasión publicitaria?',1,4,1,'foto_1495167473.PNG','2017-05-17 06:36:16','2017-05-19 04:17:53'),(67,'¿Qué se quiere decir cuando afirmamos que le mensaje publicitario está cargado de argumentos falaces?',1,4,1,'foto_1495167578.PNG','2017-05-17 06:38:11','2017-05-19 04:19:38'),(68,'Es la representación del producto, la materia significante, aquello que captamos a través de los sentidos y el conjunto de iconos:',1,4,1,'foto_1495167618.PNG','2017-05-17 06:39:34','2017-05-19 04:20:18'),(69,'¿Cómo se llaman las figuras retoricas básicas?',3,4,1,'foto_1495167669.PNG','2017-05-17 06:41:17','2017-05-19 04:21:09'),(70,'Es la unidad mínima de significado de un signo:',1,4,1,'foto_1495167704.PNG','2017-05-17 06:45:36','2017-05-19 04:21:44'),(71,'Es un figura producida por la reiteración acumulativa del mismo signo:',1,4,1,'foto_1495167797.PNG','2017-05-17 06:48:16','2017-05-19 04:23:17'),(72,'Es una figura muy utilizada en publicidad destinada al público infantil:',1,4,1,'foto_1495167834.PNG','2017-05-17 06:49:58','2017-05-19 04:23:54'),(73,'Son un grupo de figuras retoricas que por desconcertantes son más usadas en publicidad para consumidores selectivos:',1,4,1,'foto_1495168283.png','2017-05-17 06:52:56','2017-05-19 04:31:23'),(74,'Consiste en la transacción de significado de un sema a otro:',1,4,1,'foto_1495168368.PNG','2017-05-17 06:55:33','2017-05-19 04:32:48'),(75,'Es el tropo que lleva más allá sus límites la dimensión real de un objeto:',1,4,1,'foto_1495168420.PNG','2017-05-17 06:57:37','2017-05-19 04:33:40'),(76,'¿Qué es lo que registramos en los tempranos meses de existencia, con el poco significado para nuestro virgen territorio cerebral?',1,7,2,'foto_1495168647.PNG','2017-05-17 07:24:21','2017-05-19 04:37:27'),(77,'Según los experimentos registrados, ¿Que percibimos mientras estamos en el vientre materno?',1,7,2,'foto_1495168660.PNG','2017-05-17 07:25:29','2017-05-19 04:37:40'),(78,'¿Cuáles son las vertientes de búsqueda que tiene el campo de estudio de la imagen?',1,7,2,'foto_1495168708.PNG','2017-05-17 07:27:22','2017-05-19 04:38:28'),(79,'Es el dicho  que forma parte de la mitología que ha crecido al lado del desarrollo del lenguaje de las imágenes y casi nadie se atreve a cuestionarlo:',1,7,2,'foto_1495168722.PNG','2017-05-17 07:28:42','2017-05-19 04:38:42'),(80,'¿Para que se aprovechó la imagen  desde tiempos muy remotos?',1,7,2,'foto_1495168732.PNG','2017-05-17 07:29:47','2017-05-19 04:38:52'),(81,'¿Qué ámbitos han desarrollado mayormente sus aplicaciones y potenciales, al lado del arte?',2,7,2,'foto_1495168883.PNG','2017-05-17 07:31:49','2017-05-19 04:41:23'),(82,'¿Cómo se reforzó la trayectoria de los medios de comunicación?',1,7,2,'foto_1495168911.PNG','2017-05-17 07:33:30','2017-05-19 04:41:51'),(83,'Son algunos de los procesos de formación del individuo, en donde en el presente siglo están llenos de ejemplos muy ilustrativos:',3,7,2,'foto_1495168924.PNG','2017-05-17 07:35:23','2017-05-19 04:42:04'),(84,'¿Cuáles son los elementos constitutivos de la imagen?',2,7,2,'foto_1495168975.PNG','2017-05-17 07:37:14','2017-05-19 04:42:55'),(85,'¿Cuál es la primera consideración pertinente cuando necesitamos seleccionar una imagen para utilizarla con fines educativos?',1,7,2,'foto_1495169000.PNG','2017-05-17 07:38:29','2017-05-19 04:43:20'),(86,'Son los dos grandes grupos en los que se clasifican las imágenes:',2,7,2,'foto_1495169048.PNG','2017-05-17 07:39:40','2017-05-19 04:44:08'),(87,'¿Cómo lograr que la imagen sea efectiva desde el punto de vista educativo?',1,7,2,'foto_1495169071.PNG','2017-05-17 07:40:58','2017-05-19 04:44:31'),(88,'¿Generalmente de qué manera se da más nuestra percepción de las imágenes? ',1,7,2,'foto_1495169091.PNG','2017-05-17 07:41:54','2017-05-19 04:44:51'),(89,'Es la forma de conocer los factores que determinan su génesis, su dinámica interna y la forma en que son percibidas las imágenes por un sujeto determinado:',1,7,2,'foto_1495169116.PNG','2017-05-17 07:42:49','2017-05-19 04:45:16'),(90,'Es ante todo tener clara conciencia de su potencial educativo, es reconocer que los espectaculares de la calle informan y forman al individuo:',1,7,2,'foto_1495169131.PNG','2017-05-17 07:43:43','2017-05-19 04:45:31'),(91,'¿Qué función juega la imagen?',1,7,2,'foto_1495169147.PNG','2017-05-17 07:45:00','2017-05-19 04:45:47'),(92,'¿Es otro tipo de imagen además de las imágenes visuales? ',1,7,2,'foto_1495169185.PNG','2017-05-17 07:59:28','2017-05-19 04:46:25'),(93,'Cuando se descompone en partes un objeto, seleccionando y aislando elementos significativos puede ser una imagen:',1,7,2,'foto_1495169203.PNG','2017-05-17 08:00:38','2017-05-19 04:46:43'),(94,'¿Que establecen las imágenes figurativas, que ademas se convierten en reflejo de nuestras emociones?',1,7,2,'foto_1495169224.PNG','2017-05-17 08:01:35','2017-05-19 04:47:04'),(95,'Es otra cualidad de las imágenes como procedimiento de ayuda a retenerlos en la mente y a representar conceptos:',1,7,2,'foto_1496820033.PNG','2017-05-17 08:02:32','2017-06-07 07:20:33'),(96,'Son algunos ejemplos representativos de las imágenes esquematizadas:',1,7,2,'foto_1495169321.PNG','2017-05-17 08:03:47','2017-05-19 04:48:41'),(97,'Son el resultado de reunir cosas que estaban dispersas, o un conjunto orgánico:',1,7,2,NULL,'2017-05-17 08:06:10','2017-05-19 00:27:00'),(98,'¿Qué es lo que registramos en los tempranos meses de existencia, con el poco significado para nuestro virgen territorio cerebral?',1,11,3,'foto_1495170945.PNG','2017-05-17 08:09:45','2017-05-19 05:15:45'),(99,'Según los experimentos registrados, ¿Que percibimos mientras estamos en el vientre materno?',1,11,3,'foto_1495170955.PNG','2017-05-17 08:11:03','2017-05-19 05:15:55'),(100,'¿Cuáles son las vertientes de búsqueda que tiene el campo de estudio de la imagen? ',1,11,3,'foto_1495170983.PNG','2017-05-17 08:12:20','2017-05-19 05:16:23'),(101,'Es el dicho  que forma parte de la mitología que ha crecido al lado del desarrollo del lenguaje de las imágenes y casi nadie se atreve a cuestionarlo:',1,11,3,'foto_1495170996.PNG','2017-05-17 08:13:50','2017-05-19 05:16:36'),(102,'¿Para que se aprovechó la imagen  desde tiempos muy remotos?',1,11,3,'foto_1495171013.PNG','2017-05-17 08:17:55','2017-05-19 05:16:53'),(103,'¿Qué ámbitos han desarrollado mayormente sus aplicaciones y potenciales, al lado del arte?',2,11,3,'foto_1495171038.PNG','2017-05-17 08:19:58','2017-05-19 05:17:18'),(104,'¿Cómo se reforzó la trayectoria de los medios de comunicación?',1,11,3,'foto_1495171053.PNG','2017-05-17 08:47:07','2017-05-19 05:17:33'),(105,'Son algunos de los procesos de formación del individuo, en donde en el presente siglo están llenos de ejemplos muy ilustrativos:',3,11,3,'foto_1495171209.PNG','2017-05-17 08:48:37','2017-05-19 05:20:09'),(106,'¿Cuáles son los elementos constitutivos de la imagen?',2,11,3,'foto_1495171239.PNG','2017-05-17 08:51:27','2017-05-19 05:20:39'),(107,'¿Cuál es la primera consideración pertinente cuando necesitamos seleccionar una imagen para utilizarla con fines educativos?',1,11,3,'foto_1495171259.PNG','2017-05-17 08:52:50','2017-05-19 05:20:59'),(108,'Son los dos grandes grupos en los que se clasifican las imágenes:',2,11,3,'foto_1495171280.PNG','2017-05-17 08:54:07','2017-05-19 05:21:20'),(109,'¿Cómo lograr que la imagen sea efectiva desde el punto de vista educativo?',1,11,3,'foto_1495171299.PNG','2017-05-17 08:55:37','2017-05-19 05:21:39'),(110,'¿Generalmente de qué manera se da más nuestra percepción de las imágenes?',1,11,3,'foto_1495171326.PNG','2017-05-17 08:56:55','2017-05-19 05:22:06'),(111,'Es la forma de conocer los factores que determinan su génesis, su dinámica interna y la forma en que son percibidas las imágenes por un sujeto determinado:',1,11,3,'foto_1495171351.PNG','2017-05-17 08:58:33','2017-05-19 05:22:31'),(112,'Es ante todo tener clara conciencia de su potencial educativo, es reconocer que los espectaculares de la calle informan y forman al individuo:',1,11,3,'foto_1495171366.PNG','2017-05-17 09:03:10','2017-05-19 05:22:46'),(113,'¿Qué función juega la imagen?',1,11,3,'foto_1495171381.PNG','2017-05-17 09:04:38','2017-05-19 05:23:01'),(114,'¿Es otro tipo de imagen además de las imágenes visuales? ',1,11,3,'foto_1495171397.PNG','2017-05-17 09:06:06','2017-05-19 05:23:17'),(115,'Cuando se descompone en partes un objeto, seleccionando y aislando elementos significativos puede ser una imagen:',1,11,3,'foto_1495171409.PNG','2017-05-17 09:07:18','2017-05-19 05:23:29'),(116,'¿Que establecen las imágenes figurativas, que ademas se convierten en reflejo de nuestras emociones?',1,11,3,'foto_1495171431.PNG','2017-05-17 09:09:25','2017-05-19 05:23:51'),(117,'Es una cualidad de la imagen y el procedimiento que ayuda a retener las imágenes en la mente y a representar conceptos: ',1,11,3,'foto_1495171450.PNG','2017-05-17 09:12:08','2017-05-19 05:24:10'),(118,'Son algunos ejemplos representativos de las imágenes esquematizadas:',3,11,3,'foto_1495171484.PNG','2017-05-17 09:13:49','2017-05-19 05:24:44'),(119,'Son el resultado de reunir cosas que estaban dispersas, o un conjunto orgánico:',1,11,3,'foto_1495171501.PNG','2017-05-17 09:15:23','2017-05-19 05:25:01'),(120,'Es una superficie plana cubierta de líneas, puntos y colores dispuestos según un orden determinado',1,8,2,'foto_1495169343.PNG','2017-05-17 09:17:26','2017-05-19 04:49:03'),(121,'Implica el conocimiento de los efectos de líneas, planos, colores y texturas en el espacio',1,8,2,'foto_1495169353.PNG','2017-05-17 09:19:45','2017-05-19 04:49:13'),(122,'Es la  forma y proporción del espacio en que está plasmada la obra:',1,8,2,'foto_1495169362.PNG','2017-05-17 09:22:30','2017-05-19 04:49:22'),(123,'¿Cuáles son las características del plano?',3,8,2,'foto_1495169375.PNG','2017-05-17 09:23:50','2017-05-19 04:49:35'),(124,'Es una proporción en las formas que desde la antigüedad ha sido considerada de equilibrio armónico:',1,8,2,'foto_1495169406.PNG','2017-05-17 09:25:21','2017-05-19 04:50:06'),(125,'¿Con que serie tiene relación la sección áurea? ',1,8,2,'foto_1495169423.PNG','2017-05-17 09:28:59','2017-05-19 04:50:23'),(126,'Se dice que es la influencia más fuerte y primaria sobre la percepción humana. A partir de ahí hacemos juicios visuales: ',1,8,2,'foto_1495169439.PNG','2017-05-17 09:30:30','2017-05-19 04:50:39'),(127,'En este tipo de pintura el eje vertical se deduce fácilmente y guarda una relación de estabilidad con la base horizontal:',1,8,2,'foto_1495169458.PNG','2017-05-17 09:31:47','2017-05-19 04:50:58'),(128,'¿Qué líneas son las que surgen o se contraponen al eje vertical y alteran visualmente el equilibrio? ',1,8,2,'foto_1495169471.PNG','2017-05-17 18:21:26','2017-05-19 04:51:11'),(129,'Por su ubicación en el plano producen una impresión en el espectador:',1,8,2,'foto_1495169482.PNG','2017-05-17 18:22:58','2017-05-19 04:51:22'),(130,'Son puntos alrededor de los cuales se organizan elementos y tienen como fin hacer que la mirada converja en ellos para contextualizar el resto de la imagen:',1,8,2,'foto_1495169497.PNG','2017-05-17 18:24:07','2017-05-19 04:51:37'),(131,'Es la repetición regular de elementos con respecto de uno o más ejes:',1,8,2,'foto_1495169510.PNG','2017-05-17 18:28:04','2017-05-19 04:51:50'),(132,'¿Qué simetría es la más común?',1,8,2,'foto_1495169525.PNG','2017-05-17 18:29:17','2017-05-19 04:52:05'),(133,'Es la alternancia de elementos que forma un patrón y brinda al conjunto su carácter: dinámico o estático:',1,8,2,'foto_1495169567.PNG','2017-05-17 18:30:25','2017-05-19 04:52:47'),(134,'Era el nombre de la resina natural que utilizo Niepce para hacer su experimento:',1,9,2,NULL,'2017-05-17 18:32:19','2017-05-17 18:32:19'),(135,'Es la representación de una porción de la realidad, como una referencia visual:',1,9,2,NULL,'2017-05-17 18:33:36','2017-05-17 18:33:36'),(136,'Es la selección de un pedazo de la realidad:',1,9,2,NULL,'2017-05-17 18:34:48','2017-05-17 18:34:48'),(137,'Son los dos tipos de análisis que podemos hacer de una imagen: ',2,9,2,NULL,'2017-05-17 18:36:05','2017-05-17 18:36:05'),(138,'Son los tres tipos básicos de encuadre:',3,9,2,NULL,'2017-05-17 18:38:05','2017-05-17 18:38:05'),(139,'Puede ser una panorámica o un paisaje si se trata de una gran distancia:',1,9,2,NULL,'2017-05-17 18:40:11','2017-05-17 18:40:11'),(140,'Son las cuatro angulaciones básicas y una toma sin ángulo:',3,9,2,NULL,'2017-05-17 18:41:56','2017-05-17 18:41:56'),(141,'¿Cuando se puede decir que una imagen es icónica? ',1,9,2,NULL,'2017-05-17 18:43:24','2017-05-17 18:43:24'),(142,'¿Cuando se puede decir que una imagen es polisémica? ',1,9,2,NULL,'2017-05-17 18:44:54','2017-05-17 18:44:54'),(143,'¿Qué inventor francés logró establecer en 1826 el inicio de la tecnología fotográfica?',1,9,2,NULL,'2017-05-17 18:46:49','2017-05-17 18:46:49'),(144,'¿Por qué sustancia se sustituyó la resina de colofonia para el rebelado de imágenes en 1837?',1,9,2,NULL,'2017-05-17 18:48:02','2017-05-17 18:48:02'),(145,'¿A quién se le conoce como el padre del sistema fotográfico negativo – positivo?',1,9,2,NULL,'2017-05-17 18:49:28','2017-05-17 18:49:28'),(146,'¿Qué material fue muy importante en la industria fotográfica conocido técnicamente como nitrato de celulosa?',1,9,2,NULL,'2017-05-17 18:51:04','2017-05-17 18:51:04'),(147,'¿Cómo se le llama a la distancia que separa al fotógrafo del sujeto a fotografiar?',1,9,2,NULL,'2017-05-17 18:53:02','2017-05-17 18:53:02'),(148,'¿A qué se le denomina toma angular en contrapicada?',1,9,2,NULL,'2017-05-17 18:55:30','2017-05-17 18:55:30'),(149,'¿De qué forma se analiza un plano general o un paisaje?',1,9,2,NULL,'2017-05-17 18:56:57','2017-05-17 18:56:57'),(150,'Es una de las armas ideológicas más importantes para controlar a los seres humanos, porque en ella sustenta el consumo y es el pilar económico de todos los medios de comunicación:',1,10,2,'foto_1495169910.PNG','2017-05-17 19:23:48','2017-05-19 04:58:30'),(151,'La mercadotecnia divide al cliente en dos tipos de compradores ¿Cuáles son?',2,10,2,'foto_1495169933.PNG','2017-05-17 19:26:22','2017-05-19 04:58:53'),(152,'Son las variables relacionadas con el consumidor:',3,10,2,'foto_1495169945.PNG','2017-05-17 19:28:16','2017-05-19 04:59:05'),(153,'Son las Pautas del uso del producto, beneficio esperado, nivel de calidad exigido y precio:',1,10,2,'foto_1495169959.PNG','2017-05-17 19:29:20','2017-05-19 04:59:19'),(154,'Son la mayoría de los consumidores de los países no desarrollados o en crisis económica:',1,10,2,'foto_1495169975.PNG','2017-05-17 19:30:56','2017-05-19 04:59:35'),(155,'Son los consumidores que gastan grandes y  medianas sumas, Ignoran situaciones de recesión económica:',1,10,2,'foto_1495169986.PNG','2017-05-17 19:32:09','2017-05-19 04:59:46'),(156,'Son los consumidores que evalúan la calidad por encima de cualquier otro elemento del producto:',1,10,2,'foto_1495170000.PNG','2017-05-17 19:33:06','2017-05-19 05:00:00'),(157,'Es el tipo de compra que implica la motivación latente que está relacionada con la necesidad de aquello que el consumidor pensaba comprar y  adquiere de improviso un producto:',1,10,2,'foto_1495170013.png','2017-05-17 19:34:04','2017-05-19 05:00:13'),(158,'Este tipo de compra es totalmente espontanea, incluso cuando se trata de productos que el consumidor no necesitaba y tal vez nunca consumirá:',1,10,2,'foto_1495170029.PNG','2017-05-17 19:35:06','2017-05-19 05:00:29'),(159,'Es el tipo de compra que se basa en la lista de artículos que hay que comprar y que el consumidor ha preparado cuidadosamente:',1,10,2,'foto_1495170053.PNG','2017-05-17 19:36:15','2017-05-19 05:00:53'),(160,'Es cada una de las personas que somete su individualidad para asimilarse al modo de ser, el medio que lo rodea, adoptando conductas y actitudes estereotipadas según Homs:',1,10,2,'foto_1495170070.PNG','2017-05-17 19:37:15','2017-05-19 05:01:10'),(161,'Aplica en varios ramos de la industria como la del vestido, belleza, limpieza, los electrodomésticos, la mueblería, la automotriz eh incluso la alimentaria:',1,10,2,'foto_1495170084.png','2017-05-17 19:38:39','2017-05-19 05:01:24'),(162,'Su función es agilizar las ventas para que circule el capital que este en la base de la economía del mercado:',1,10,2,'foto_1495170157.PNG','2017-05-17 19:39:46','2017-05-19 05:02:37'),(163,'Es la necesidad creada artificialmente y el irrefrenable deseo de adquirir lo que se anuncia:',1,10,2,'foto_1495170171.PNG','2017-05-17 19:41:25','2017-05-19 05:02:51'),(164,'¿Con que se vincula la persuasión publicitaria?',1,10,2,'foto_1495170203.PNG','2017-05-17 19:42:21','2017-05-19 05:03:23'),(165,'¿Qué se quiere decir cuando afirmamos que le mensaje publicitario está cargado de argumentos falaces?',1,10,2,'foto_1495170213.PNG','2017-05-17 19:43:27','2017-05-19 05:03:33'),(166,'Es la representación del producto, la materia significante, aquello que captamos a través de los sentidos y el conjunto de iconos:',1,10,2,'foto_1495170235.PNG','2017-05-17 19:44:18','2017-05-19 05:03:55'),(167,'¿Cómo se llaman las figuras retoricas básicas?',3,10,2,'foto_1495170254.PNG','2017-05-17 19:45:31','2017-05-19 05:04:14'),(168,'Es la unidad mínima de significado de un signo:',1,10,2,NULL,'2017-05-17 19:50:45','2017-05-17 19:50:45'),(169,'Es un figura producida por la reiteración acumulativa del mismo signo:',1,10,2,NULL,'2017-05-17 19:51:51','2017-05-17 19:51:51'),(170,'Es una figura muy utilizada en publicidad destinada al público infantil:',1,10,2,NULL,'2017-05-17 19:52:57','2017-05-17 19:52:57'),(171,'Son un grupo de figuras retoricas que por desconcertantes son más usadas en publicidad para consumidores selectivos:',1,10,2,NULL,'2017-05-17 19:58:12','2017-05-17 19:58:12'),(172,'Consiste en la transacción de significado de un sema a otro:',1,10,2,NULL,'2017-05-17 19:59:38','2017-05-17 19:59:38'),(173,'Es el tropo que lleva más allá sus límites la dimensión real de un objeto:',1,10,2,'foto_1495170266.PNG','2017-05-17 20:01:28','2017-05-19 05:04:26'),(174,'Es una superficie plana cubierta de líneas, puntos y colores dispuestos según un orden determinado:',1,12,3,'foto_1495171530.PNG','2017-05-17 20:02:58','2017-05-19 05:25:30'),(175,'Implica el conocimiento de los efectos de líneas, planos, colores y texturas en el espacio:',1,12,3,'foto_1495171538.PNG','2017-05-17 20:04:34','2017-05-19 05:25:38'),(176,'Es la  forma y proporción del espacio en que está plasmada la obra:',1,12,3,'foto_1495171548.PNG','2017-05-17 20:05:36','2017-05-19 05:25:48'),(177,'¿Cuáles son las características del plano?',3,12,3,'foto_1495171559.PNG','2017-05-17 20:06:32','2017-05-19 05:25:59'),(178,'Es una proporción en las formas que desde la antigüedad ha sido considerada de equilibrio armónico',1,12,3,'foto_1495171568.PNG','2017-05-17 20:07:36','2017-05-19 05:26:08'),(179,'¿Con que serie tiene relación la sección áurea? ',1,12,3,'foto_1495171579.PNG','2017-05-17 20:08:46','2017-05-19 05:26:19'),(180,'Se dice que es la influencia más fuerte y primaria sobre la percepción humana. A partir de ahí hacemos juicios visuales: ',1,12,3,'foto_1495171604.PNG','2017-05-17 20:10:42','2017-05-19 05:26:44'),(181,'En este tipo de pintura el eje vertical se deduce fácilmente y guarda una relación de estabilidad con la base horizontal: ',1,12,3,'foto_1495171615.PNG','2017-05-17 20:12:16','2017-05-19 05:26:55'),(182,'¿Qué líneas son las que surgen o se contraponen al eje vertical y alteran visualmente el equilibrio? ',1,12,3,'foto_1495171631.PNG','2017-05-17 20:25:59','2017-05-19 05:27:11'),(183,'Por su ubicación en el plano producen una impresión en el espectador:',1,12,3,'foto_1495171641.PNG','2017-05-17 20:27:09','2017-05-19 05:27:21'),(184,'Son puntos alrededor de los cuales se organizan elementos y tienen como fin hacer que la mirada converja en ellos para contextualizar el resto de la imagen:',1,12,3,'foto_1495171652.PNG','2017-05-17 20:28:08','2017-05-19 05:27:32'),(185,'Es la repetición regular de elementos con respecto de uno o más ejes:',1,12,3,'foto_1495171665.PNG','2017-05-17 20:29:03','2017-05-19 05:27:45'),(186,'¿Qué simetría es la más común?',1,12,3,'foto_1495171678.PNG','2017-05-17 20:30:01','2017-05-19 05:27:58'),(187,'Es la alternancia de elementos que forma un patrón y brinda al conjunto su carácter: dinámico o estático:',1,12,3,'foto_1495171693.PNG','2017-05-17 20:31:10','2017-05-19 05:28:13'),(188,'¿Qué inventor francés logró establecer en 1826 el inicio de la tecnología fotográfica?',1,13,3,'foto_1495171738.PNG','2017-05-17 20:33:08','2017-05-19 05:28:58'),(189,'¿Quién de los siguientes personajes aporto a la fotografía el uso de hiposulfito de sodio para fijar las imágenes y que además acuñado la palabra fotografía?',1,13,3,NULL,'2017-05-17 20:44:21','2017-05-17 20:44:21'),(190,'¿Por qué sustancia se sustituyó la resina de colofonia para el rebelado de imágenes en 1837?',1,13,3,NULL,'2017-05-17 20:45:27','2017-05-17 20:45:27'),(191,'¿A quién se le conoce como el padre del sistema fotográfico negativo – positivo?',1,13,3,NULL,'2017-05-17 20:46:34','2017-05-17 20:46:34'),(192,'¿Qué material fue muy importante en la industria fotográfica conocido técnicamente como nitrato de celulosa?',1,13,3,'foto_1495171776.PNG','2017-05-17 20:47:42','2017-05-19 05:29:36'),(193,'¿Cómo se le llama a la distancia que separa al fotógrafo del sujeto a fotografiar?',1,13,3,'foto_1495171790.PNG','2017-05-17 20:48:26','2017-05-19 05:29:50'),(194,'¿De qué forma se analiza un plano general o un paisaje?',1,13,3,'foto_1495171801.PNG','2017-05-17 20:50:04','2017-05-19 05:30:01'),(195,'Era el nombre de la resina natural que utilizo Niepce para hacer su experimento:',1,13,3,'foto_1495171815.PNG','2017-05-17 20:51:02','2017-05-19 05:30:15'),(196,'Es la representación de una porción de la realidad, como una referencia visual:',1,13,3,'foto_1495171832.PNG','2017-05-17 20:52:03','2017-05-19 05:30:32'),(197,'Es la selección de un pedazo de la realidad:',1,13,3,'foto_1495171847.PNG','2017-05-17 20:52:55','2017-05-19 05:30:47'),(198,'Son los dos tipos de análisis que podemos hacer de una imagen: ',2,13,3,'foto_1495171862.PNG','2017-05-17 20:54:00','2017-05-19 05:31:03'),(199,'Son los tres tipos básicos de encuadre:',3,13,3,'foto_1495171887.PNG','2017-05-17 20:55:40','2017-05-19 05:31:27'),(200,'Puede ser una panorámica o un paisaje si se trata de una gran distancia:',1,13,3,'foto_1495171934.PNG','2017-05-17 20:57:20','2017-05-19 05:32:14'),(201,'Son las cuatro angulaciones básicas y una toma sin ángulo:',3,13,3,'foto_1495171913.PNG','2017-05-17 20:58:29','2017-05-19 05:31:53'),(202,'¿Cuando se puede decir que una imagen es icónica? ',1,13,3,'foto_1495171965.PNG','2017-05-17 20:59:48','2017-05-19 05:32:45'),(203,'¿Cuando se puede decir que una imagen es polisémica? ',1,13,3,'foto_1495171994.PNG','2017-05-17 21:01:09','2017-05-19 05:33:14'),(204,'Es una de las armas ideológicas más importantes para controlar a los seres humanos, porque en ella sustenta el consumo y es el pilar económico de todos los medios de comunicación:',1,14,3,'foto_1495172023.PNG','2017-05-17 21:02:53','2017-05-19 05:33:43'),(205,'La mercadotecnia divide al cliente en dos tipos de compradores ¿Cuáles son?',2,14,3,'foto_1495172049.PNG','2017-05-17 21:04:02','2017-05-19 05:34:09'),(206,'Son las variables relacionadas con el consumidor:',3,14,3,'foto_1495172063.PNG','2017-05-17 21:05:06','2017-05-19 05:34:23'),(207,'Son las Pautas del uso del producto, beneficio esperado, nivel de calidad exigido y precio:',1,14,3,'foto_1495172074.PNG','2017-05-17 21:12:46','2017-05-19 05:34:34'),(208,'Son la mayoría de los consumidores de los países no desarrollados o en crisis económica:',1,14,3,'foto_1495172088.PNG','2017-05-17 21:25:56','2017-05-19 05:34:48'),(209,'Son los consumidores que gastan grandes y  medianas sumas, Ignoran situaciones de recesión económica:',1,14,3,'foto_1495172112.PNG','2017-05-17 21:27:22','2017-05-19 05:35:12'),(210,'Son los consumidores que evalúan la calidad por encima de cualquier otro elemento del producto:',1,14,3,'foto_1495172132.PNG','2017-05-17 21:29:03','2017-05-19 05:35:32'),(211,'Es el tipo de compra que implica la motivación latente que está relacionada con la necesidad de aquello que el consumidor pensaba comprar y  adquiere de improviso un producto:',1,14,3,'foto_1495172148.png','2017-05-17 21:30:41','2017-05-19 05:35:48'),(212,'Este tipo de compra es totalmente espontanea, incluso cuando se trata de productos que el consumidor no necesitaba y tal vez nunca consumirá:',1,14,3,'foto_1495172162.PNG','2017-05-17 22:17:52','2017-05-19 05:36:02'),(213,'Es el tipo de compra que se basa en la lista de artículos que hay que comprar y que el consumidor ha preparado cuidadosamente:',1,14,3,'foto_1495172181.PNG','2017-05-17 22:19:15','2017-05-19 05:36:21'),(214,'Es cada una de las personas que somete su individualidad para asimilarse al modo de ser, el medio que lo rodea, adoptando conductas y actitudes estereotipadas según Homs:',1,14,3,'foto_1495172194.PNG','2017-05-17 22:20:20','2017-05-19 05:36:34'),(215,'Aplica en varios ramos de la industria como la del vestido, belleza, limpieza, los electrodomésticos, la mueblería, la automotriz eh incluso la alimentaria:',1,14,3,'foto_1495172214.png','2017-05-17 22:22:05','2017-05-19 05:36:54'),(216,'Su función es agilizar las ventas para que circule el capital que este en la base de la economía del mercado:',1,14,3,'foto_1495172267.PNG','2017-05-17 22:23:54','2017-05-19 05:37:47'),(217,'Es la necesidad creada artificialmente y el irrefrenable deseo de adquirir lo que se anuncia:',1,14,3,'foto_1495172248.PNG','2017-05-17 22:24:54','2017-05-19 05:37:28'),(218,'¿Con que se vincula la persuasión publicitaria?',1,14,3,'foto_1495172285.PNG','2017-05-17 22:26:21','2017-05-19 05:38:05'),(219,'¿Qué se quiere decir cuando afirmamos que le mensaje publicitario está cargado de argumentos falaces?',1,14,3,'foto_1495172299.PNG','2017-05-17 22:27:27','2017-05-19 05:38:19'),(220,'Es la representación del producto, la materia significante, aquello que captamos a través de los sentidos y el conjunto de iconos:',1,14,3,'foto_1495172322.PNG','2017-05-17 22:28:21','2017-05-19 05:38:42'),(221,'¿Cómo se llaman las figuras retoricas básicas?',3,14,3,'foto_1495172347.PNG','2017-05-17 22:29:45','2017-05-19 05:39:07'),(222,'Es la unidad mínima de significado de un signo:',1,14,3,'foto_1495172362.PNG','2017-05-17 22:34:35','2017-05-19 05:39:22'),(223,'Es un figura producida por la reiteración acumulativa del mismo signo:',1,14,3,'foto_1495172377.PNG','2017-05-17 22:35:26','2017-05-19 05:39:37'),(224,'Es una figura muy utilizada en publicidad destinada al público infantil:',1,14,3,'foto_1495172394.PNG','2017-05-17 22:37:06','2017-05-19 05:39:54'),(225,'Consiste en la transacción de significado de un sema a otro:',1,14,3,'foto_1495172413.PNG','2017-05-17 22:38:30','2017-05-19 05:40:13'),(226,'Es el tropo que lleva más allá sus límites la dimensión real de un objeto:',1,14,3,'foto_1495172429.PNG','2017-05-17 22:39:38','2017-05-19 05:40:29'),(227,'¿Cómo se da generalmente nuestra percepción de las imágenes que nos hacen placentera o molesta una imagen?',1,1,1,'foto_1496818561.PNG','2017-06-07 06:56:01','2017-06-07 06:56:01'),(228,'¿Qué es lo que registramos en los tempranos meses de existencia, con el poco significado para nuestro virgen territorio cerebral?',1,1,1,'foto_1496818895.PNG','2017-06-07 07:01:35','2017-06-07 07:02:16'),(229,'¿En qué consiste el reto para el profesional de la educación? ',1,1,1,'foto_1496819069.PNG','2017-06-07 07:04:29','2017-06-07 07:04:29'),(230,'Es una reunión de cosas, elementos visuales, que se encontraban dispersas en la realidad y que son unidas en un conjunto orgánico:',1,1,1,'foto_1496819173.PNG','2017-06-07 07:06:13','2017-06-07 07:06:13'),(231,'¿Qué es lo que constituye al ser humano para habituarse al paisaje de su entorno y a las condiciones que le ofrece?',1,1,1,'foto_1496819240.PNG','2017-06-07 07:07:20','2017-06-07 07:07:20'),(232,'¿Qué es lo que forma parte constitutiva de nuestra actividad cerebral?',1,1,1,'foto_1496819307.PNG','2017-06-07 07:08:27','2017-06-07 07:08:27'),(233,'Se le ha otorgado el papel que le corresponde como recurso expresivo al servicio de las causas más nobles de la civilización:',1,1,1,'foto_1496819367.PNG','2017-06-07 07:09:27','2017-06-07 07:09:27'),(234,'¿Qué es lo que está presente en una imagen a la cual identificamos?',1,1,1,'foto_1496819428.PNG','2017-06-07 07:10:28','2017-06-07 07:10:28'),(235,'¿Cómo se clasifican las imágenes?',1,1,1,'foto_1496819502.PNG','2017-06-07 07:11:42','2017-06-07 07:11:42'),(236,'¿Cuál es el ejemplo más contundente que apela a la percepción estética?',1,1,1,'foto_1496819569.PNG','2017-06-07 07:12:49','2017-06-07 07:12:49'),(237,'¿Cómo es la formación que recibimos en la escuela?',1,1,1,'foto_1496819616.PNG','2017-06-07 07:13:36','2017-06-07 07:13:36'),(238,'Son fines convenientes de ensayarlos sin perder de vista el papel que están jugando en un contexto y un momento determinado:',1,1,1,'foto_1496819671.PNG','2017-06-07 07:14:31','2017-06-07 07:14:31'),(239,'No es producto de la práctica más común educar con imágenes:',1,1,1,'foto_1496819717.PNG','2017-06-07 07:15:17','2017-06-07 07:15:17'),(240,'¿Qué son las imágenes?',1,1,1,'foto_1496819764.PNG','2017-06-07 07:16:04','2017-06-07 07:16:04'),(241,'¿Cómo es la imagen ante todo cuando queremos mostrar las características de forma, talla, textura y color de un objeto?',1,1,1,'foto_1496819806.PNG','2017-06-07 07:16:46','2017-06-07 07:16:46'),(242,'¿Cómo se da generalmente nuestra percepción de las imágenes que nos hacen placentera o molesta una imagen?',1,7,2,'foto_1496819967.PNG','2017-06-07 07:19:27','2017-06-07 07:19:27'),(243,'¿En qué consiste el reto para el profesional de la educación? ',1,7,2,'foto_1496820093.PNG','2017-06-07 07:21:33','2017-06-07 07:21:33'),(244,'Es una reunión de cosas, elementos visuales, que se encontraban dispersas en la realidad y que son unidas en un conjunto orgánico:',1,7,2,'foto_1496820132.PNG','2017-06-07 07:22:12','2017-06-07 07:22:12'),(245,'¿Qué es lo que constituye al ser humano para habituarse al paisaje de su entorno y a las condiciones que le ofrece?',1,7,2,'foto_1496820176.PNG','2017-06-07 07:22:56','2017-06-07 07:22:56'),(246,'¿Qué es lo que forma parte constitutiva de nuestra actividad cerebral?',1,7,2,'foto_1496820327.PNG','2017-06-07 07:25:27','2017-06-07 07:25:27'),(247,'Se le ha otorgado el papel que le corresponde como recurso expresivo al servicio de las causas más nobles de la civilización:',1,7,2,'foto_1496820371.PNG','2017-06-07 07:26:11','2017-06-07 07:26:11'),(248,'¿Qué es lo que está presente en una imagen a la cual identificamos?',1,7,2,'foto_1496820413.PNG','2017-06-07 07:26:53','2017-06-07 07:26:53'),(249,'¿Cómo se clasifican las imágenes?',1,7,2,'foto_1496820453.PNG','2017-06-07 07:27:33','2017-06-07 07:27:33'),(250,'¿Cuál es el ejemplo más contundente que apela a la percepción estética?',1,7,2,'foto_1496820489.PNG','2017-06-07 07:28:09','2017-06-07 07:28:09'),(251,'¿Cómo es la formación que recibimos en la escuela?',1,7,2,'foto_1496820529.PNG','2017-06-07 07:28:49','2017-06-07 07:28:49'),(252,'Son fines convenientes de ensayarlos sin perder de vista el papel que están jugando en un contexto y un momento determinado:',1,7,2,'foto_1496820567.PNG','2017-06-07 07:29:27','2017-06-07 07:29:27'),(253,'No es producto de la práctica más común educar con imágenes:',1,7,2,'foto_1496820605.PNG','2017-06-07 07:30:05','2017-06-07 07:30:05'),(254,'¿Qué son las imágenes?',1,7,2,'foto_1496820640.PNG','2017-06-07 07:30:40','2017-06-07 07:30:40'),(255,'¿Cómo se da generalmente nuestra percepción de las imágenes que nos hacen placentera o molesta una imagen?',1,11,3,'foto_1496820745.PNG','2017-06-07 07:32:25','2017-06-07 07:32:25'),(256,'Es otra cualidad de las imágenes como procedimiento de ayuda a retenerlos en la mente y a representar conceptos:',1,11,3,'foto_1496820783.PNG','2017-06-07 07:33:03','2017-06-07 07:33:03'),(257,'¿En qué consiste el reto para el profesional de la educación? ',1,11,3,'foto_1496820831.PNG','2017-06-07 07:33:51','2017-06-07 07:33:51'),(258,'Es una reunión de cosas, elementos visuales, que se encontraban dispersas en la realidad y que son unidas en un conjunto orgánico:',1,11,3,'foto_1496820876.PNG','2017-06-07 07:34:36','2017-06-07 07:34:36'),(259,'¿Qué es lo que constituye al ser humano para habituarse al paisaje de su entorno y a las condiciones que le ofrece?',1,11,3,'foto_1496820913.PNG','2017-06-07 07:35:13','2017-06-07 07:35:13'),(260,'¿Qué es lo que forma parte constitutiva de nuestra actividad cerebral?',1,11,3,'foto_1496820947.PNG','2017-06-07 07:35:47','2017-06-07 07:35:47'),(261,'Se le ha otorgado el papel que le corresponde como recurso expresivo al servicio de las causas más nobles de la civilización:',1,11,3,'foto_1496820994.PNG','2017-06-07 07:36:34','2017-06-07 07:36:34'),(262,'¿Qué es lo que está presente en una imagen a la cual identificamos?',1,11,3,'foto_1496821037.PNG','2017-06-07 07:37:17','2017-06-07 07:37:17'),(263,'¿Cómo se clasifican las imágenes?',1,11,3,'foto_1496821073.PNG','2017-06-07 07:37:53','2017-06-07 07:37:53'),(264,'¿Cuál es el ejemplo más contundente que apela a la percepción estética?',1,11,3,'foto_1496821107.PNG','2017-06-07 07:38:27','2017-06-07 07:38:27'),(265,'¿Cómo es la formación que recibimos en la escuela?',1,11,3,'foto_1496821138.PNG','2017-06-07 07:38:58','2017-06-07 07:38:58'),(266,'Son fines convenientes de ensayarlos sin perder de vista el papel que están jugando en un contexto y un momento determinado:',1,11,3,'foto_1496821172.PNG','2017-06-07 07:39:32','2017-06-07 07:39:32'),(267,'¿Qué son las imágenes?',1,11,3,'foto_1496821218.PNG','2017-06-07 07:40:18','2017-06-07 07:40:18'),(268,'Se dice qué de manera similar al funcionamiento de las palancas, donde un pequeño peso puede desplazar otro mucho mayor, en la pintura un elemento dispuesto en contrapeso con una línea de tensión:',1,2,1,'foto_1496821410.PNG','2017-06-07 07:43:30','2017-06-07 07:43:30'),(269,'Es una de las manifestaciones artísticas más antiguas de las que tenemos registro:',1,2,1,'foto_1496821499.PNG','2017-06-07 07:44:59','2017-06-07 07:44:59'),(270,'Cómo se le llama a ese orden interno que en combinación con la imagen plasmada marca el propósito y el significado de la obra?',1,2,1,'foto_1496821553.PNG','2017-06-07 07:45:53','2017-06-07 07:45:53'),(271,'¿Qué es lo que implica la adquisición de la sintaxis respectiva, siendo esta la disposición ordenada de las palabras en estructuras apropiadas?',1,2,1,'foto_1496821590.PNG','2017-06-07 07:46:30','2017-06-07 07:46:30'),(272,'20. Forma parte de un sistema visual que está en relación con la cultura a la que pertenece:',1,2,1,'foto_1496821658.PNG','2017-06-07 07:47:38','2017-06-07 07:47:38'),(273,'La composición está dividida en dos secciones ¿Cuáles son?',1,2,1,'foto_1496821706.PNG','2017-06-07 07:48:26','2017-06-07 07:48:26'),(274,'Se denomina así a la forma y proporción del espacio en que está plasmada la obra:',1,2,1,'foto_1496821742.PNG','2017-06-07 07:49:02','2017-06-07 07:49:02'),(275,'¿Cómo se construían los retablos novohispanos? ',1,2,1,'foto_1496821802.PNG','2017-06-07 07:50:02','2017-06-07 07:50:02'),(276,'¿Con que sucesión determinada tiene relación la sección áurea? ',1,2,1,'foto_1496821837.PNG','2017-06-07 07:50:37','2017-06-07 07:50:37'),(277,' Es una de las características principales de los seres humanos:',1,2,1,'foto_1496821880.PNG','2017-06-07 07:51:20','2017-06-07 07:51:20'),(278,'¿Cómo se marca visualmente una imagen?',1,2,1,'foto_1496821929.PNG','2017-06-07 07:52:09','2017-06-07 07:52:09'),(279,'Es una de las manifestaciones artísticas más antiguas de las que tenemos registro:',1,8,2,'foto_1496821982.PNG','2017-06-07 07:53:02','2017-06-07 07:53:02'),(280,'¿Cómo se le llama a ese orden interno que en combinación con la imagen plasmada marca el propósito y el significado de la obra?',1,8,2,'foto_1496822013.PNG','2017-06-07 07:53:33','2017-06-07 07:53:33'),(281,'¿Qué es lo que implica la adquisición de la sintaxis respectiva, siendo esta la disposición ordenada de las palabras en estructuras apropiadas?',1,8,2,'foto_1496822052.PNG','2017-06-07 07:54:12','2017-06-07 07:54:12'),(282,' Forma parte de un sistema visual que está en relación con la cultura a la que pertenece:',1,8,2,'foto_1496822086.PNG','2017-06-07 07:54:46','2017-06-07 07:54:46'),(283,' La composición está dividida en dos secciones ¿Cuáles son?',1,8,2,'foto_1496822117.PNG','2017-06-07 07:55:17','2017-06-07 07:55:17'),(284,'Se denomina así a la forma y proporción del espacio en que está plasmada la obra:',1,8,2,'foto_1496822160.PNG','2017-06-07 07:56:00','2017-06-07 07:56:00'),(285,'¿Cómo se construían los retablos novohispanos? ',1,8,2,'foto_1496822194.PNG','2017-06-07 07:56:34','2017-06-07 07:56:34'),(286,'¿Con que sucesión determinada tiene relación la sección áurea? ',1,8,2,'foto_1496822231.PNG','2017-06-07 07:57:11','2017-06-07 07:57:11'),(287,'Es una de las características principales de los seres humanos:',2,8,2,'foto_1496822262.PNG','2017-06-07 07:57:42','2017-06-07 07:57:42'),(288,'¿Cómo se marca visualmente una imagen?',1,8,2,'foto_1496822328.PNG','2017-06-07 07:58:48','2017-06-07 07:58:48'),(289,'¿Cómo podemos utilizar la simetría bilateral?',1,8,2,'foto_1496822375.PNG','2017-06-07 07:59:35','2017-06-07 07:59:35'),(290,'¿Cómo podemos utilizar la simetría bilateral?',1,12,3,'foto_1496822418.PNG','2017-06-07 08:00:18','2017-06-07 08:00:18'),(291,'¿Cómo se marca visualmente una imagen?',1,12,3,'foto_1496822451.PNG','2017-06-07 08:00:51','2017-06-07 08:00:51'),(292,'Es una de las características principales de los seres humanos:',1,12,3,'foto_1496822487.PNG','2017-06-07 08:01:27','2017-06-07 08:01:27'),(293,'¿Con que sucesión determinada tiene relación la sección áurea? ',1,12,3,'foto_1496822527.PNG','2017-06-07 08:02:07','2017-06-07 08:02:07'),(294,'¿Cómo se construían los retablos novohispanos? ',1,12,3,'foto_1496822560.PNG','2017-06-07 08:02:40','2017-06-07 08:02:40'),(295,' Se denomina así a la forma y proporción del espacio en que está plasmada la obra:',1,12,3,'foto_1496822634.PNG','2017-06-07 08:03:54','2017-06-07 08:03:54'),(296,'La composición está dividida en dos secciones ¿Cuáles son?',1,12,3,'foto_1496822670.PNG','2017-06-07 08:04:30','2017-06-07 08:04:30'),(297,'Forma parte de un sistema visual que está en relación con la cultura a la que pertenece:',1,12,3,'foto_1496822704.PNG','2017-06-07 08:05:04','2017-06-07 08:05:04'),(298,'¿Qué es lo que implica la adquisición de la sintaxis respectiva, siendo esta la disposición ordenada de las palabras en estructuras apropiadas?',1,12,3,'foto_1496822737.PNG','2017-06-07 08:05:37','2017-06-07 08:05:37'),(299,'¿Cómo se le llama a ese orden interno que en combinación con la imagen plasmada marca el propósito y el significado de la obra?',1,12,3,'foto_1496822766.PNG','2017-06-07 08:06:06','2017-06-07 08:06:06'),(300,' una de las manifestaciones artísticas más antiguas de las que tenemos registro:',1,12,3,'foto_1496822794.PNG','2017-06-07 08:06:34','2017-06-07 08:06:34'),(301,'¿Quién de los siguientes personajes aporto a la fotografía el uso de hiposulfito de sodio para fijar las imágenes y que además acuñado la palabra fotografía?',1,3,1,'foto_1496823161.PNG','2017-06-07 08:12:41','2017-06-07 08:12:41'),(302,'¿Por qué sustancia se sustituyó la resina de colofonia para el rebelado de imágenes en 1837?',1,3,1,'foto_1496823197.PNG','2017-06-07 08:13:17','2017-06-07 08:13:17'),(303,' ¿Qué físico matemático mejoró en 1840 las lentes, logrando una imagen 22 veces más brillante en ese entonces?',1,3,1,'foto_1496823234.PNG','2017-06-07 08:13:54','2017-06-07 08:13:54'),(304,'¿Qué científico obtuvo imágenes positivas sobre papel en julio de 1839? ',1,3,1,'foto_1496823277.PNG','2017-06-07 08:14:37','2017-06-07 08:14:37'),(305,'¿A qué se le denomina toma frontal? ',1,3,1,'foto_1496823314.PNG','2017-06-07 08:15:14','2017-06-07 08:15:14'),(306,'¿A qué se le denomina toma angular en contrapicada? ',1,3,1,'foto_1496823350.PNG','2017-06-07 08:15:50','2017-06-07 08:15:50'),(307,'¿Qué astrónomo francés diseño en 1874 un revolver fotográfico guiado por un sistema de relojes?',1,3,1,'foto_1496823388.PNG','2017-06-07 08:16:28','2017-06-07 08:16:28'),(308,'Para finales del siglo XIX, una compañía estadounidense era ya famosa por haber sacado al mercado una cámara de tamaño menor a una caja de zapatos esta fue: ',1,3,1,'foto_1496823426.PNG','2017-06-07 08:17:06','2017-06-07 08:17:06'),(309,'¿Tienen una gran capacidad de seducción e hipnosis?',1,3,1,'foto_1496823461.PNG','2017-06-07 08:17:41','2017-06-07 08:17:41'),(310,'Son los ángulos de la toma o punto de vista:',1,3,1,'foto_1496823508.PNG','2017-06-07 08:18:28','2017-06-07 08:18:28'),(311,'Son los ángulos de la toma o punto de vista:',1,9,2,'foto_1496823551.PNG','2017-06-07 08:19:11','2017-06-07 08:19:11'),(312,'¿Tienen una gran capacidad de seducción e hipnosis?',1,9,2,'foto_1496823592.PNG','2017-06-07 08:19:52','2017-06-07 08:19:52'),(313,'Para finales del siglo XIX, una compañía estadounidense era ya famosa por haber sacado al mercado una cámara de tamaño menor a una caja de zapatos esta fue: ',1,9,2,'foto_1496823638.PNG','2017-06-07 08:20:38','2017-06-07 08:20:38'),(314,'¿Qué astrónomo francés diseño en 1874 un revolver fotográfico guiado por un sistema de relojes?',1,9,2,'foto_1496823670.PNG','2017-06-07 08:21:10','2017-06-07 08:21:10'),(315,'¿A qué se le denomina toma angular en contrapicada?  ',1,9,2,'foto_1496823709.PNG','2017-06-07 08:21:49','2017-06-07 08:21:49'),(316,'¿A qué se le denomina toma frontal? ',1,9,2,'foto_1496823746.PNG','2017-06-07 08:22:26','2017-06-07 08:22:26'),(317,'¿Qué científico obtuvo imágenes positivas sobre papel en julio de 1839? ',1,9,2,'foto_1496823781.PNG','2017-06-07 08:23:01','2017-06-07 08:23:01'),(318,'¿Qué físico matemático mejoró en 1840 las lentes, logrando una imagen 22 veces más brillante en ese entonces?',1,9,2,'foto_1496823814.PNG','2017-06-07 08:23:34','2017-06-07 08:23:34'),(319,'¿Por qué sustancia se sustituyó la resina de colofonia para el rebelado de imágenes en 1837?',1,9,2,'foto_1496823858.PNG','2017-06-07 08:24:18','2017-06-07 08:24:18'),(320,'Por qué sustancia se sustituyó la resina de colofonia para el rebelado de imágenes en 1837?',1,13,3,'foto_1496823908.PNG','2017-06-07 08:25:08','2017-06-07 08:25:08'),(321,'¿Qué físico matemático mejoró en 1840 las lentes, logrando una imagen 22 veces más brillante en ese entonces?',1,13,3,'foto_1496823948.PNG','2017-06-07 08:25:48','2017-06-07 08:25:48'),(322,'¿Qué científico obtuvo imágenes positivas sobre papel en julio de 1839? ',1,13,3,'foto_1496823982.PNG','2017-06-07 08:26:22','2017-06-07 08:26:22'),(323,'¿A qué se le denomina toma frontal? ',1,13,3,'foto_1496824019.PNG','2017-06-07 08:26:59','2017-06-07 08:26:59'),(324,'¿A qué se le denomina toma angular en contrapicada? ',1,13,3,'foto_1496824052.PNG','2017-06-07 08:27:32','2017-06-07 08:27:32'),(325,'¿Qué astrónomo francés diseño en 1874 un revolver fotográfico guiado por un sistema de relojes?',1,13,3,'foto_1496824100.PNG','2017-06-07 08:28:20','2017-06-07 08:28:20'),(326,'Para finales del siglo XIX, una compañía estadounidense era ya famosa por haber sacado al mercado una cámara de tamaño menor a una caja de zapatos esta fue: ',1,13,3,'foto_1496824135.PNG','2017-06-07 08:28:55','2017-06-07 08:28:55'),(327,'¿Tienen una gran capacidad de seducción e hipnosis?',1,13,3,'foto_1496824171.PNG','2017-06-07 08:29:31','2017-06-07 08:29:31'),(328,'Son los ángulos de la toma o punto de vista:',1,13,3,'foto_1496824205.PNG','2017-06-07 08:30:05','2017-06-07 08:30:05'),(329,'¿Es la muestra de que el mensaje publicitario fue difundido, percibido e introyectado por los consumidores?',1,4,1,'foto_1496824421.PNG','2017-06-07 08:33:41','2017-06-07 08:33:41'),(330,'¿Qué es lo primero que ocultan los mensajes publicitarios? Las fallas de la marca',1,4,1,'foto_1496824466.PNG','2017-06-07 08:34:26','2017-06-07 08:34:26'),(331,'Según Ricardo Homs, en su libro creadores de imagen mexicana, quien tiene la última palabra frente a los mensajes comerciales:',1,4,1,'foto_1496824529.PNG','2017-06-07 08:35:29','2017-06-07 08:35:29'),(332,'¿Con estos los publicistas inventan cualidades inexistentes en los productos que anuncian?',1,4,1,'foto_1496824560.PNG','2017-06-07 08:36:00','2017-06-07 08:36:00'),(333,'El punto de vista de la lectura subjetiva denota sugerencias de imágenes con significado:',1,4,1,'foto_1496824604.PNG','2017-06-07 08:36:44','2017-06-07 08:36:44'),(334,'¿Desde este punto de vista las connotaciones de la imagen propician un nivel de significados implícitos?',1,4,1,'foto_1496824637.PNG','2017-06-07 08:37:17','2017-06-07 08:37:17'),(335,'¿Construyen un lenguaje particular, con imágenes tan impactantes que la mayoría de las veces no reflexionamos sobre ello?',1,10,2,'foto_1496824690.PNG','2017-06-07 08:38:10','2017-06-07 08:38:10'),(336,'¿Desde este punto de vista las connotaciones de la imagen propician un nivel de significados implícitos?',1,10,2,'foto_1496824753.PNG','2017-06-07 08:39:13','2017-06-07 08:39:13'),(337,'El punto de vista de la lectura subjetiva denota sugerencias de imágenes con significado:',1,10,2,'foto_1496824785.PNG','2017-06-07 08:39:45','2017-06-07 08:39:45'),(338,'¿Con estos los publicistas inventan cualidades inexistentes en los productos que anuncian?',1,10,2,'foto_1496824821.PNG','2017-06-07 08:40:21','2017-06-07 08:40:21'),(339,'El punto de vista de la lectura subjetiva denota sugerencias de imágenes con significado:',1,10,2,'foto_1496824856.PNG','2017-06-07 08:40:56','2017-06-07 08:40:56'),(340,'¿Con estos los publicistas inventan cualidades inexistentes en los productos que anuncian?',1,10,2,'foto_1496824893.PNG','2017-06-07 08:41:33','2017-06-07 08:41:33'),(341,'¿Es la muestra de que el mensaje publicitario fue difundido, percibido e introyectado por los consumidores?',1,14,3,'foto_1496824935.PNG','2017-06-07 08:42:15','2017-06-07 08:42:15'),(342,'¿Qué es lo primero que ocultan los mensajes publicitarios?',1,14,3,'foto_1496824970.PNG','2017-06-07 08:42:50','2017-06-07 08:42:50'),(343,'Según Ricardo Homs, en su libro creadores de imagen mexicana, quien tiene la última palabra frente a los mensajes comerciales:',1,14,3,'foto_1496825008.PNG','2017-06-07 08:43:28','2017-06-07 08:43:28'),(344,'¿Con estos los publicistas inventan cualidades inexistentes en los productos que anuncian?',1,14,3,'foto_1496825045.PNG','2017-06-07 08:44:05','2017-06-07 08:44:05'),(345,'El punto de vista de la lectura subjetiva denota sugerencias de imágenes con significado:',1,14,3,'foto_1496825079.PNG','2017-06-07 08:44:39','2017-06-07 08:44:39'),(346,'¿Desde este punto de vista las connotaciones de la imagen propician un nivel de significados implícitos?',1,14,3,'foto_1496825116.PNG','2017-06-07 08:45:16','2017-06-07 08:45:16'),(347,'¿Construyen un lenguaje particular, con imágenes tan impactantes que la mayoría de las veces no reflexionamos sobre ello?',1,14,3,'foto_1496825150.PNG','2017-06-07 08:45:50','2017-06-07 08:45:50');
/*!40000 ALTER TABLE `preguntas` ENABLE KEYS */;
UNLOCK TABLES;

--
-- Table structure for table `profesors`
--

DROP TABLE IF EXISTS `profesors`;
/*!40101 SET @saved_cs_client     = @@character_set_client */;
/*!40101 SET character_set_client = utf8 */;
CREATE TABLE `profesors` (
  `PRO_id` int(10) unsigned NOT NULL AUTO_INCREMENT,
  `PRO_nombre` varchar(255) COLLATE utf8_unicode_ci DEFAULT NULL,
  `PRO_apellido_p` varchar(255) COLLATE utf8_unicode_ci DEFAULT NULL,
  `PRO_apellido_m` varchar(255) COLLATE utf8_unicode_ci DEFAULT NULL,
  `PRO_sexo` varchar(255) COLLATE utf8_unicode_ci DEFAULT NULL,
  `USE_id` int(10) unsigned DEFAULT NULL,
  `DIR_id` int(10) unsigned DEFAULT NULL,
  `created_at` timestamp NULL DEFAULT NULL,
  `updated_at` timestamp NULL DEFAULT NULL,
  PRIMARY KEY (`PRO_id`),
  KEY `profesors_dir_id_foreign` (`DIR_id`),
  KEY `profesors_use_id_foreign` (`USE_id`),
  CONSTRAINT `profesors_dir_id_foreign` FOREIGN KEY (`DIR_id`) REFERENCES `direccions` (`DIR_id`),
  CONSTRAINT `profesors_use_id_foreign` FOREIGN KEY (`USE_id`) REFERENCES `users` (`id`)
) ENGINE=InnoDB AUTO_INCREMENT=2 DEFAULT CHARSET=utf8 COLLATE=utf8_unicode_ci;
/*!40101 SET character_set_client = @saved_cs_client */;

--
-- Dumping data for table `profesors`
--

LOCK TABLES `profesors` WRITE;
/*!40000 ALTER TABLE `profesors` DISABLE KEYS */;
INSERT INTO `profesors` VALUES (1,'Mauricio','Cordova','Portillo','hombre',2,1,'2017-05-17 01:49:25','2017-05-17 01:49:25');
/*!40000 ALTER TABLE `profesors` ENABLE KEYS */;
UNLOCK TABLES;

--
-- Table structure for table `respuestas`
--

DROP TABLE IF EXISTS `respuestas`;
/*!40101 SET @saved_cs_client     = @@character_set_client */;
/*!40101 SET character_set_client = utf8 */;
CREATE TABLE `respuestas` (
  `RES_id` int(10) unsigned NOT NULL AUTO_INCREMENT,
  `RES_nombre` varchar(255) COLLATE utf8_unicode_ci DEFAULT NULL,
  `PRE_id` int(10) unsigned DEFAULT NULL,
  `TIP_id` int(10) unsigned DEFAULT NULL,
  `created_at` timestamp NULL DEFAULT NULL,
  `updated_at` timestamp NULL DEFAULT NULL,
  PRIMARY KEY (`RES_id`),
  KEY `respuestas_pre_id_foreign` (`PRE_id`),
  KEY `respuestas_tip_id_foreign` (`TIP_id`),
  CONSTRAINT `respuestas_pre_id_foreign` FOREIGN KEY (`PRE_id`) REFERENCES `preguntas` (`PRE_id`),
  CONSTRAINT `respuestas_tip_id_foreign` FOREIGN KEY (`TIP_id`) REFERENCES `tipos` (`TIP_id`)
) ENGINE=InnoDB AUTO_INCREMENT=1389 DEFAULT CHARSET=utf8 COLLATE=utf8_unicode_ci;
/*!40101 SET character_set_client = @saved_cs_client */;

--
-- Dumping data for table `respuestas`
--

LOCK TABLES `respuestas` WRITE;
/*!40000 ALTER TABLE `respuestas` DISABLE KEYS */;
INSERT INTO `respuestas` VALUES (9,'Arte ',3,2,'2017-05-17 02:14:24','2017-05-17 02:14:24'),(10,'Psicología,Sociología ',3,2,'2017-05-17 02:14:24','2017-05-17 02:14:24'),(11,'Informática,Comunicación',3,2,'2017-05-17 02:14:24','2017-05-17 02:14:24'),(12,'Todas las disciplinas mencionadas',3,1,'2017-05-17 02:14:24','2017-05-17 02:14:24'),(13,'“Quien bien te quiere te hará llorar”',4,2,'2017-05-17 02:16:11','2017-05-17 02:16:11'),(14,'“Una imagen vale por mil palabras”',4,1,'2017-05-17 02:16:11','2017-05-17 02:16:11'),(15,'“Antes que te cases, mira lo que haces”',4,2,'2017-05-17 02:16:11','2017-05-17 02:16:11'),(16,'“La palabra es plata y el silencio es oro”',4,2,'2017-05-17 02:16:11','2017-05-17 02:16:11'),(17,'Para la literatura',5,2,'2017-05-17 02:22:25','2017-05-17 02:22:25'),(18,'Para hacerse famosos',5,2,'2017-05-17 02:22:25','2017-05-17 02:22:25'),(19,'Para el adoctrinamiento religioso ',5,1,'2017-05-17 02:22:25','2017-05-17 02:22:25'),(20,'Para representar acontecimientos importantes',5,2,'2017-05-17 02:22:25','2017-05-17 02:22:25'),(21,'imagen publicitaria ',6,1,'2017-05-17 02:24:23','2017-05-17 02:24:23'),(22,'Ciencias ',6,2,'2017-05-17 02:24:24','2017-05-17 02:24:24'),(23,'imagen propagandística',6,1,'2017-05-17 02:24:24','2017-05-17 02:24:24'),(24,'Nuevas tecnologías',6,2,'2017-05-17 02:24:24','2017-05-17 02:24:24'),(25,'Por medio de la fotografía, el cine, las historietas y los carteles',7,1,'2017-05-17 02:26:30','2017-05-17 02:26:30'),(26,'por marchas y protestas',7,2,'2017-05-17 02:26:30','2017-05-17 02:26:30'),(27,'por gagos monetarios',7,2,'2017-05-17 02:26:30','2017-05-17 02:26:30'),(28,'por medio del cine',7,2,'2017-05-17 02:26:30','2017-05-17 02:26:30'),(29,'El arte',8,1,'2017-05-17 02:29:43','2017-05-17 02:29:43'),(30,'La ciencia ',8,1,'2017-05-17 02:29:43','2017-05-17 02:29:43'),(31,'El desarrollo cultural ',8,1,'2017-05-17 02:29:43','2017-05-17 02:29:43'),(32,'Ninguna de las anteriores',8,2,'2017-05-17 02:29:43','2017-05-17 02:29:43'),(33,'Elementos presentes',9,1,'2017-05-17 02:31:34','2017-05-17 02:31:34'),(34,'Elementos formados',9,2,'2017-05-17 02:31:34','2017-05-17 02:31:34'),(35,'Elementos ausentes',9,1,'2017-05-17 02:31:34','2017-05-17 02:31:34'),(36,'Elementos',9,2,'2017-05-17 02:31:34','2017-05-17 02:31:34'),(37,'Tiene que ser llamativo y con mucho color',10,2,'2017-05-17 02:39:09','2017-05-17 02:39:09'),(38,'El significado tiene que responder a lo que queremos suscitar en nuestro interlocutor',10,1,'2017-05-17 02:39:09','2017-05-17 02:39:09'),(39,'No tiene que ser muy grande',10,2,'2017-05-17 02:39:09','2017-05-17 02:39:09'),(40,'El significado no tiene que ser claro',10,2,'2017-05-17 02:39:09','2017-05-17 02:39:09'),(41,'Imágenes públicas ',11,2,'2017-05-17 02:41:50','2017-05-17 02:41:50'),(42,'Imágenes polisémicas',11,1,'2017-05-17 02:41:50','2017-05-17 02:41:50'),(43,'Imágenes monosémicas',11,1,'2017-05-17 02:41:50','2017-05-17 02:41:50'),(44,'Imágenes privadas',11,2,'2017-05-17 02:41:50','2017-05-17 02:41:50'),(45,'Teniendo algún tipo de control sobre su significado',12,1,'2017-05-17 02:45:05','2017-05-17 02:45:05'),(46,'No teniendo algún tipo de control sobre su significado',12,2,'2017-05-17 02:45:05','2017-05-17 02:45:05'),(47,'Conociendo su origen ',12,2,'2017-05-17 02:45:05','2017-05-17 02:45:05'),(48,'Que sea clara ',12,2,'2017-05-17 02:45:05','2017-05-17 02:45:05'),(49,'De manera primaria intuitiva',13,1,'2017-05-17 02:47:54','2017-05-17 02:47:54'),(50,'De manera gráfica',13,2,'2017-05-17 02:47:54','2017-05-17 02:47:54'),(51,'De manera simultanea',13,2,'2017-05-17 02:47:55','2017-05-17 02:47:55'),(52,'De manera secundaria intuitiva',13,2,'2017-05-17 02:47:55','2017-05-17 02:47:55'),(53,'Educarse para hablar',14,2,'2017-05-17 02:51:49','2017-05-17 02:51:49'),(54,'Educarse',14,2,'2017-05-17 02:51:49','2017-05-17 02:51:49'),(55,'Educarse para las imágenes',14,1,'2017-05-17 02:51:49','2017-05-17 02:51:49'),(56,'Ninguna de las anteriores ',14,2,'2017-05-17 02:51:49','2017-05-17 02:51:49'),(57,' Educar para la imagen',15,1,'2017-05-17 02:54:00','2017-05-17 02:54:00'),(58,'Educar ',15,2,'2017-05-17 02:54:00','2017-05-17 02:54:00'),(59,'Educar para vivir',15,2,'2017-05-17 02:54:00','2017-05-17 02:54:00'),(60,'Educar para crecer',15,2,'2017-05-17 02:54:00','2017-05-17 02:54:00'),(61,'El enriquecimiento de la experiencia educativa',16,1,'2017-05-17 03:00:58','2017-05-17 03:00:58'),(62,'Ninguna función ',16,2,'2017-05-17 03:00:58','2017-05-17 03:00:58'),(63,'Relacionar expectativas',16,2,'2017-05-17 03:00:58','2017-05-17 03:00:58'),(64,'El enriquecimiento social ',16,2,'2017-05-17 03:00:58','2017-05-17 03:00:58'),(65,'Imágenes nuevas',17,2,'2017-05-17 03:03:06','2017-05-17 03:03:06'),(66,'Imágenes auditivas',17,1,'2017-05-17 03:03:06','2017-05-17 03:03:06'),(67,'Imágenes reales',17,2,'2017-05-17 03:03:06','2017-05-17 03:03:06'),(68,'Imágenes planas',17,2,'2017-05-17 03:03:06','2017-05-17 03:03:06'),(69,'Dispersa',18,2,'2017-05-17 03:05:37','2017-05-17 03:05:37'),(70,'Falsa',18,2,'2017-05-17 03:05:37','2017-05-17 03:05:37'),(71,'Única',18,2,'2017-05-17 03:05:37','2017-05-17 03:05:37'),(72,'Analítica',18,1,'2017-05-17 03:05:37','2017-05-17 03:05:37'),(73,'La empatía y la identificación',19,1,'2017-05-17 03:08:56','2017-05-17 03:08:56'),(74,'La confianza',19,2,'2017-05-17 03:08:56','2017-05-17 03:08:56'),(75,'La credibilidad',19,2,'2017-05-17 03:08:56','2017-05-17 03:08:56'),(76,'La confianza ',19,2,'2017-05-17 03:08:56','2017-05-17 03:08:56'),(77,'Empatía e identificación ',20,2,'2017-05-17 03:12:25','2017-06-07 07:00:14'),(78,'Capacidad para esquematizar',20,1,'2017-05-17 03:12:25','2017-06-07 07:00:14'),(79,'La construcción',20,2,'2017-05-17 03:12:25','2017-06-07 07:00:14'),(80,'Nuestras emociones',20,2,'2017-05-17 03:12:25','2017-06-07 07:00:14'),(81,'Símbolos gráficos',21,1,'2017-05-17 03:15:15','2017-05-17 03:15:15'),(82,'Las estadísticas y mapas ',21,1,'2017-05-17 03:15:15','2017-05-17 03:15:15'),(83,'Cuadros sinópticos ',21,1,'2017-05-17 03:15:15','2017-05-17 03:15:15'),(84,'Ninguna de las anteriores',21,2,'2017-05-17 03:15:15','2017-05-17 03:15:15'),(85,'Imágenes sonoras',22,2,'2017-05-17 03:18:06','2017-05-17 03:18:06'),(86,'Imágenes sintéticas',22,1,'2017-05-17 03:18:06','2017-05-17 03:18:06'),(87,'Imágenes analíticas ',22,2,'2017-05-17 03:18:06','2017-05-17 03:18:06'),(88,'Imágenes reales ',22,2,'2017-05-17 03:18:07','2017-05-17 03:18:07'),(89,'Pintura ',23,1,'2017-05-17 03:23:20','2017-05-17 03:23:20'),(90,'Cuadro ',23,2,'2017-05-17 03:23:20','2017-05-17 03:23:20'),(91,'Lineas',23,2,'2017-05-17 03:23:20','2017-05-17 03:23:20'),(92,'Puntos ',23,2,'2017-05-17 03:23:20','2017-05-17 03:23:20'),(93,'Educación visual',24,1,'2017-05-17 03:25:26','2017-05-17 03:25:26'),(94,'Educación verbal ',24,2,'2017-05-17 03:25:26','2017-05-17 03:25:26'),(95,'Educación sonora ',24,2,'2017-05-17 03:25:26','2017-05-17 03:25:26'),(96,'Educación ',24,2,'2017-05-17 03:25:26','2017-05-17 03:25:26'),(97,'Libro',25,2,'2017-05-17 03:28:05','2017-05-17 03:28:05'),(98,'Cuadro',25,2,'2017-05-17 03:28:05','2017-05-17 03:28:05'),(99,'Formato',25,1,'2017-05-17 03:28:05','2017-05-17 03:28:05'),(100,'Relieve',25,2,'2017-05-17 03:28:05','2017-05-17 03:28:05'),(101,'Forma',26,1,'2017-05-17 03:30:44','2017-05-17 03:30:44'),(102,'Tamaño',26,1,'2017-05-17 03:30:44','2017-05-17 03:30:44'),(103,'Proporción',26,1,'2017-05-17 03:30:44','2017-05-17 03:30:44'),(104,'Ancho y largo',26,2,'2017-05-17 03:30:44','2017-05-17 03:30:44'),(105,'Sección áurea',27,1,'2017-05-17 03:38:06','2017-05-17 03:38:06'),(106,'Proporcionalidad',27,2,'2017-05-17 03:38:06','2017-05-17 03:38:06'),(107,'Ninguna de las anteriores',27,2,'2017-05-17 03:38:06','2017-05-17 03:38:06'),(108,'Sección única ',27,2,'2017-05-17 03:38:06','2017-05-17 03:38:06'),(109,'Serie única',28,2,'2017-05-17 03:40:08','2017-05-17 03:40:08'),(110,'Serie especulada',28,2,'2017-05-17 03:40:08','2017-05-17 03:40:08'),(111,'Serie',28,2,'2017-05-17 03:40:08','2017-05-17 03:40:08'),(112,'Serie de Fibonacci',28,1,'2017-05-17 03:40:08','2017-05-17 03:40:08'),(113,'Sentido del Equilibrio',29,1,'2017-05-17 03:49:34','2017-05-17 03:49:34'),(114,'Sentido del tacto',29,2,'2017-05-17 03:49:35','2017-05-17 03:49:35'),(115,'Sentido común',29,2,'2017-05-17 03:49:35','2017-05-17 03:49:35'),(116,'Ninguna de las anteriores',29,2,'2017-05-17 03:49:35','2017-05-17 03:49:35'),(117,'Pintura normal',30,2,'2017-05-17 03:53:05','2017-05-17 03:53:05'),(118,'Pintura completa',30,2,'2017-05-17 03:53:06','2017-05-17 03:53:06'),(119,'Pintura de retrato',30,1,'2017-05-17 03:53:06','2017-05-17 03:53:06'),(120,'Pintura clásica',30,2,'2017-05-17 03:53:06','2017-05-17 03:53:06'),(121,'Líneas de tensión',31,1,'2017-05-17 03:55:01','2017-05-17 03:55:01'),(122,'Lineas normales',31,2,'2017-05-17 03:55:01','2017-05-17 03:55:01'),(123,'Lineas gruesas',31,2,'2017-05-17 03:55:01','2017-05-17 03:55:01'),(124,'Lineas',31,2,'2017-05-17 03:55:01','2017-05-17 03:55:01'),(125,'Figuras ',32,2,'2017-05-17 04:00:20','2017-05-17 04:00:20'),(126,'Líneas',32,1,'2017-05-17 04:00:20','2017-05-17 04:00:20'),(127,'Puntos',32,2,'2017-05-17 04:00:20','2017-05-17 04:00:20'),(128,'Rayas',32,2,'2017-05-17 04:00:20','2017-05-17 04:00:20'),(129,'Nudos',33,1,'2017-05-17 04:04:29','2017-05-17 04:04:29'),(130,'Lineas',33,2,'2017-05-17 04:04:29','2017-05-17 04:04:29'),(131,'Puntos',33,2,'2017-05-17 04:04:29','2017-05-17 04:04:29'),(132,'Rayas',33,2,'2017-05-17 04:04:29','2017-05-17 04:04:29'),(133,'Simetría',34,1,'2017-05-17 04:38:04','2017-05-17 04:38:04'),(134,'Signos',34,2,'2017-05-17 04:38:04','2017-05-17 04:38:04'),(135,'Lineas',34,2,'2017-05-17 04:38:04','2017-05-17 04:38:04'),(136,'Puntos',34,2,'2017-05-17 04:38:04','2017-05-17 04:38:04'),(137,'Radial',35,2,'2017-05-17 04:40:47','2017-05-17 04:40:47'),(138,'Bilateral',35,1,'2017-05-17 04:40:47','2017-05-17 04:40:47'),(139,'Central',35,2,'2017-05-17 04:40:47','2017-05-17 04:40:47'),(140,'Axial',35,2,'2017-05-17 04:40:47','2017-05-17 04:40:47'),(141,'Signos',36,2,'2017-05-17 04:43:49','2017-05-17 04:43:49'),(142,'Ritmo',36,1,'2017-05-17 04:43:49','2017-05-17 04:43:49'),(143,'Puntos',36,2,'2017-05-17 04:43:49','2017-05-17 04:43:49'),(144,'Ninguna de las anteriores',36,2,'2017-05-17 04:43:49','2017-05-17 04:43:49'),(145,'Brea',37,2,'2017-05-17 04:46:09','2017-05-17 04:46:09'),(146,'Resina natural',37,2,'2017-05-17 04:46:09','2017-05-17 04:46:09'),(147,'Brea de colofonia',37,1,'2017-05-17 04:46:09','2017-05-17 04:46:09'),(148,'Resina ',37,2,'2017-05-17 04:46:09','2017-05-17 04:46:09'),(149,'1800',38,2,'2017-05-17 04:47:30','2017-05-17 04:47:30'),(150,'1910',38,2,'2017-05-17 04:47:30','2017-05-17 04:47:30'),(151,'1950',38,2,'2017-05-17 04:47:30','2017-05-17 04:47:30'),(152,'1826',38,1,'2017-05-17 04:47:30','2017-05-17 04:47:30'),(153,'Imagen',39,1,'2017-05-17 04:49:44','2017-05-17 04:49:44'),(154,'Pintura',39,2,'2017-05-17 04:49:45','2017-05-17 04:49:45'),(155,'Cartel',39,2,'2017-05-17 04:49:45','2017-05-17 04:49:45'),(156,'Foto',39,2,'2017-05-17 04:49:45','2017-05-17 04:49:45'),(157,'Cuadro',40,2,'2017-05-17 04:53:08','2017-05-17 04:53:08'),(158,'Imagen',40,2,'2017-05-17 04:53:08','2017-05-17 04:53:08'),(159,'Imagen fotográfica',40,1,'2017-05-17 04:53:08','2017-05-17 04:53:08'),(160,'Foto',40,2,'2017-05-17 04:53:08','2017-05-17 04:53:08'),(161,'Análisis objetivo',41,1,'2017-05-17 04:55:51','2017-05-17 04:55:51'),(162,'Análisis cualitativo',41,2,'2017-05-17 04:55:52','2017-05-17 04:55:52'),(163,'Análisis subjetivo',41,1,'2017-05-17 04:55:52','2017-05-17 04:55:52'),(164,'Análisis cuantitativo',41,2,'2017-05-17 04:55:52','2017-05-17 04:55:52'),(165,'Planos generales',42,1,'2017-05-17 04:58:25','2017-05-17 04:58:25'),(166,'Planos medios',42,1,'2017-05-17 04:58:25','2017-05-17 04:58:25'),(167,'Primeros planos',42,1,'2017-05-17 04:58:25','2017-05-17 04:58:25'),(168,'Plano básico',42,2,'2017-05-17 04:58:25','2017-05-17 04:58:25'),(169,'Plano general',43,1,'2017-05-17 05:11:36','2017-05-17 05:11:36'),(170,'Fotografiá ',43,2,'2017-05-17 05:11:36','2017-05-17 05:11:36'),(171,'Cuadro',43,2,'2017-05-17 05:11:36','2017-05-17 05:11:36'),(172,'Ninguno de los anteriores',43,2,'2017-05-17 05:11:36','2017-05-17 05:11:36'),(173,'Toma frontal',44,1,'2017-05-17 05:19:31','2017-05-17 05:19:31'),(174,'Angulación lateral derecha, angulación lateral izquierda',44,1,'2017-05-17 05:19:31','2017-05-17 05:19:31'),(175,'Angulo en picada, ángulo en contrapicada ',44,1,'2017-05-17 05:19:31','2017-05-17 05:19:31'),(176,'Angulaciones básicas ',44,2,'2017-05-17 05:19:32','2017-05-17 05:19:32'),(177,' Cuando representa tal cual la realidad',45,1,'2017-05-17 05:23:33','2017-05-17 05:23:33'),(178,'Cuando es a color ',45,2,'2017-05-17 05:23:33','2017-05-17 05:23:33'),(179,'Cuando tiene lineas ',45,2,'2017-05-17 05:23:33','2017-05-17 05:23:33'),(180,'Cuando esta impreso',45,2,'2017-05-17 05:23:33','2017-05-17 05:23:33'),(181,'Cuando es una imagen con muchos significados posibles',46,1,'2017-05-17 05:25:45','2017-05-17 05:25:45'),(182,'Cuando es a color ',46,2,'2017-05-17 05:25:45','2017-05-17 05:25:45'),(183,'Cuando tiene lineas ',46,2,'2017-05-17 05:25:45','2017-05-17 05:25:45'),(184,'Cuando es una imagen sin significados',46,2,'2017-05-17 05:25:45','2017-05-17 05:25:45'),(185,'Johann-Henrich Schulze',47,2,'2017-05-17 05:32:11','2017-05-17 05:32:11'),(186,'Nicéforo Niepce',47,1,'2017-05-17 05:32:11','2017-05-17 05:32:11'),(187,'Alaysius Senefelder',47,2,'2017-05-17 05:32:11','2017-05-17 05:32:11'),(188,'John Herschel',47,2,'2017-05-17 05:32:11','2017-05-17 05:32:11'),(189,'De forma triangular e arriba - abajo',48,2,'2017-05-17 05:34:57','2017-05-17 05:34:57'),(190,'De forma circular de derecha – Izquierda',48,2,'2017-05-17 05:34:58','2017-05-17 05:34:58'),(191,'De forma ascendente ',48,2,'2017-05-17 05:34:58','2017-05-17 05:34:58'),(192,'De formar circular de izquierda - derecha',48,1,'2017-05-17 05:34:58','2017-05-17 05:34:58'),(193,'Cristal',49,2,'2017-05-17 05:36:47','2017-05-17 05:36:47'),(194,'Vidrio',49,2,'2017-05-17 05:36:47','2017-05-17 05:36:47'),(195,'Metal',49,2,'2017-05-17 05:36:47','2017-05-17 05:36:47'),(196,'Plástico',49,1,'2017-05-17 05:36:47','2017-05-17 05:36:47'),(197,'Henry Fox Talbot',50,1,'2017-05-17 05:38:27','2017-05-17 05:38:27'),(198,'Hypolite Bayard',50,2,'2017-05-17 05:38:27','2017-05-17 05:38:27'),(199,'Josef-Max Petzval',50,2,'2017-05-17 05:38:27','2017-05-17 05:38:27'),(200,'Johann-Henrich Schulze',50,2,'2017-05-17 05:38:27','2017-05-17 05:38:27'),(201,'Enfoque ',51,2,'2017-05-17 05:44:55','2017-05-17 05:44:55'),(202,'fusión',51,2,'2017-05-17 05:44:55','2017-05-17 05:44:55'),(203,'Encuadre',51,1,'2017-05-17 05:44:55','2017-05-17 05:44:55'),(204,'distancia',51,2,'2017-05-17 05:44:55','2017-05-17 05:44:55'),(205,'Publicidad',52,1,'2017-05-17 05:49:30','2017-05-17 05:49:30'),(206,'Anuncios',52,2,'2017-05-17 05:49:30','2017-05-17 05:49:30'),(207,'Comercio',52,2,'2017-05-17 05:49:30','2017-05-17 05:49:30'),(208,'Ventas',52,2,'2017-05-17 05:49:30','2017-05-17 05:49:30'),(209,'Compradores únicos',53,2,'2017-05-17 05:52:12','2017-05-17 05:52:12'),(210,'Compradores reales',53,1,'2017-05-17 05:52:13','2017-05-17 05:52:13'),(211,'Compradores potenciales',53,1,'2017-05-17 05:52:13','2017-05-17 05:52:13'),(212,'Compradores alarmantes',53,2,'2017-05-17 05:52:13','2017-05-17 05:52:13'),(213,'Rasgos individuales',54,1,'2017-05-17 05:54:52','2017-05-17 05:54:52'),(214,'Ragos sociales',54,1,'2017-05-17 05:54:52','2017-05-17 05:54:52'),(215,'Rasgos Economicos',54,1,'2017-05-17 05:54:52','2017-05-17 05:54:52'),(216,'Rasgos ecologicos',54,2,'2017-05-17 05:54:52','2017-05-17 05:54:52'),(217,'Variables relacionadas con la calidad',55,2,'2017-05-17 05:57:40','2017-05-17 05:57:40'),(218,'Variables relacionadas con el producto',55,2,'2017-05-17 05:57:40','2017-05-17 05:57:40'),(219,'Variables relacionadas con la situación',55,1,'2017-05-17 05:57:40','2017-05-17 05:57:40'),(220,'Variables relacionadas con el nivel ',55,2,'2017-05-17 05:57:40','2017-05-17 05:57:40'),(221,'Consumidores de subsistencia',56,1,'2017-05-17 05:59:55','2017-05-17 05:59:55'),(222,'Consumidores sibaritas',56,2,'2017-05-17 05:59:55','2017-05-17 05:59:55'),(223,'Consumidores selectivos',56,2,'2017-05-17 05:59:55','2017-05-17 05:59:55'),(224,'Consumidores natos',56,2,'2017-05-17 05:59:55','2017-05-17 05:59:55'),(225,'Consumidores sibaritas',57,1,'2017-05-17 06:02:30','2017-05-17 06:02:30'),(226,'Consumidores selectivos ',57,2,'2017-05-17 06:02:30','2017-05-17 06:02:30'),(227,'Consumidores natos',57,2,'2017-05-17 06:02:31','2017-05-17 06:02:31'),(228,'Consumidores de subsistencia',57,2,'2017-05-17 06:02:31','2017-05-17 06:02:31'),(229,'Consumidores sibaritas',58,2,'2017-05-17 06:03:41','2017-05-17 06:03:41'),(230,'Consumidores selectivos',58,1,'2017-05-17 06:03:41','2017-05-17 06:03:41'),(231,'Consumidores de subsistencia',58,2,'2017-05-17 06:03:41','2017-05-17 06:03:41'),(232,'Consumidores natos ',58,2,'2017-05-17 06:03:41','2017-05-17 06:03:41'),(233,'Compra improvisada',59,1,'2017-05-17 06:05:35','2017-05-17 06:05:35'),(234,'Compra forzada',59,2,'2017-05-17 06:05:35','2017-05-17 06:05:35'),(235,'Compra pensada',59,2,'2017-05-17 06:05:35','2017-05-17 06:05:35'),(236,'Compra motivada',59,2,'2017-05-17 06:05:36','2017-05-17 06:05:36'),(237,'Compra motivada',60,2,'2017-05-17 06:08:19','2017-05-17 06:08:19'),(238,'Compra pensada',60,2,'2017-05-17 06:08:19','2017-05-17 06:08:19'),(239,'Compra imprevista o de impulso',60,1,'2017-05-17 06:08:19','2017-05-17 06:08:19'),(240,'Compra forzada',60,2,'2017-05-17 06:08:19','2017-05-17 06:08:19'),(241,'Compra imprevista',61,2,'2017-05-17 06:09:41','2017-05-17 06:09:41'),(242,'Compra pensada',61,2,'2017-05-17 06:09:41','2017-05-17 06:09:41'),(243,'Compra motivada',61,2,'2017-05-17 06:09:41','2017-05-17 06:09:41'),(244,'Compra predeterminada',61,1,'2017-05-17 06:09:41','2017-05-17 06:09:41'),(245,'Hombre masa',62,1,'2017-05-17 06:25:18','2017-05-17 06:25:18'),(246,'Hombre adaptado',62,2,'2017-05-17 06:25:18','2017-05-17 06:25:18'),(247,'Hombre estereotipado',62,2,'2017-05-17 06:25:18','2017-05-17 06:25:18'),(248,'Hombre con actitudes',62,2,'2017-05-17 06:25:18','2017-05-17 06:25:18'),(249,'Moda de temporada',63,2,'2017-05-17 06:27:29','2017-05-17 06:27:29'),(250,'Moda de la industria',63,1,'2017-05-17 06:27:29','2017-05-17 06:27:29'),(251,'Moda ostentosa',63,2,'2017-05-17 06:27:29','2017-05-17 06:27:29'),(252,'Moda alimentaria',63,2,'2017-05-17 06:27:29','2017-05-17 06:27:29'),(253,'Publicidad',64,1,'2017-05-17 06:30:55','2017-05-17 06:30:55'),(254,'Comercio',64,2,'2017-05-17 06:30:55','2017-05-17 06:30:55'),(255,'Libre mercadotecnia',64,2,'2017-05-17 06:30:55','2017-05-17 06:30:55'),(256,'Ventas',64,2,'2017-05-17 06:30:55','2017-05-17 06:30:55'),(257,'Mercadotecnia',65,2,'2017-05-17 06:34:16','2017-05-17 06:34:16'),(258,'Industria',65,2,'2017-05-17 06:34:16','2017-05-17 06:34:16'),(259,'Anuncios',65,2,'2017-05-17 06:34:16','2017-05-17 06:34:16'),(260,'Consumismo',65,1,'2017-05-17 06:34:16','2017-05-17 06:34:16'),(261,'Economía ',66,2,'2017-05-17 06:36:16','2017-05-17 06:36:16'),(262,'Vida cotidiana',66,1,'2017-05-17 06:36:17','2017-05-17 06:36:17'),(263,'Publicidad',66,2,'2017-05-17 06:36:17','2017-05-17 06:36:17'),(264,'Espectaculares',66,2,'2017-05-17 06:36:17','2017-05-17 06:36:17'),(265,'Que no es entendible',67,2,'2017-05-17 06:38:11','2017-05-17 06:38:11'),(266,'Que tiene falacea',67,2,'2017-05-17 06:38:11','2017-05-17 06:38:11'),(267,'Que está lleno de mentiras',67,1,'2017-05-17 06:38:12','2017-05-17 06:38:12'),(268,'Que esta lleno de verdades',67,2,'2017-05-17 06:38:12','2017-05-17 06:38:12'),(269,'Sonido',68,2,'2017-05-17 06:39:34','2017-05-17 06:39:34'),(270,'Anuncio',68,2,'2017-05-17 06:39:34','2017-05-17 06:39:34'),(271,'Signo',68,1,'2017-05-17 06:39:34','2017-05-17 06:39:34'),(272,'Imagen',68,2,'2017-05-17 06:39:34','2017-05-17 06:39:34'),(273,'Metáfora',69,1,'2017-05-17 06:41:17','2017-05-17 06:41:17'),(274,'Metonimia',69,1,'2017-05-17 06:41:17','2017-05-17 06:41:17'),(275,'Sinécdoque',69,1,'2017-05-17 06:41:17','2017-05-17 06:41:17'),(276,'Figuras retoricas',69,2,'2017-05-17 06:41:17','2017-05-17 06:41:17'),(277,'Punto',70,2,'2017-05-17 06:45:36','2017-05-17 06:45:36'),(278,'Sema',70,1,'2017-05-17 06:45:36','2017-05-17 06:45:36'),(279,'Repetición',70,2,'2017-05-17 06:45:36','2017-05-17 06:45:36'),(280,'Metáfora',70,2,'2017-05-17 06:45:36','2017-05-17 06:45:36'),(281,'Repetición',71,1,'2017-05-17 06:48:17','2017-05-17 06:48:17'),(282,'Hipérbole',71,2,'2017-05-17 06:48:17','2017-05-17 06:48:17'),(283,'Prosopopeya',71,2,'2017-05-17 06:48:17','2017-05-17 06:48:17'),(284,'Metáfora',71,2,'2017-05-17 06:48:17','2017-05-17 06:48:17'),(285,'Repetición',72,2,'2017-05-17 06:49:58','2017-05-17 06:49:58'),(286,'Prosopopeya',72,1,'2017-05-17 06:49:58','2017-05-17 06:49:58'),(287,'Metáfora',72,2,'2017-05-17 06:49:58','2017-05-17 06:49:58'),(288,'Hipérbole',72,2,'2017-05-17 06:49:58','2017-05-17 06:49:58'),(289,'Antítesis, paradoja',73,2,'2017-05-17 06:52:56','2017-05-17 06:52:56'),(290,'Inversión, litote',73,2,'2017-05-17 06:52:56','2017-05-17 06:52:56'),(291,'Ironía y elipsis',73,2,'2017-05-17 06:52:56','2017-05-17 06:52:56'),(292,'Todas las figuras mencionadas ',73,1,'2017-05-17 06:52:56','2017-05-17 06:52:56'),(293,'Metáfora',74,1,'2017-05-17 06:55:34','2017-05-17 06:55:34'),(294,'Hipérbole',74,2,'2017-05-17 06:55:34','2017-05-17 06:55:34'),(295,'Prosopopeya',74,2,'2017-05-17 06:55:34','2017-05-17 06:55:34'),(296,'Repetición',74,2,'2017-05-17 06:55:34','2017-05-17 06:55:34'),(297,'Hipérbole',75,1,'2017-05-17 06:57:37','2017-05-17 06:57:37'),(298,'Prosopopeya',75,2,'2017-05-17 06:57:37','2017-05-17 06:57:37'),(299,'Repetición',75,2,'2017-05-17 06:57:37','2017-05-17 06:57:37'),(300,'Metáfora',75,2,'2017-05-17 06:57:37','2017-05-17 06:57:37'),(301,'Imágenes visuales inconexas',76,1,'2017-05-17 07:24:21','2017-05-17 07:24:21'),(302,'Sonidos sonoros',76,2,'2017-05-17 07:24:21','2017-05-17 07:24:21'),(303,'Rostros',76,2,'2017-05-17 07:24:21','2017-05-17 07:24:21'),(304,'Información',76,2,'2017-05-17 07:24:21','2017-05-17 07:24:21'),(305,'Rostros conocidos',77,2,'2017-05-17 07:25:29','2017-05-17 07:25:29'),(306,'Imágenes sonoras',77,1,'2017-05-17 07:25:29','2017-05-17 07:25:29'),(307,'Figuras dispersas',77,2,'2017-05-17 07:25:29','2017-05-17 07:25:29'),(308,'Voces sin imágenes',77,2,'2017-05-17 07:25:30','2017-05-17 07:25:30'),(309,'Psicología,Sociología',78,2,'2017-05-17 07:27:22','2017-05-17 07:27:22'),(310,'Arte ',78,2,'2017-05-17 07:27:22','2017-05-17 07:27:22'),(311,'Informática,Comunicación',78,2,'2017-05-17 07:27:22','2017-05-17 07:27:22'),(312,'Todas las vertientes mencionadas ',78,1,'2017-05-17 07:27:22','2017-05-17 07:27:22'),(313,'“Quien bien te quiere te hará llorar”',79,2,'2017-05-17 07:28:42','2017-05-17 07:28:42'),(314,'“Antes que te cases, mira lo que haces”',79,2,'2017-05-17 07:28:42','2017-05-17 07:28:42'),(315,'“Una imagen vale por mil palabras”',79,1,'2017-05-17 07:28:42','2017-05-17 07:28:42'),(316,'“La palabra es plata y el silencio es oro”',79,2,'2017-05-17 07:28:42','2017-05-17 07:28:42'),(317,'Para la literatura',80,2,'2017-05-17 07:29:47','2017-05-17 07:29:47'),(318,'Para hacerse famosos',80,2,'2017-05-17 07:29:47','2017-05-17 07:29:47'),(319,'Para el adoctrinamiento religioso ',80,1,'2017-05-17 07:29:47','2017-05-17 07:29:47'),(320,'para representar acontecimientos importantes ',80,2,'2017-05-17 07:29:47','2017-05-17 07:29:47'),(321,'Imagen propagandística',81,1,'2017-05-17 07:31:49','2017-05-17 07:31:49'),(322,'Imagen científica ',81,2,'2017-05-17 07:31:49','2017-05-17 07:31:49'),(323,'Imagen tecnológica',81,2,'2017-05-17 07:31:49','2017-05-17 07:31:49'),(324,'Imagen publicitaria',81,1,'2017-05-17 07:31:49','2017-05-17 07:31:49'),(325,'Por medio de la fotografía, el cine, las historietas y los carteles',82,1,'2017-05-17 07:33:30','2017-05-17 07:33:30'),(326,'Por marchas y protestas',82,2,'2017-05-17 07:33:30','2017-05-17 07:33:30'),(327,'Por pagos monetarios',82,2,'2017-05-17 07:33:31','2017-05-17 07:33:31'),(328,'Por medio del cine ',82,2,'2017-05-17 07:33:31','2017-05-17 07:33:31'),(329,'El desarrollo cultural',83,1,'2017-05-17 07:35:23','2017-05-17 07:35:23'),(330,'Ninguno de los anteriores ',83,2,'2017-05-17 07:35:23','2017-05-17 07:35:23'),(331,'El arte',83,1,'2017-05-17 07:35:23','2017-05-17 07:35:23'),(332,'La ciencia',83,1,'2017-05-17 07:35:23','2017-05-17 07:35:23'),(333,'Elementos presentes ',84,1,'2017-05-17 07:37:14','2017-05-17 07:37:14'),(334,'Elementos ausentes',84,1,'2017-05-17 07:37:14','2017-05-17 07:37:14'),(335,'Elementos formados',84,2,'2017-05-17 07:37:14','2017-05-17 07:37:14'),(336,'Elementos consitutivos',84,2,'2017-05-17 07:37:14','2017-05-17 07:37:14'),(337,'Tiene que ser llamativo y mucho color ',85,2,'2017-05-17 07:38:31','2017-05-17 07:38:31'),(338,'No tiene que ser muy grande',85,2,'2017-05-17 07:38:31','2017-05-17 07:38:31'),(339,'El significado no tiene que ser claro',85,2,'2017-05-17 07:38:31','2017-05-17 07:38:31'),(340,'El significado tiene que responder a lo que queremos suscitar en nuestro interlocutor',85,1,'2017-05-17 07:38:31','2017-05-17 07:38:31'),(341,'Imágenes claras ',86,2,'2017-05-17 07:39:41','2017-05-17 07:39:41'),(342,'Imágenes monosémicas',86,1,'2017-05-17 07:39:41','2017-05-17 07:39:41'),(343,'Imágenes polisémicas',86,1,'2017-05-17 07:39:41','2017-05-17 07:39:41'),(344,'Imágenes precisas',86,2,'2017-05-17 07:39:41','2017-05-17 07:39:41'),(345,'Teniendo algún tipo de control sobre su significado',87,1,'2017-05-17 07:40:58','2017-05-17 07:40:58'),(346,'Conociendo su origen',87,2,'2017-05-17 07:40:58','2017-05-17 07:40:58'),(347,'Que sea clara ',87,2,'2017-05-17 07:40:58','2017-05-17 07:40:58'),(348,'No Teniendo algún tipo de control sobre su significado',87,2,'2017-05-17 07:40:58','2017-05-17 07:40:58'),(349,'De manera gráfica ',88,2,'2017-05-17 07:41:54','2017-05-17 07:41:54'),(350,'De manera simultanea ',88,2,'2017-05-17 07:41:54','2017-05-17 07:41:54'),(351,'De manera primaria intuitiva',88,1,'2017-05-17 07:41:54','2017-05-17 07:41:54'),(352,'De manera secundaria intuitiva ',88,2,'2017-05-17 07:41:54','2017-05-17 07:41:54'),(353,'Educarse para hablar ',89,2,'2017-05-17 07:42:49','2017-05-17 07:42:49'),(354,'Educarse ',89,2,'2017-05-17 07:42:49','2017-05-17 07:42:49'),(355,'Ninguna de las anteriores',89,2,'2017-05-17 07:42:49','2017-05-17 07:42:49'),(356,'Educarse para las imágenes',89,1,'2017-05-17 07:42:49','2017-05-17 07:42:49'),(357,'Educar para la imagen',90,1,'2017-05-17 07:43:43','2017-05-17 07:43:43'),(358,'Educar',90,2,'2017-05-17 07:43:43','2017-05-17 07:43:43'),(359,'Educar para vivir ',90,2,'2017-05-17 07:43:43','2017-05-17 07:43:43'),(360,'Educar para crecer',90,2,'2017-05-17 07:43:43','2017-05-17 07:43:43'),(361,'Ninguna función',91,2,'2017-05-17 07:45:00','2017-05-17 07:45:00'),(362,'Relacionar expectativas',91,2,'2017-05-17 07:45:00','2017-05-17 07:45:00'),(363,'El enriquecimiento de la experiencia educativa',91,1,'2017-05-17 07:45:00','2017-05-17 07:45:00'),(364,'El enriquecimiento social ',91,2,'2017-05-17 07:45:01','2017-05-17 07:45:01'),(365,'Imágenes auditivas ',92,1,'2017-05-17 07:59:29','2017-05-17 07:59:29'),(366,'Imágenes nuevas',92,2,'2017-05-17 07:59:29','2017-05-17 07:59:29'),(367,'Imágenes reales',92,2,'2017-05-17 07:59:29','2017-05-17 07:59:29'),(368,'Imágenes planas',92,2,'2017-05-17 07:59:29','2017-05-17 07:59:29'),(369,'Dispersa',93,2,'2017-05-17 08:00:38','2017-05-17 08:00:38'),(370,'Analítica',93,1,'2017-05-17 08:00:38','2017-05-17 08:00:38'),(371,'Falsa',93,2,'2017-05-17 08:00:38','2017-05-17 08:00:38'),(372,'Única',93,2,'2017-05-17 08:00:38','2017-05-17 08:00:38'),(373,'La confianza',94,2,'2017-05-17 08:01:35','2017-05-17 08:01:35'),(374,'La credibilidad',94,2,'2017-05-17 08:01:35','2017-05-17 08:01:35'),(375,'La empatía y la identificación',94,1,'2017-05-17 08:01:35','2017-05-17 08:01:35'),(376,'La confianza ',94,2,'2017-05-17 08:01:35','2017-05-17 08:01:35'),(377,'Imágenes dispersas',95,2,'2017-05-17 08:02:32','2017-05-17 08:02:32'),(378,'Imágenes  analíticas',95,2,'2017-05-17 08:02:32','2017-05-17 08:02:32'),(379,'Capacidad para esquematizar',95,1,'2017-05-17 08:02:32','2017-06-07 07:20:33'),(380,'Imágenes esquematizadas',95,2,'2017-05-17 08:02:32','2017-06-07 07:20:33'),(381,'Símbolos gráficos',96,1,'2017-05-17 08:03:48','2017-05-17 08:03:48'),(382,'Las estadísticas y mapas',96,2,'2017-05-17 08:03:48','2017-05-17 08:03:48'),(383,'Cuadros sinópticos ',96,2,'2017-05-17 08:03:48','2017-05-17 08:03:48'),(384,'Ninguna de las anteriores ',96,2,'2017-05-17 08:03:48','2017-05-17 08:03:48'),(385,'Imágenes sintéticas',97,1,'2017-05-17 08:06:10','2017-05-17 08:06:10'),(386,'Imágenes sonoras',97,2,'2017-05-17 08:06:10','2017-05-17 08:06:10'),(387,'Imágenes analíticas ',97,2,'2017-05-17 08:06:10','2017-05-17 08:06:10'),(388,'Imágenes reales ',97,2,'2017-05-17 08:06:10','2017-05-17 08:06:10'),(389,'Sonidos sonoros',98,2,'2017-05-17 08:09:46','2017-05-17 08:09:46'),(390,'Rostros',98,2,'2017-05-17 08:09:46','2017-05-17 08:09:46'),(391,'nformación',98,2,'2017-05-17 08:09:46','2017-05-17 08:09:46'),(392,'Imágenes visuales inconexas',98,1,'2017-05-17 08:09:46','2017-05-17 08:09:46'),(393,'Rostros conocidos ',99,2,'2017-05-17 08:11:03','2017-05-17 08:11:03'),(394,'Voces sin imágenes',99,2,'2017-05-17 08:11:03','2017-05-17 08:11:03'),(395,'Imágenes sonoras ',99,1,'2017-05-17 08:11:03','2017-05-17 08:11:03'),(396,'Figuras dispersas',99,2,'2017-05-17 08:11:03','2017-05-17 08:11:03'),(397,'Arte ',100,2,'2017-05-17 08:12:20','2017-05-17 08:12:20'),(398,'Psicología,Sociología ',100,2,'2017-05-17 08:12:20','2017-05-17 08:12:20'),(399,'Informática,Comunicación',100,2,'2017-05-17 08:12:20','2017-05-17 08:12:20'),(400,'Todas las vertientes mencionadas ',100,1,'2017-05-17 08:12:20','2017-05-17 08:12:20'),(401,'“Quien bien te quiere te hará llorar”',101,2,'2017-05-17 08:13:50','2017-05-17 08:13:50'),(402,'“Una imagen vale por mil palabras”',101,1,'2017-05-17 08:13:50','2017-05-17 08:13:50'),(403,'“Antes que te cases, mira lo que haces”',101,2,'2017-05-17 08:13:50','2017-05-17 08:13:50'),(404,'“La palabra es plata y el silencio es oro”',101,2,'2017-05-17 08:13:50','2017-05-17 08:13:50'),(405,'Para la literatura',102,2,'2017-05-17 08:17:55','2017-05-17 08:17:55'),(406,'Para el adoctrinamiento religioso ',102,1,'2017-05-17 08:17:55','2017-05-17 08:17:55'),(407,'Para hacerse famosos',102,2,'2017-05-17 08:17:55','2017-05-17 08:17:55'),(408,'para representar acontecimientos importantes',102,2,'2017-05-17 08:17:55','2017-05-17 08:17:55'),(409,'Imagen publicitaria',103,1,'2017-05-17 08:19:58','2017-05-17 08:19:58'),(410,'Imagen propagandística',103,1,'2017-05-17 08:19:58','2017-05-17 08:19:58'),(411,'Imagen científica',103,2,'2017-05-17 08:19:59','2017-05-17 08:19:59'),(412,'Imagen tecnológica',103,2,'2017-05-17 08:19:59','2017-05-17 08:19:59'),(413,'Por medio de la fotografía, el cine, las historietas y los carteles',104,1,'2017-05-17 08:47:07','2017-05-17 08:47:07'),(414,'Por marchas y protestas',104,2,'2017-05-17 08:47:07','2017-05-17 08:47:07'),(415,'Por pagos monetarios',104,2,'2017-05-17 08:47:07','2017-05-17 08:47:07'),(416,'Por medio del cine ',104,2,'2017-05-17 08:47:07','2017-05-17 08:47:07'),(417,'El arte',105,1,'2017-05-17 08:48:37','2017-05-17 08:48:37'),(418,'La ciencia',105,1,'2017-05-17 08:48:37','2017-05-17 08:48:37'),(419,'El desarrollo cultural',105,1,'2017-05-17 08:48:37','2017-05-17 08:48:37'),(420,'Procesos de formación ',105,2,'2017-05-17 08:48:37','2017-05-17 08:48:37'),(421,'Elementos presentes',106,1,'2017-05-17 08:51:28','2017-05-17 08:51:28'),(422,'Elementos usentes',106,1,'2017-05-17 08:51:28','2017-05-17 08:51:28'),(423,'Elementos formados',106,2,'2017-05-17 08:51:28','2017-05-17 08:51:28'),(424,'Elementos constitutivo',106,2,'2017-05-17 08:51:28','2017-05-17 08:51:28'),(425,'Tiene que ser llamativo y mucho color ',107,2,'2017-05-17 08:52:50','2017-05-17 08:52:50'),(426,'El significado tiene que responder a lo que queremos suscitar en nuestro interlocutor',107,1,'2017-05-17 08:52:50','2017-05-17 08:52:50'),(427,'No tiene que ser muy grande',107,2,'2017-05-17 08:52:50','2017-05-17 08:52:50'),(428,'El significado no tiene que ser claro',107,2,'2017-05-17 08:52:50','2017-05-17 08:52:50'),(429,'Imágenes monosémicas',108,1,'2017-05-17 08:54:07','2017-05-17 08:54:07'),(430,'Imágenes polisémicas',108,1,'2017-05-17 08:54:08','2017-05-17 08:54:08'),(431,'Imágenes claras ',108,2,'2017-05-17 08:54:08','2017-05-17 08:54:08'),(432,'Imágenes precisas ',108,2,'2017-05-17 08:54:08','2017-05-17 08:54:08'),(433,'Conociendo su origen',109,2,'2017-05-17 08:55:37','2017-05-17 08:55:37'),(434,'Teniendo algún tipo de control sobre su significado',109,1,'2017-05-17 08:55:37','2017-05-17 08:55:37'),(435,'Que sea clara ',109,2,'2017-05-17 08:55:37','2017-05-17 08:55:37'),(436,'No Teniendo algún tipo de control sobre su significado',109,2,'2017-05-17 08:55:37','2017-05-17 08:55:37'),(437,'De manera gráfica',110,2,'2017-05-17 08:56:55','2017-05-17 08:56:55'),(438,'De manera primaria intuitiva',110,1,'2017-05-17 08:56:55','2017-05-17 08:56:55'),(439,'De manera simultanea ',110,2,'2017-05-17 08:56:55','2017-05-17 08:56:55'),(440,'De manera secundaria intuitiva',110,2,'2017-05-17 08:56:55','2017-05-17 08:56:55'),(441,'Educarse para hablar ',111,2,'2017-05-17 08:58:33','2017-05-17 08:58:33'),(442,'Educarse para las imágenes',111,1,'2017-05-17 08:58:33','2017-05-17 08:58:33'),(443,'Educarse ',111,2,'2017-05-17 08:58:33','2017-05-17 08:58:33'),(444,'Educarse para la dinámica ',111,2,'2017-05-17 08:58:33','2017-05-17 08:58:33'),(445,'Educar para vivir ',112,2,'2017-05-17 09:03:10','2017-05-17 09:03:10'),(446,'Educar para crecer',112,2,'2017-05-17 09:03:10','2017-05-17 09:03:10'),(447,'Educar',112,2,'2017-05-17 09:03:10','2017-05-17 09:03:10'),(448,'Educar para la imagen',112,1,'2017-05-17 09:03:10','2017-05-17 09:03:10'),(449,'Ninguna función',113,2,'2017-05-17 09:04:38','2017-05-17 09:04:38'),(450,'El enriquecimiento de la experiencia educativa',113,1,'2017-05-17 09:04:38','2017-05-17 09:04:38'),(451,'Relacionar expectativas',113,2,'2017-05-17 09:04:38','2017-05-17 09:04:38'),(452,'El enriquecimiento social ',113,2,'2017-05-17 09:04:38','2017-05-17 09:04:38'),(453,'Imágenes auditivas ',114,1,'2017-05-17 09:06:06','2017-05-17 09:06:06'),(454,'Imágenes nuevas ',114,2,'2017-05-17 09:06:06','2017-05-17 09:06:06'),(455,'Imágenes reales',114,2,'2017-05-17 09:06:06','2017-05-17 09:06:06'),(456,'Imágenes planas',114,2,'2017-05-17 09:06:06','2017-05-17 09:06:06'),(457,'Dispersa',115,2,'2017-05-17 09:07:18','2017-05-17 09:07:18'),(458,'Analítica',115,1,'2017-05-17 09:07:18','2017-05-17 09:07:18'),(459,'Falsa ',115,2,'2017-05-17 09:07:18','2017-05-17 09:07:18'),(460,'Única ',115,2,'2017-05-17 09:07:18','2017-05-17 09:07:18'),(461,'La empatía y la identificación',116,1,'2017-05-17 09:09:25','2017-05-17 09:09:25'),(462,'La confianza',116,2,'2017-05-17 09:09:25','2017-05-17 09:09:25'),(463,'La credibilidad',116,2,'2017-05-17 09:09:25','2017-05-17 09:09:25'),(464,'La confianza ',116,2,'2017-05-17 09:09:25','2017-05-17 09:09:25'),(465,'Imágenes dispersas',117,2,'2017-05-17 09:12:08','2017-05-17 09:12:08'),(466,'Imágenes  analíticas',117,2,'2017-05-17 09:12:08','2017-05-17 09:12:08'),(467,'ninguna de las anteriores',117,2,'2017-05-17 09:12:08','2017-05-17 09:12:08'),(468,'Imágenes esquematizadas',117,1,'2017-05-17 09:12:08','2017-05-17 09:12:08'),(469,'Las estadísticas y mapas ',118,1,'2017-05-17 09:13:49','2017-05-17 09:13:49'),(470,'Cuadros sinópticos ',118,1,'2017-05-17 09:13:49','2017-05-17 09:13:49'),(471,'Símbolos gráficos',118,1,'2017-05-17 09:13:49','2017-05-17 09:13:49'),(472,'Imagen esquematizada',118,2,'2017-05-17 09:13:49','2017-05-17 09:13:49'),(473,'Imágenes sonoras',119,2,'2017-05-17 09:15:23','2017-05-17 09:15:23'),(474,'Imágenes sintéticas',119,1,'2017-05-17 09:15:23','2017-05-17 09:15:23'),(475,'Imágenes analíticas ',119,2,'2017-05-17 09:15:24','2017-05-17 09:15:24'),(476,'Imágenes reales ',119,2,'2017-05-17 09:15:24','2017-05-17 09:15:24'),(477,'Pintura',120,1,'2017-05-17 09:17:26','2017-05-17 09:17:26'),(478,'Cuadro',120,2,'2017-05-17 09:17:26','2017-05-17 09:17:26'),(479,'Puntos',120,2,'2017-05-17 09:17:26','2017-05-17 09:17:26'),(480,'Lineas',120,2,'2017-05-17 09:17:27','2017-05-17 09:17:27'),(481,'Educación verbal',121,2,'2017-05-17 09:19:45','2017-05-17 09:19:45'),(482,'Educación Sonora ',121,2,'2017-05-17 09:19:45','2017-05-17 09:19:45'),(483,'Educación visual',121,1,'2017-05-17 09:19:45','2017-05-17 09:19:45'),(484,'Educación de planos',121,2,'2017-05-17 09:19:45','2017-05-17 09:19:45'),(485,'Libro',122,2,'2017-05-17 09:22:30','2017-05-17 09:22:30'),(486,'Relieve',122,2,'2017-05-17 09:22:30','2017-05-17 09:22:30'),(487,'Cuadro',122,2,'2017-05-17 09:22:30','2017-05-17 09:22:30'),(488,'Formato',122,1,'2017-05-17 09:22:30','2017-05-17 09:22:30'),(489,'Forma',123,1,'2017-05-17 09:23:50','2017-05-17 09:23:50'),(490,'Tamaño',123,1,'2017-05-17 09:23:50','2017-05-17 09:23:50'),(491,'Proporción',123,1,'2017-05-17 09:23:51','2017-05-17 09:23:51'),(492,'Ancho y largo',123,2,'2017-05-17 09:23:51','2017-05-17 09:23:51'),(493,'Proporcionalidad ',124,2,'2017-05-17 09:25:21','2017-05-17 09:25:21'),(494,'Sección áurea',124,1,'2017-05-17 09:25:21','2017-05-17 09:25:21'),(495,'Ninguna de las anteriores',124,2,'2017-05-17 09:25:21','2017-05-17 09:25:21'),(496,'Sección única ',124,2,'2017-05-17 09:25:21','2017-05-17 09:25:21'),(497,'Serie única ',125,2,'2017-05-17 09:28:59','2017-05-17 09:28:59'),(498,'Serie especulada ',125,2,'2017-05-17 09:28:59','2017-05-17 09:28:59'),(499,'Serie de Fibonacci',125,1,'2017-05-17 09:28:59','2017-05-17 09:28:59'),(500,'Serie ',125,2,'2017-05-17 09:28:59','2017-05-17 09:28:59'),(501,'Sentido del Equilibrio',126,1,'2017-05-17 09:30:30','2017-05-17 09:30:30'),(502,'Sentido del tacto',126,2,'2017-05-17 09:30:30','2017-05-17 09:30:30'),(503,'Sentido común',126,2,'2017-05-17 09:30:30','2017-05-17 09:30:30'),(504,'Ninguno de los anteriores',126,2,'2017-05-17 09:30:30','2017-05-17 09:30:30'),(505,'Pintura normal',127,2,'2017-05-17 09:31:47','2017-05-17 09:31:47'),(506,'Pintura completa',127,2,'2017-05-17 09:31:47','2017-05-17 09:31:47'),(507,'Pintura de retrato',127,1,'2017-05-17 09:31:47','2017-05-17 09:31:47'),(508,'Pintura clásica',127,2,'2017-05-17 09:31:47','2017-05-17 09:31:47'),(509,'Líneas de tensión',128,1,'2017-05-17 18:21:26','2017-05-17 18:21:26'),(510,'Lineas normales',128,2,'2017-05-17 18:21:26','2017-05-17 18:21:26'),(511,'Lineas gruesas',128,2,'2017-05-17 18:21:26','2017-05-17 18:21:26'),(512,'Lineas',128,2,'2017-05-17 18:21:26','2017-05-17 18:21:26'),(513,'Figuras',129,2,'2017-05-17 18:22:58','2017-05-17 18:22:58'),(514,'Líneas',129,1,'2017-05-17 18:22:59','2017-05-17 18:22:59'),(515,'Puntos',129,2,'2017-05-17 18:22:59','2017-05-17 18:22:59'),(516,'Rayas',129,2,'2017-05-17 18:22:59','2017-05-17 18:22:59'),(517,'Lineas',130,2,'2017-05-17 18:24:07','2017-05-17 18:24:07'),(518,'Puntos',130,2,'2017-05-17 18:24:07','2017-05-17 18:24:07'),(519,'Nudos',130,1,'2017-05-17 18:24:07','2017-05-17 18:24:07'),(520,'Rayas',130,2,'2017-05-17 18:24:07','2017-05-17 18:24:07'),(521,'Signos',131,2,'2017-05-17 18:28:04','2017-05-17 18:28:04'),(522,'Lineas',131,2,'2017-05-17 18:28:05','2017-05-17 18:28:05'),(523,'Puntos',131,2,'2017-05-17 18:28:05','2017-05-17 18:28:05'),(524,'Simetría',131,1,'2017-05-17 18:28:05','2017-05-17 18:28:05'),(525,'Bilateral',132,1,'2017-05-17 18:29:18','2017-05-17 18:29:18'),(526,'Lateral',132,2,'2017-05-17 18:29:18','2017-05-17 18:29:18'),(527,'Doble',132,2,'2017-05-17 18:29:18','2017-05-17 18:29:18'),(528,'Central',132,2,'2017-05-17 18:29:18','2017-05-17 18:29:18'),(529,'Ritmo',133,1,'2017-05-17 18:30:25','2017-05-17 18:30:25'),(530,'Signos',133,2,'2017-05-17 18:30:25','2017-05-17 18:30:25'),(531,'Puntos',133,2,'2017-05-17 18:30:25','2017-05-17 18:30:25'),(532,'Ninguno de los anteriores',133,2,'2017-05-17 18:30:25','2017-05-17 18:30:25'),(533,'Resina natural',134,2,'2017-05-17 18:32:19','2017-05-17 18:32:19'),(534,'Brea de colofonia',134,1,'2017-05-17 18:32:19','2017-05-17 18:32:19'),(535,'Brea',134,2,'2017-05-17 18:32:19','2017-05-17 18:32:19'),(536,'Resina',134,2,'2017-05-17 18:32:19','2017-05-17 18:32:19'),(537,'Pintura',135,2,'2017-05-17 18:33:36','2017-05-17 18:33:36'),(538,'Cartel',135,2,'2017-05-17 18:33:36','2017-05-17 18:33:36'),(539,'Imagen',135,1,'2017-05-17 18:33:36','2017-05-17 18:33:36'),(540,'Foto',135,2,'2017-05-17 18:33:36','2017-05-17 18:33:36'),(541,'Cuadro',136,2,'2017-05-17 18:34:48','2017-05-17 18:34:48'),(542,'Imagen',136,2,'2017-05-17 18:34:48','2017-05-17 18:34:48'),(543,'Imagen fotográfica',136,1,'2017-05-17 18:34:48','2017-05-17 18:34:48'),(544,'Foto',136,2,'2017-05-17 18:34:48','2017-05-17 18:34:48'),(545,'Análisis objetivo',137,1,'2017-05-17 18:36:05','2017-05-17 18:36:05'),(546,'Análisis cuantitativo',137,2,'2017-05-17 18:36:05','2017-05-17 18:36:05'),(547,'Análisis subjetivo',137,1,'2017-05-17 18:36:05','2017-05-17 18:36:05'),(548,'Análisis cuantitativo',137,2,'2017-05-17 18:36:06','2017-05-17 18:36:06'),(549,'Planos generales',138,1,'2017-05-17 18:38:05','2017-05-17 18:38:05'),(550,'Planos medios',138,1,'2017-05-17 18:38:05','2017-05-17 18:38:05'),(551,'Primeros planos',138,1,'2017-05-17 18:38:05','2017-05-17 18:38:05'),(552,'Plano básico',138,2,'2017-05-17 18:38:05','2017-05-17 18:38:05'),(553,'Fotografiá',139,2,'2017-05-17 18:40:11','2017-05-17 18:40:11'),(554,'Cuadro',139,2,'2017-05-17 18:40:11','2017-05-17 18:40:11'),(555,'Ninguno de los anteriores ',139,2,'2017-05-17 18:40:11','2017-05-17 18:40:11'),(556,'Plano general',139,1,'2017-05-17 18:40:11','2017-05-17 18:40:11'),(557,'Toma frontal',140,1,'2017-05-17 18:41:57','2017-05-17 18:41:57'),(558,'Angulación lateral izquierda, angulación lateral derecha',140,1,'2017-05-17 18:41:57','2017-05-17 18:41:57'),(559,'Angulo en picada, ángulo de contrapicada',140,1,'2017-05-17 18:41:57','2017-05-17 18:41:57'),(560,'Angulaciones básicas ',140,2,'2017-05-17 18:41:57','2017-05-17 18:41:57'),(561,'Cuando tiene lineas',141,2,'2017-05-17 18:43:24','2017-05-17 18:43:24'),(562,'Cuando es a color',141,2,'2017-05-17 18:43:24','2017-05-17 18:43:24'),(563,'Cuando esta impreso ',141,2,'2017-05-17 18:43:24','2017-05-17 18:43:24'),(564,'Cuando representa tal cual la realidad',141,1,'2017-05-17 18:43:25','2017-05-17 18:43:25'),(565,'Cuando es una imagen con muchos significados posibles',142,1,'2017-05-17 18:44:54','2017-05-17 18:44:54'),(566,'Cuando es a color',142,2,'2017-05-17 18:44:54','2017-05-17 18:44:54'),(567,'Cuando tiene lineas',142,2,'2017-05-17 18:44:54','2017-05-17 18:44:54'),(568,'Cuando es una imagen sin significados',142,2,'2017-05-17 18:44:54','2017-05-17 18:44:54'),(569,'Johann-Henrich Schulze',143,2,'2017-05-17 18:46:49','2017-05-17 18:46:49'),(570,' Alaysius Senefelder',143,2,'2017-05-17 18:46:49','2017-05-17 18:46:49'),(571,'Nicéforo Niepce ',143,1,'2017-05-17 18:46:49','2017-05-17 18:46:49'),(572,'Louis Jacques Mandé Daguerre',143,2,'2017-05-17 18:46:49','2017-05-17 18:46:49'),(573,'sulfato',144,2,'2017-05-17 18:48:03','2017-05-17 18:48:03'),(574,'Yodo',144,1,'2017-05-17 18:48:03','2017-05-17 18:48:03'),(575,'Fosfato',144,2,'2017-05-17 18:48:03','2017-05-17 18:48:03'),(576,'Calitipo ',144,2,'2017-05-17 18:48:03','2017-05-17 18:48:03'),(577,'Henry Fox Talbot',145,1,'2017-05-17 18:49:28','2017-05-17 18:49:28'),(578,'Hypolite Bayard ',145,2,'2017-05-17 18:49:28','2017-05-17 18:49:28'),(579,'Josef-Max Petzval',145,2,'2017-05-17 18:49:28','2017-05-17 18:49:28'),(580,' Nicéforo Niepce',145,2,'2017-05-17 18:49:28','2017-05-17 18:49:28'),(581,'Plástico ',146,1,'2017-05-17 18:51:04','2017-05-17 18:51:04'),(582,'Cristal',146,2,'2017-05-17 18:51:04','2017-05-17 18:51:04'),(583,'Vidrio',146,2,'2017-05-17 18:51:04','2017-05-17 18:51:04'),(584,'Metal',146,2,'2017-05-17 18:51:04','2017-05-17 18:51:04'),(585,' Encuadre',147,1,'2017-05-17 18:53:02','2017-05-17 18:53:02'),(586,'Enfoque',147,2,'2017-05-17 18:53:02','2017-05-17 18:53:02'),(587,'Fusión',147,2,'2017-05-17 18:53:02','2017-05-17 18:53:02'),(588,'Cuadro',147,2,'2017-05-17 18:53:02','2017-05-17 18:53:02'),(589,'Toma diagonal de izquierda a derecha',148,2,'2017-05-17 18:55:30','2017-05-17 18:55:30'),(590,'Toma sin angulación alguna',148,2,'2017-05-17 18:55:30','2017-05-17 18:55:30'),(591,'Toma del sujeto de abajo arriba',148,1,'2017-05-17 18:55:30','2017-05-17 18:55:30'),(592,'Toma hacia abajo',148,2,'2017-05-17 18:55:30','2017-05-17 18:55:30'),(593,'De forma triangular e arriba - abajo',149,2,'2017-05-17 18:56:58','2017-05-17 18:56:58'),(594,'De forma circular de derecha – Izquierda',149,2,'2017-05-17 18:56:58','2017-05-17 18:56:58'),(595,'De forma ascendente ',149,2,'2017-05-17 18:56:58','2017-05-17 18:56:58'),(596,'De formar circular de izquierda - derecha',149,1,'2017-05-17 18:56:58','2017-05-17 18:56:58'),(597,'Publicidad',150,1,'2017-05-17 19:23:48','2017-05-17 19:23:48'),(598,'Anuncios',150,2,'2017-05-17 19:23:48','2017-05-17 19:23:48'),(599,'Comercio',150,2,'2017-05-17 19:23:48','2017-05-17 19:23:48'),(600,'Ventas',150,2,'2017-05-17 19:23:48','2017-05-17 19:23:48'),(601,'Compradores únicos',151,2,'2017-05-17 19:26:22','2017-05-17 19:26:22'),(602,'Compradores alarmantes',151,2,'2017-05-17 19:26:22','2017-05-17 19:26:22'),(603,'Compradores potenciales',151,1,'2017-05-17 19:26:22','2017-05-17 19:26:22'),(604,'Compradores reales',151,1,'2017-05-17 19:26:22','2017-05-17 19:26:22'),(605,'Rasgos sociales',152,1,'2017-05-17 19:28:16','2017-05-17 19:28:16'),(606,'Rasgos individuales',152,1,'2017-05-17 19:28:16','2017-05-17 19:28:16'),(607,'Rasgos económicos',152,1,'2017-05-17 19:28:16','2017-05-17 19:28:16'),(608,'Rasgos ecológicos',152,2,'2017-05-17 19:28:17','2017-05-17 19:28:17'),(609,'Variables relacionadas con la calidad',153,2,'2017-05-17 19:29:20','2017-05-17 19:29:20'),(610,'Variables relacionadas con el producto',153,2,'2017-05-17 19:29:20','2017-05-17 19:29:20'),(611,'Variables relacionadas con la situación',153,1,'2017-05-17 19:29:20','2017-05-17 19:29:20'),(612,'Variables relacionadas con el nivel',153,2,'2017-05-17 19:29:20','2017-05-17 19:29:20'),(613,'Consumidores de subsistencia',154,1,'2017-05-17 19:30:56','2017-05-17 19:30:56'),(614,'Consumidores sibaritas',154,2,'2017-05-17 19:30:57','2017-05-17 19:30:57'),(615,'Consumidores selectivos ',154,2,'2017-05-17 19:30:57','2017-05-17 19:30:57'),(616,'Consumidores natos',154,2,'2017-05-17 19:30:57','2017-05-17 19:30:57'),(617,'Consumidores selectivos',155,2,'2017-05-17 19:32:09','2017-05-17 19:32:09'),(618,'Consumidores sibaritas',155,1,'2017-05-17 19:32:09','2017-05-17 19:32:09'),(619,'Consumidores natos',155,2,'2017-05-17 19:32:09','2017-05-17 19:32:09'),(620,'Consumidores de subsistencia',155,2,'2017-05-17 19:32:10','2017-05-17 19:32:10'),(621,'Consumidores sibaritas',156,2,'2017-05-17 19:33:06','2017-05-17 19:33:06'),(622,'Consumidores natos ',156,2,'2017-05-17 19:33:06','2017-05-17 19:33:06'),(623,'Consumidores selectivos',156,1,'2017-05-17 19:33:06','2017-05-17 19:33:06'),(624,'Consumidores de subsistencia',156,2,'2017-05-17 19:33:06','2017-05-17 19:33:06'),(625,'Compra forzada',157,2,'2017-05-17 19:34:04','2017-05-17 19:34:04'),(626,'Compra pensada',157,2,'2017-05-17 19:34:04','2017-05-17 19:34:04'),(627,'Compra motivada',157,2,'2017-05-17 19:34:04','2017-05-17 19:34:04'),(628,'Compra improvisada',157,1,'2017-05-17 19:34:04','2017-05-17 19:34:04'),(629,'Compra forzada',158,2,'2017-05-17 19:35:06','2017-05-17 19:35:06'),(630,'Compra imprevista o de impulso',158,1,'2017-05-17 19:35:06','2017-05-17 19:35:06'),(631,'Compra pensada',158,2,'2017-05-17 19:35:06','2017-05-17 19:35:06'),(632,'Compra motivada',158,2,'2017-05-17 19:35:06','2017-05-17 19:35:06'),(633,'Compra predeterminada',159,1,'2017-05-17 19:36:15','2017-05-17 19:36:15'),(634,'Compra imprevista',159,2,'2017-05-17 19:36:15','2017-05-17 19:36:15'),(635,'Compra pensada',159,2,'2017-05-17 19:36:16','2017-05-17 19:36:16'),(636,'Compra motivada',159,2,'2017-05-17 19:36:16','2017-05-17 19:36:16'),(637,'Hombre estereotipado',160,2,'2017-05-17 19:37:15','2017-05-17 19:37:15'),(638,'Hombre con actitudes',160,2,'2017-05-17 19:37:15','2017-05-17 19:37:15'),(639,'Hombre adaptado',160,2,'2017-05-17 19:37:15','2017-05-17 19:37:15'),(640,'Hombre masa',160,1,'2017-05-17 19:37:15','2017-05-17 19:37:15'),(641,'Moda de temporada',161,2,'2017-05-17 19:38:40','2017-05-17 19:38:40'),(642,'Moda de la industria',161,1,'2017-05-17 19:38:40','2017-05-17 19:38:40'),(643,'Moda ostentosa',161,2,'2017-05-17 19:38:40','2017-05-17 19:38:40'),(644,'Moda alimentaria',161,2,'2017-05-17 19:38:40','2017-05-17 19:38:40'),(645,'Comercio',162,2,'2017-05-17 19:39:46','2017-05-17 19:39:46'),(646,'Libre mercadotecnia',162,2,'2017-05-17 19:39:46','2017-05-17 19:39:46'),(647,'Ventas',162,2,'2017-05-17 19:39:46','2017-05-17 19:39:46'),(648,'Publicidad',162,1,'2017-05-17 19:39:46','2017-05-17 19:39:46'),(649,'Consumismo',163,1,'2017-05-17 19:41:26','2017-05-17 19:41:26'),(650,'Mercadotecnia',163,2,'2017-05-17 19:41:26','2017-05-17 19:41:26'),(651,'Industria',163,2,'2017-05-17 19:41:26','2017-05-17 19:41:26'),(652,'Anuncios',163,2,'2017-05-17 19:41:26','2017-05-17 19:41:26'),(653,'Vida cotidiana',164,1,'2017-05-17 19:42:22','2017-05-17 19:42:22'),(654,'Economía ',164,2,'2017-05-17 19:42:22','2017-05-17 19:42:22'),(655,'Publicidad',164,2,'2017-05-17 19:42:22','2017-05-17 19:42:22'),(656,'Espectaculares',164,2,'2017-05-17 19:42:22','2017-05-17 19:42:22'),(657,'Que no es entendible',165,2,'2017-05-17 19:43:27','2017-05-17 19:43:27'),(658,'Que está lleno de mentiras ',165,1,'2017-05-17 19:43:28','2017-05-17 19:43:28'),(659,'Que tiene falacea',165,2,'2017-05-17 19:43:28','2017-05-17 19:43:28'),(660,'Que esta lleno de verdades',165,2,'2017-05-17 19:43:28','2017-05-17 19:43:28'),(661,'Sonido',166,2,'2017-05-17 19:44:18','2017-05-17 19:44:18'),(662,'Anuncio',166,2,'2017-05-17 19:44:18','2017-05-17 19:44:18'),(663,'Signo',166,1,'2017-05-17 19:44:18','2017-05-17 19:44:18'),(664,'Imagen',166,2,'2017-05-17 19:44:18','2017-05-17 19:44:18'),(665,'Metonimia',167,1,'2017-05-17 19:45:31','2017-05-17 19:45:31'),(666,'Metáfora',167,1,'2017-05-17 19:45:31','2017-05-17 19:45:31'),(667,'Sinécdoque',167,1,'2017-05-17 19:45:31','2017-05-17 19:45:31'),(668,'Figuras retoricas ',167,2,'2017-05-17 19:45:31','2017-05-17 19:45:31'),(669,'Punto',168,2,'2017-05-17 19:50:45','2017-05-17 19:50:45'),(670,'Sema',168,1,'2017-05-17 19:50:45','2017-05-17 19:50:45'),(671,'Repetición',168,2,'2017-05-17 19:50:45','2017-05-17 19:50:45'),(672,'Metáfora',168,2,'2017-05-17 19:50:45','2017-05-17 19:50:45'),(673,'Repetición',169,1,'2017-05-17 19:51:52','2017-05-17 19:51:52'),(674,'Hipérbole',169,2,'2017-05-17 19:51:52','2017-05-17 19:51:52'),(675,'Metáfora',169,2,'2017-05-17 19:51:52','2017-05-17 19:51:52'),(676,'Prosopopeya',169,2,'2017-05-17 19:51:52','2017-05-17 19:51:52'),(677,'Repetición',170,2,'2017-05-17 19:52:57','2017-05-17 19:52:57'),(678,'Prosopopeya',170,1,'2017-05-17 19:52:57','2017-05-17 19:52:57'),(679,'Hipérbole',170,2,'2017-05-17 19:52:57','2017-05-17 19:52:57'),(680,'Metáfora',170,2,'2017-05-17 19:52:57','2017-05-17 19:52:57'),(681,'Antítesis, paradoja',171,2,'2017-05-17 19:58:12','2017-05-17 19:58:12'),(682,'Inversión, litote',171,2,'2017-05-17 19:58:12','2017-05-17 19:58:12'),(683,'Ironía y elipsis',171,2,'2017-05-17 19:58:12','2017-05-17 19:58:12'),(684,'Todas las anteriores ',171,1,'2017-05-17 19:58:12','2017-05-17 19:58:12'),(685,'Metáfora',172,1,'2017-05-17 19:59:38','2017-05-17 19:59:38'),(686,'Hipérbole',172,2,'2017-05-17 19:59:38','2017-05-17 19:59:38'),(687,'Prosopopeya',172,2,'2017-05-17 19:59:38','2017-05-17 19:59:38'),(688,'Repetición',172,2,'2017-05-17 19:59:38','2017-05-17 19:59:38'),(689,'Hipérbole',173,1,'2017-05-17 20:01:28','2017-05-17 20:01:28'),(690,'Prosopopeya',173,2,'2017-05-17 20:01:28','2017-05-17 20:01:28'),(691,'Repetición',173,2,'2017-05-17 20:01:28','2017-05-17 20:01:28'),(692,'Metáfora',173,2,'2017-05-17 20:01:28','2017-05-17 20:01:28'),(693,' Cuadro',174,2,'2017-05-17 20:02:58','2017-05-17 20:02:58'),(694,'Pintura',174,1,'2017-05-17 20:02:58','2017-05-17 20:02:58'),(695,'Lineas',174,2,'2017-05-17 20:02:59','2017-05-17 20:02:59'),(696,' Puntos ',174,2,'2017-05-17 20:02:59','2017-05-17 20:02:59'),(697,'Educación visual',175,1,'2017-05-17 20:04:34','2017-05-17 20:04:34'),(698,'Educación verbal',175,2,'2017-05-17 20:04:35','2017-05-17 20:04:35'),(699,'Educación Sonora',175,2,'2017-05-17 20:04:35','2017-05-17 20:04:35'),(700,'Educación auditiva',175,2,'2017-05-17 20:04:35','2017-05-17 20:04:35'),(701,'Cuadro',176,2,'2017-05-17 20:05:36','2017-05-17 20:05:36'),(702,'Relieve',176,2,'2017-05-17 20:05:36','2017-05-17 20:05:36'),(703,'Libro',176,2,'2017-05-17 20:05:36','2017-05-17 20:05:36'),(704,'Formato',176,1,'2017-05-17 20:05:36','2017-05-17 20:05:36'),(705,'Forma',177,1,'2017-05-17 20:06:32','2017-05-17 20:06:32'),(706,'Tamaño',177,1,'2017-05-17 20:06:32','2017-05-17 20:06:32'),(707,'Proporción',177,1,'2017-05-17 20:06:32','2017-05-17 20:06:32'),(708,'Ancho y largo ',177,2,'2017-05-17 20:06:32','2017-05-17 20:06:32'),(709,'Proporcionalidad ',178,2,'2017-05-17 20:07:36','2017-05-17 20:07:36'),(710,'Sección única ',178,2,'2017-05-17 20:07:36','2017-05-17 20:07:36'),(711,'Sección áurea',178,1,'2017-05-17 20:07:36','2017-05-17 20:07:36'),(712,'Ninguna de las anteriores',178,2,'2017-05-17 20:07:36','2017-05-17 20:07:36'),(713,'Serie única ',179,2,'2017-05-17 20:08:46','2017-05-17 20:08:46'),(714,'Serie de Fibonacci',179,1,'2017-05-17 20:08:46','2017-05-17 20:08:46'),(715,'Serie especulada ',179,2,'2017-05-17 20:08:46','2017-05-17 20:08:46'),(716,'Serie ',179,2,'2017-05-17 20:08:46','2017-05-17 20:08:46'),(717,'Sentido del Equilibrio',180,1,'2017-05-17 20:10:42','2017-05-17 20:10:42'),(718,'Sentido del tacto',180,2,'2017-05-17 20:10:42','2017-05-17 20:10:42'),(719,'Sentido común',180,2,'2017-05-17 20:10:42','2017-05-17 20:10:42'),(720,'Ninguno de los anteriores',180,2,'2017-05-17 20:10:43','2017-05-17 20:10:43'),(721,'Pintura normal',181,2,'2017-05-17 20:12:16','2017-05-17 20:12:16'),(722,'Pintura de retrato',181,1,'2017-05-17 20:12:16','2017-05-17 20:12:16'),(723,'Pintura clásica',181,2,'2017-05-17 20:12:16','2017-05-17 20:12:16'),(724,'Pintura completa',181,2,'2017-05-17 20:12:16','2017-05-17 20:12:16'),(725,'Lineas normales',182,2,'2017-05-17 20:25:59','2017-05-17 20:25:59'),(726,'Líneas de tensión',182,1,'2017-05-17 20:25:59','2017-05-17 20:25:59'),(727,'Lineas gruesas',182,2,'2017-05-17 20:25:59','2017-05-17 20:25:59'),(728,'Lineas punteadas',182,2,'2017-05-17 20:25:59','2017-05-17 20:25:59'),(729,'Figuras',183,2,'2017-05-17 20:27:09','2017-05-17 20:27:09'),(730,'Líneas',183,1,'2017-05-17 20:27:09','2017-05-17 20:27:09'),(731,'Puntos ',183,2,'2017-05-17 20:27:09','2017-05-17 20:27:09'),(732,'Rayas',183,2,'2017-05-17 20:27:09','2017-05-17 20:27:09'),(733,'Lineas',184,2,'2017-05-17 20:28:08','2017-05-17 20:28:08'),(734,'Puntos ',184,2,'2017-05-17 20:28:08','2017-05-17 20:28:08'),(735,'Rayas',184,2,'2017-05-17 20:28:08','2017-05-17 20:28:08'),(736,'Nudos',184,1,'2017-05-17 20:28:08','2017-05-17 20:28:08'),(737,'Signos',185,2,'2017-05-17 20:29:03','2017-05-17 20:29:03'),(738,'Lineas',185,2,'2017-05-17 20:29:03','2017-05-17 20:29:03'),(739,'Simetría ',185,1,'2017-05-17 20:29:03','2017-05-17 20:29:03'),(740,'Puntos',185,2,'2017-05-17 20:29:03','2017-05-17 20:29:03'),(741,'Lateral',186,2,'2017-05-17 20:30:01','2017-05-17 20:30:01'),(742,'Doble ',186,2,'2017-05-17 20:30:01','2017-05-17 20:30:01'),(743,'Central',186,2,'2017-05-17 20:30:01','2017-05-17 20:30:01'),(744,'Bilateral ',186,1,'2017-05-17 20:30:01','2017-05-17 20:30:01'),(745,'Signos ',187,2,'2017-05-17 20:31:10','2017-05-17 20:31:10'),(746,'Puntos',187,2,'2017-05-17 20:31:10','2017-05-17 20:31:10'),(747,'nudos',187,2,'2017-05-17 20:31:10','2017-05-17 20:31:10'),(748,'Ritmo',187,1,'2017-05-17 20:31:10','2017-05-17 20:31:10'),(749,'Johann-Henrich Schulze',188,2,'2017-05-17 20:33:08','2017-05-17 20:33:08'),(750,'Nicéforo Niepce',188,1,'2017-05-17 20:33:08','2017-05-17 20:33:08'),(751,' Alaysius Senefelder',188,2,'2017-05-17 20:33:08','2017-05-17 20:33:08'),(752,'John Herschel',188,2,'2017-05-17 20:33:08','2017-05-17 20:33:08'),(753,'Louis Jacques Mandé Daguerre',189,2,'2017-05-17 20:44:21','2017-05-17 20:44:21'),(754,'Johann-Henrich Schulze',189,2,'2017-05-17 20:44:21','2017-05-17 20:44:21'),(755,'John Herschel ',189,1,'2017-05-17 20:44:21','2017-05-17 20:44:21'),(756,' Nicéforo Niepce',189,2,'2017-05-17 20:44:21','2017-05-17 20:44:21'),(757,'Sulfato',190,2,'2017-05-17 20:45:28','2017-05-17 20:45:28'),(758,'Yodo ',190,1,'2017-05-17 20:45:28','2017-05-17 20:45:28'),(759,'Fosfato',190,2,'2017-05-17 20:45:28','2017-05-17 20:45:28'),(760,'Metal',190,2,'2017-05-17 20:45:28','2017-05-17 20:45:28'),(761,'Henry Fox Talbot ',191,1,'2017-05-17 20:46:34','2017-05-17 20:46:34'),(762,'Hypolite Bayard',191,2,'2017-05-17 20:46:34','2017-05-17 20:46:34'),(763,'Josef-Max Petzval',191,2,'2017-05-17 20:46:34','2017-05-17 20:46:34'),(764,' Johann-Henrich Schulze',191,2,'2017-05-17 20:46:34','2017-05-17 20:46:34'),(765,'Plástico',192,1,'2017-05-17 20:47:42','2017-05-17 20:47:42'),(766,'Cristal ',192,2,'2017-05-17 20:47:42','2017-05-17 20:47:42'),(767,'Vidrio',192,2,'2017-05-17 20:47:42','2017-05-17 20:47:42'),(768,'Aluminio',192,2,'2017-05-17 20:47:42','2017-05-17 20:47:42'),(769,'Enfoque',193,2,'2017-05-17 20:48:26','2017-05-17 20:48:26'),(770,'Fusión',193,2,'2017-05-17 20:48:26','2017-05-17 20:48:26'),(771,'Encuadre ',193,1,'2017-05-17 20:48:26','2017-05-17 20:48:26'),(772,'Cuadro',193,2,'2017-05-17 20:48:26','2017-05-17 20:48:26'),(773,'De forma triangular e arriba - abajo',194,2,'2017-05-17 20:50:04','2017-05-17 20:50:04'),(774,'De forma circular de derecha – Izquierda',194,2,'2017-05-17 20:50:04','2017-05-17 20:50:04'),(775,'De forma ascendente ',194,2,'2017-05-17 20:50:04','2017-05-17 20:50:04'),(776,'De formar circular de izquierda - derecha',194,1,'2017-05-17 20:50:04','2017-05-17 20:50:04'),(777,'Resina natural',195,2,'2017-05-17 20:51:02','2017-05-17 20:51:02'),(778,'Brea de colofonia',195,1,'2017-05-17 20:51:02','2017-05-17 20:51:02'),(779,'Brea',195,2,'2017-05-17 20:51:02','2017-05-17 20:51:02'),(780,'Resina',195,2,'2017-05-17 20:51:02','2017-05-17 20:51:02'),(781,'Imagen ',196,1,'2017-05-17 20:52:03','2017-05-17 20:52:03'),(782,'Pintura',196,2,'2017-05-17 20:52:03','2017-05-17 20:52:03'),(783,'Cartel',196,2,'2017-05-17 20:52:03','2017-05-17 20:52:03'),(784,'Foto',196,2,'2017-05-17 20:52:04','2017-05-17 20:52:04'),(785,'Cuadro',197,2,'2017-05-17 20:52:55','2017-05-17 20:52:55'),(786,'Imagen fotográfica',197,1,'2017-05-17 20:52:55','2017-05-17 20:52:55'),(787,'Imagen',197,2,'2017-05-17 20:52:56','2017-05-17 20:52:56'),(788,'Foto',197,2,'2017-05-17 20:52:56','2017-05-17 20:52:56'),(789,'Análisis objetivo',198,1,'2017-05-17 20:54:01','2017-05-17 20:54:01'),(790,'Análisis subjetivo',198,1,'2017-05-17 20:54:01','2017-05-17 20:54:01'),(791,'Análisis cuantitativo',198,2,'2017-05-17 20:54:01','2017-05-17 20:54:01'),(792,'Análisis cualitativo',198,2,'2017-05-17 20:54:01','2017-05-17 20:54:01'),(793,'Planos generales',199,1,'2017-05-17 20:55:41','2017-05-17 20:55:41'),(794,'Planos medios',199,1,'2017-05-17 20:55:41','2017-05-17 20:55:41'),(795,'Primeros planos',199,1,'2017-05-17 20:55:41','2017-05-17 20:55:41'),(796,'Plano básico',199,2,'2017-05-17 20:55:41','2017-05-17 20:55:41'),(797,'Plano general',200,1,'2017-05-17 20:57:21','2017-05-17 20:57:21'),(798,'Plano continuo ',200,2,'2017-05-17 20:57:21','2017-05-17 20:57:21'),(799,'Plano medio',200,2,'2017-05-17 20:57:21','2017-05-17 20:57:21'),(800,'Primeros planos ',200,2,'2017-05-17 20:57:21','2017-05-17 20:57:21'),(801,'Angulación lateral izquierda, angulación lateral derecha',201,1,'2017-05-17 20:58:29','2017-05-17 20:58:29'),(802,'Toma frontal',201,1,'2017-05-17 20:58:30','2017-05-17 20:58:30'),(803,'Angulo en picada, ángulo de contrapicada ',201,1,'2017-05-17 20:58:30','2017-05-17 20:58:30'),(804,'Angulaciones básicas ',201,2,'2017-05-17 20:58:30','2017-05-17 20:58:30'),(805,'Cuando tiene lineas',202,2,'2017-05-17 20:59:48','2017-05-17 20:59:48'),(806,'Cuando representa tal cual la realidad',202,1,'2017-05-17 20:59:48','2017-05-17 20:59:48'),(807,'Cuando es a color',202,2,'2017-05-17 20:59:48','2017-05-17 20:59:48'),(808,'Cuando esta impreso ',202,2,'2017-05-17 20:59:48','2017-05-17 20:59:48'),(809,'Cuando es a color',203,2,'2017-05-17 21:01:09','2017-05-17 21:01:09'),(810,'Cuando tiene lineas',203,2,'2017-05-17 21:01:10','2017-05-17 21:01:10'),(811,'Cuando es una imagen sin significados',203,2,'2017-05-17 21:01:10','2017-05-17 21:01:10'),(812,'Cuando es una imagen con muchos significados posibles',203,1,'2017-05-17 21:01:10','2017-05-17 21:01:10'),(813,'Anuncios',204,2,'2017-05-17 21:02:53','2017-05-17 21:02:53'),(814,'Comercio',204,2,'2017-05-17 21:02:53','2017-05-17 21:02:53'),(815,'Ventas',204,2,'2017-05-17 21:02:53','2017-05-17 21:02:53'),(816,'Publicidad',204,1,'2017-05-17 21:02:53','2017-05-17 21:02:53'),(817,'Compradores alarmantes ',205,2,'2017-05-17 21:04:02','2017-05-17 21:04:02'),(818,'Compradores únicos',205,2,'2017-05-17 21:04:02','2017-05-17 21:04:02'),(819,'Compradores potenciales ',205,1,'2017-05-17 21:04:03','2017-05-17 21:04:03'),(820,'Compradores reales',205,1,'2017-05-17 21:04:03','2017-05-17 21:04:03'),(821,'Rasgos individuales',206,1,'2017-05-17 21:05:06','2017-05-17 21:05:06'),(822,'Rasgos sociales ',206,1,'2017-05-17 21:05:06','2017-05-17 21:05:06'),(823,'Rasgos económicos',206,1,'2017-05-17 21:05:06','2017-05-17 21:05:06'),(824,'Rasgos biologicos',206,2,'2017-05-17 21:05:06','2017-05-17 21:05:06'),(825,'Variables relacionadas con la calidad',207,2,'2017-05-17 21:12:46','2017-05-17 21:12:46'),(826,'Variables relacionadas con el producto',207,2,'2017-05-17 21:12:46','2017-05-17 21:12:46'),(827,'Variables relacionadas con la situación',207,1,'2017-05-17 21:12:46','2017-05-17 21:12:46'),(828,'Variables relacionadas con el nivel ',207,2,'2017-05-17 21:12:47','2017-05-17 21:12:47'),(829,'Consumidores sibaritas',208,2,'2017-05-17 21:25:56','2017-05-17 21:25:56'),(830,'Consumidores de subsistencia',208,1,'2017-05-17 21:25:56','2017-05-17 21:25:56'),(831,'Consumidores selectivos',208,2,'2017-05-17 21:25:56','2017-05-17 21:25:56'),(832,'Consumidores natos',208,2,'2017-05-17 21:25:56','2017-05-17 21:25:56'),(833,'Consumidores sibaritas',209,1,'2017-05-17 21:27:22','2017-05-17 21:27:22'),(834,'Consumidores selectivos',209,2,'2017-05-17 21:27:22','2017-05-17 21:27:22'),(835,'Consumidores natos ',209,2,'2017-05-17 21:27:22','2017-05-17 21:27:22'),(836,'Consumidores de subsistencia',209,2,'2017-05-17 21:27:22','2017-05-17 21:27:22'),(837,'Consumidores sibaritas',210,2,'2017-05-17 21:29:03','2017-05-17 21:29:03'),(838,'Consumidores selectivos',210,1,'2017-05-17 21:29:03','2017-05-17 21:29:03'),(839,'Consumidores natos',210,2,'2017-05-17 21:29:03','2017-05-17 21:29:03'),(840,'Consumidores de subsistencia',210,2,'2017-05-17 21:29:03','2017-05-17 21:29:03'),(841,'Compra forzada',211,2,'2017-05-17 21:30:41','2017-05-17 21:30:41'),(842,'Compra improvisada',211,1,'2017-05-17 21:30:42','2017-05-17 21:30:42'),(843,'Compra pensada',211,2,'2017-05-17 21:30:42','2017-05-17 21:30:42'),(844,'Compra motivada',211,2,'2017-05-17 21:30:42','2017-05-17 21:30:42'),(845,'Compra imprevista o de impulso',212,1,'2017-05-17 22:17:52','2017-05-17 22:17:52'),(846,'Compra forzada',212,2,'2017-05-17 22:17:52','2017-05-17 22:17:52'),(847,'Compra pensada',212,2,'2017-05-17 22:17:52','2017-05-17 22:17:52'),(848,'Compra motivada',212,2,'2017-05-17 22:17:52','2017-05-17 22:17:52'),(849,'Compra imprevista',213,2,'2017-05-17 22:19:15','2017-05-17 22:19:15'),(850,'Compra pensada',213,2,'2017-05-17 22:19:15','2017-05-17 22:19:15'),(851,'Compra predeterminada',213,1,'2017-05-17 22:19:16','2017-05-17 22:19:16'),(852,'Compra motivada',213,2,'2017-05-17 22:19:16','2017-05-17 22:19:16'),(853,'Hombre con actitudes',214,2,'2017-05-17 22:20:20','2017-05-17 22:20:20'),(854,'Hombre estereotipado',214,2,'2017-05-17 22:20:20','2017-05-17 22:20:20'),(855,'Hombre adaptado',214,2,'2017-05-17 22:20:20','2017-05-17 22:20:20'),(856,'Hombre masa',214,1,'2017-05-17 22:20:20','2017-05-17 22:20:20'),(857,'Moda de la industria',215,1,'2017-05-17 22:22:05','2017-05-17 22:22:05'),(858,'Moda de temporada',215,2,'2017-05-17 22:22:05','2017-05-17 22:22:05'),(859,'Moda ostentosa',215,2,'2017-05-17 22:22:05','2017-05-17 22:22:05'),(860,'Moda alimentaria ',215,2,'2017-05-17 22:22:05','2017-05-17 22:22:05'),(861,'Comercio',216,2,'2017-05-17 22:23:54','2017-05-17 22:23:54'),(862,'Publicidad',216,1,'2017-05-17 22:23:54','2017-05-17 22:23:54'),(863,'Libre mercadotecnia',216,2,'2017-05-17 22:23:54','2017-05-17 22:23:54'),(864,'Ventas',216,2,'2017-05-17 22:23:54','2017-05-17 22:23:54'),(865,'Mercadotecnia',217,2,'2017-05-17 22:24:54','2017-05-17 22:24:54'),(866,'Industria',217,2,'2017-05-17 22:24:54','2017-05-17 22:24:54'),(867,'Anuncios',217,2,'2017-05-17 22:24:54','2017-05-17 22:24:54'),(868,'Consumismo',217,1,'2017-05-17 22:24:54','2017-05-17 22:24:54'),(869,'Vida cotidiana',218,1,'2017-05-17 22:26:22','2017-05-17 22:26:22'),(870,'Economía',218,2,'2017-05-17 22:26:22','2017-05-17 22:26:22'),(871,'Publicidad',218,2,'2017-05-17 22:26:22','2017-05-17 22:26:22'),(872,'Espectaculares',218,2,'2017-05-17 22:26:22','2017-05-17 22:26:22'),(873,'Que no es entendible',219,2,'2017-05-17 22:27:27','2017-05-17 22:27:27'),(874,'Que está lleno de mentiras ',219,1,'2017-05-17 22:27:27','2017-05-17 22:27:27'),(875,'Que tiene falacea ',219,2,'2017-05-17 22:27:27','2017-05-17 22:27:27'),(876,'Que esta lleno de verdades',219,2,'2017-05-17 22:27:27','2017-05-17 22:27:27'),(877,'Sonido',220,2,'2017-05-17 22:28:21','2017-05-17 22:28:21'),(878,'Signo',220,1,'2017-05-17 22:28:21','2017-05-17 22:28:21'),(879,'Anuncio',220,2,'2017-05-17 22:28:21','2017-05-17 22:28:21'),(880,'Imagen',220,2,'2017-05-17 22:28:21','2017-05-17 22:28:21'),(881,'Metáfora',221,1,'2017-05-17 22:29:45','2017-05-17 22:29:45'),(882,'Metonimia',221,1,'2017-05-17 22:29:45','2017-05-17 22:29:45'),(883,'Sinécdoque',221,1,'2017-05-17 22:29:45','2017-05-17 22:29:45'),(884,'Figuras retoricas',221,2,'2017-05-17 22:29:46','2017-05-17 22:29:46'),(885,'Punto',222,2,'2017-05-17 22:34:35','2017-05-17 22:34:35'),(886,'Sema',222,1,'2017-05-17 22:34:36','2017-05-17 22:34:36'),(887,'Repetición',222,2,'2017-05-17 22:34:36','2017-05-17 22:34:36'),(888,'Metáfora',222,2,'2017-05-17 22:34:36','2017-05-17 22:34:36'),(889,'Hipérbole',223,2,'2017-05-17 22:35:26','2017-05-17 22:35:26'),(890,'Metáfora',223,2,'2017-05-17 22:35:26','2017-05-17 22:35:26'),(891,'Repetición',223,1,'2017-05-17 22:35:27','2017-05-17 22:35:27'),(892,'Prosopopeya ',223,2,'2017-05-17 22:35:27','2017-05-17 22:35:27'),(893,'Repetición',224,2,'2017-05-17 22:37:06','2017-05-17 22:37:06'),(894,'Hipérbole',224,2,'2017-05-17 22:37:06','2017-05-17 22:37:06'),(895,'Metáfora',224,2,'2017-05-17 22:37:06','2017-05-17 22:37:06'),(896,'Prosopopeya',224,1,'2017-05-17 22:37:06','2017-05-17 22:37:06'),(897,'Hipérbole',225,2,'2017-05-17 22:38:31','2017-05-17 22:38:31'),(898,'Prosopopeya',225,2,'2017-05-17 22:38:31','2017-05-17 22:38:31'),(899,'Repetición',225,2,'2017-05-17 22:38:31','2017-05-17 22:38:31'),(900,'La Metáfora',225,1,'2017-05-17 22:38:31','2017-05-17 22:38:31'),(901,'Prosopopeya',226,2,'2017-05-17 22:39:38','2017-05-17 22:39:38'),(902,'Repetición',226,2,'2017-05-17 22:39:39','2017-05-17 22:39:39'),(903,'Hipérbole',226,1,'2017-05-17 22:39:39','2017-05-17 22:39:39'),(904,'Metáfora',226,2,'2017-05-17 22:39:39','2017-05-17 22:39:39'),(905,'De manera potencial',227,2,'2017-06-07 06:56:01','2017-06-07 06:56:01'),(906,'De manera estética',227,2,'2017-06-07 06:56:01','2017-06-07 06:56:01'),(907,'De desarrollo cultural y social ',227,2,'2017-06-07 06:56:01','2017-06-07 06:56:01'),(908,'De desarrollo cultural y social',227,1,'2017-06-07 06:56:01','2017-06-07 06:56:01'),(909,'Imágenes visuales inconexas',228,1,'2017-06-07 07:01:35','2017-06-07 07:01:35'),(910,'Sonidos sonoros ',228,2,'2017-06-07 07:01:35','2017-06-07 07:01:35'),(911,'Rostros',228,2,'2017-06-07 07:01:35','2017-06-07 07:01:35'),(912,'Información',228,2,'2017-06-07 07:01:35','2017-06-07 07:01:35'),(913,'Consiste en la construcción del discurso educativo en la imagen',229,1,'2017-06-07 07:04:29','2017-06-07 07:04:29'),(914,'Consiste en establecer las reglas del salón de clases',229,2,'2017-06-07 07:04:29','2017-06-07 07:04:29'),(915,'Consiste en la construcción del discurso educativo de los sonidos',229,2,'2017-06-07 07:04:29','2017-06-07 07:04:29'),(916,'Consiste en entender a los alumnos',229,2,'2017-06-07 07:04:29','2017-06-07 07:04:29'),(917,'Composición fuera de la imagen',230,2,'2017-06-07 07:06:13','2017-06-07 07:06:13'),(918,'Composición dentro de un cuadro ',230,2,'2017-06-07 07:06:13','2017-06-07 07:06:13'),(919,'Composición de la imagen',230,2,'2017-06-07 07:06:13','2017-06-07 07:06:13'),(920,'Composición dentro de una imagen',230,1,'2017-06-07 07:06:14','2017-06-07 07:06:14'),(921,'El universo sonoro',231,2,'2017-06-07 07:07:21','2017-06-07 07:07:21'),(922,'La naturaleza',231,2,'2017-06-07 07:07:21','2017-06-07 07:07:21'),(923,'La grandeza y su perdición',231,1,'2017-06-07 07:07:21','2017-06-07 07:07:21'),(924,'La vida',231,2,'2017-06-07 07:07:21','2017-06-07 07:07:21'),(925,'Las imágenes',232,1,'2017-06-07 07:08:27','2017-06-07 07:08:27'),(926,'El aula',232,2,'2017-06-07 07:08:27','2017-06-07 07:08:27'),(927,'Los textos',232,2,'2017-06-07 07:08:27','2017-06-07 07:08:27'),(928,'Los colores',232,2,'2017-06-07 07:08:27','2017-06-07 07:08:27'),(929,'La percepción ',233,2,'2017-06-07 07:09:27','2017-06-07 07:09:27'),(930,'La educación',233,2,'2017-06-07 07:09:27','2017-06-07 07:09:27'),(931,'El cine',233,2,'2017-06-07 07:09:27','2017-06-07 07:09:27'),(932,'La imagen ',233,1,'2017-06-07 07:09:27','2017-06-07 07:09:27'),(933,'Colores',234,1,'2017-06-07 07:10:28','2017-06-07 07:10:28'),(934,'Los límites del marco de la imagen ',234,2,'2017-06-07 07:10:28','2017-06-07 07:10:28'),(935,'Arte ',234,2,'2017-06-07 07:10:28','2017-06-07 07:10:28'),(936,'Misterios de la vida',234,2,'2017-06-07 07:10:28','2017-06-07 07:10:28'),(937,'Por el desarrollo cultural ',235,2,'2017-06-07 07:11:42','2017-06-07 07:11:42'),(938,'Por su potencia',235,2,'2017-06-07 07:11:42','2017-06-07 07:11:42'),(939,'Por su significado único y de varias posibilidades de significado',235,1,'2017-06-07 07:11:42','2017-06-07 07:11:42'),(940,'Por su punto de vista educativo',235,2,'2017-06-07 07:11:42','2017-06-07 07:11:42'),(941,'Nuestro idioma ',236,2,'2017-06-07 07:12:49','2017-06-07 07:12:49'),(942,'La lectura de la imagen',236,2,'2017-06-07 07:12:49','2017-06-07 07:12:49'),(943,'Imagen poética o artística',236,1,'2017-06-07 07:12:49','2017-06-07 07:12:49'),(944,'La formación',236,2,'2017-06-07 07:12:49','2017-06-07 07:12:49'),(945,'Cultural',237,2,'2017-06-07 07:13:36','2017-06-07 07:13:36'),(946,'Optima',237,2,'2017-06-07 07:13:37','2017-06-07 07:13:37'),(947,'Pragmática',237,1,'2017-06-07 07:13:37','2017-06-07 07:13:37'),(948,'Dinámica',237,2,'2017-06-07 07:13:37','2017-06-07 07:13:37'),(949,'Educar para la imagen',238,2,'2017-06-07 07:14:31','2017-06-07 07:14:31'),(950,'Asociar imágenes',238,2,'2017-06-07 07:14:31','2017-06-07 07:14:31'),(951,'cosas imaginarias',238,2,'2017-06-07 07:14:31','2017-06-07 07:14:31'),(952,'Estratégicos y didácticos',238,1,'2017-06-07 07:14:31','2017-06-07 07:14:31'),(953,'El arte',239,2,'2017-06-07 07:15:17','2017-06-07 07:15:17'),(954,'La interpretación',239,2,'2017-06-07 07:15:17','2017-06-07 07:15:17'),(955,'La convicción y la reflexión',239,1,'2017-06-07 07:15:17','2017-06-07 07:15:17'),(956,'La creatividad',239,2,'2017-06-07 07:15:17','2017-06-07 07:15:17'),(957,'Códigos y símbolos',240,2,'2017-06-07 07:16:04','2017-06-07 07:16:04'),(958,'Cultura',240,2,'2017-06-07 07:16:04','2017-06-07 07:16:04'),(959,'Creaciones humanas',240,1,'2017-06-07 07:16:04','2017-06-07 07:16:04'),(960,'Modalidad',240,2,'2017-06-07 07:16:04','2017-06-07 07:16:04'),(961,'Creativa y llamativa',241,2,'2017-06-07 07:16:47','2017-06-07 07:16:47'),(962,'Insustituible',241,1,'2017-06-07 07:16:47','2017-06-07 07:16:47'),(963,'Educativa',241,2,'2017-06-07 07:16:47','2017-06-07 07:16:47'),(964,'Cultural',241,2,'2017-06-07 07:16:47','2017-06-07 07:16:47'),(965,'De manera potencial',242,2,'2017-06-07 07:19:27','2017-06-07 07:19:27'),(966,'De manera estética',242,2,'2017-06-07 07:19:27','2017-06-07 07:19:27'),(967,'De desarrollo cultural y social ',242,2,'2017-06-07 07:19:27','2017-06-07 07:19:27'),(968,'De desarrollo cultural y social ',242,1,'2017-06-07 07:19:27','2017-06-07 07:19:27'),(969,'Consiste en la construcción del discurso educativo en la imagen ',243,1,'2017-06-07 07:21:33','2017-06-07 07:21:33'),(970,'Consiste en establecer las reglas del salón de clases',243,2,'2017-06-07 07:21:33','2017-06-07 07:21:33'),(971,'Consiste en la construcción del discurso educativo de los sonidos',243,2,'2017-06-07 07:21:33','2017-06-07 07:21:33'),(972,'Consiste en entender a los alumnos',243,2,'2017-06-07 07:21:33','2017-06-07 07:21:33'),(973,'Composición fuera de la imagen',244,2,'2017-06-07 07:22:12','2017-06-07 07:22:12'),(974,'Composición dentro de un cuadro ',244,2,'2017-06-07 07:22:12','2017-06-07 07:22:12'),(975,'Composición de la imagen',244,2,'2017-06-07 07:22:12','2017-06-07 07:22:12'),(976,'Composición dentro de una imagen',244,1,'2017-06-07 07:22:12','2017-06-07 07:22:12'),(977,'El universo sonoro ',245,2,'2017-06-07 07:22:56','2017-06-07 07:22:56'),(978,'La naturaleza',245,2,'2017-06-07 07:22:56','2017-06-07 07:22:56'),(979,'La grandeza y su perdición',245,1,'2017-06-07 07:22:56','2017-06-07 07:22:56'),(980,'La vida',245,2,'2017-06-07 07:22:56','2017-06-07 07:22:56'),(981,'El aula',246,2,'2017-06-07 07:25:27','2017-06-07 07:25:27'),(982,'Los textos',246,2,'2017-06-07 07:25:27','2017-06-07 07:25:27'),(983,'Las imágenes',246,1,'2017-06-07 07:25:27','2017-06-07 07:25:27'),(984,'Los colores',246,2,'2017-06-07 07:25:27','2017-06-07 07:25:27'),(985,'La percepción ',247,2,'2017-06-07 07:26:11','2017-06-07 07:26:11'),(986,'El cine',247,2,'2017-06-07 07:26:11','2017-06-07 07:26:11'),(987,'La percepción ',247,2,'2017-06-07 07:26:11','2017-06-07 07:26:11'),(988,'La imagen ',247,1,'2017-06-07 07:26:11','2017-06-07 07:26:11'),(989,'Colores',248,2,'2017-06-07 07:26:53','2017-06-07 07:26:53'),(990,'Arte',248,2,'2017-06-07 07:26:54','2017-06-07 07:26:54'),(991,'Los límites del marco de la imagen ',248,1,'2017-06-07 07:26:54','2017-06-07 07:26:54'),(992,'Misterios de la vida',248,2,'2017-06-07 07:26:54','2017-06-07 07:26:54'),(993,'Por el desarrollo cultural ',249,2,'2017-06-07 07:27:33','2017-06-07 07:27:33'),(994,'Por su potencia',249,2,'2017-06-07 07:27:34','2017-06-07 07:27:34'),(995,'Por su punto de vista educativo',249,2,'2017-06-07 07:27:34','2017-06-07 07:27:34'),(996,'Por su significado único y de varias posibilidades de significado',249,1,'2017-06-07 07:27:34','2017-06-07 07:27:34'),(997,'Nuestro idioma ',250,2,'2017-06-07 07:28:09','2017-06-07 07:28:09'),(998,'Imagen poética o artística',250,1,'2017-06-07 07:28:09','2017-06-07 07:28:09'),(999,'La lectura de la imagen',250,2,'2017-06-07 07:28:09','2017-06-07 07:28:09'),(1000,'La formación',250,2,'2017-06-07 07:28:09','2017-06-07 07:28:09'),(1001,'Pragmática',251,1,'2017-06-07 07:28:49','2017-06-07 07:28:49'),(1002,'Cultural',251,2,'2017-06-07 07:28:49','2017-06-07 07:28:49'),(1003,'Optima',251,2,'2017-06-07 07:28:49','2017-06-07 07:28:49'),(1004,'Dinámica',251,2,'2017-06-07 07:28:49','2017-06-07 07:28:49'),(1005,'Educar para la imagen',252,2,'2017-06-07 07:29:27','2017-06-07 07:29:27'),(1006,'Asociar imágenes',252,2,'2017-06-07 07:29:27','2017-06-07 07:29:27'),(1007,'cosas imaginarias',252,2,'2017-06-07 07:29:27','2017-06-07 07:29:27'),(1008,'Estratégicos y didácticos',252,1,'2017-06-07 07:29:27','2017-06-07 07:29:27'),(1009,'El arte',253,2,'2017-06-07 07:30:05','2017-06-07 07:30:05'),(1010,'La interpretación',253,2,'2017-06-07 07:30:05','2017-06-07 07:30:05'),(1011,'La convicción y la reflexión',253,1,'2017-06-07 07:30:05','2017-06-07 07:30:05'),(1012,'La creatividad',253,2,'2017-06-07 07:30:05','2017-06-07 07:30:05'),(1013,'Creaciones humanas',254,1,'2017-06-07 07:30:40','2017-06-07 07:30:40'),(1014,'Códigos y símbolos',254,2,'2017-06-07 07:30:40','2017-06-07 07:30:40'),(1015,'Cultura',254,2,'2017-06-07 07:30:40','2017-06-07 07:30:40'),(1016,'Modalidad',254,2,'2017-06-07 07:30:40','2017-06-07 07:30:40'),(1017,'De manera potencial',255,2,'2017-06-07 07:32:25','2017-06-07 07:32:25'),(1018,'De manera estética',255,2,'2017-06-07 07:32:25','2017-06-07 07:32:25'),(1019,'De desarrollo cultural y social ',255,1,'2017-06-07 07:32:25','2017-06-07 07:32:25'),(1020,'De manera psicologica',255,2,'2017-06-07 07:32:25','2017-06-07 07:32:25'),(1021,'Empatía e identificación ',256,2,'2017-06-07 07:33:03','2017-06-07 07:33:03'),(1022,'Capacidad para esquematizar',256,1,'2017-06-07 07:33:03','2017-06-07 07:33:03'),(1023,'La construcción',256,2,'2017-06-07 07:33:03','2017-06-07 07:33:03'),(1024,'Nuestras emociones',256,2,'2017-06-07 07:33:04','2017-06-07 07:33:04'),(1025,'Consiste en la construcción del discurso educativo en la imagen ',257,1,'2017-06-07 07:33:51','2017-06-07 07:33:51'),(1026,'Consiste en establecer las reglas del salón de clases',257,2,'2017-06-07 07:33:51','2017-06-07 07:33:51'),(1027,'Consiste en la construcción del discurso educativo de los sonidos',257,2,'2017-06-07 07:33:51','2017-06-07 07:33:51'),(1028,'Consiste en entender a los alumnos',257,2,'2017-06-07 07:33:51','2017-06-07 07:33:51'),(1029,'Composición fuera de la imagen',258,2,'2017-06-07 07:34:36','2017-06-07 07:34:36'),(1030,'Composición dentro de un cuadro ',258,2,'2017-06-07 07:34:36','2017-06-07 07:34:36'),(1031,'Composición de la imagen',258,2,'2017-06-07 07:34:36','2017-06-07 07:34:36'),(1032,'Composición dentro de una imagen',258,1,'2017-06-07 07:34:36','2017-06-07 07:34:36'),(1033,'El universo sonoro ',259,2,'2017-06-07 07:35:13','2017-06-07 07:35:13'),(1034,'La naturaleza',259,2,'2017-06-07 07:35:13','2017-06-07 07:35:13'),(1035,'La grandeza y su perdición',259,1,'2017-06-07 07:35:13','2017-06-07 07:35:13'),(1036,'La vida',259,2,'2017-06-07 07:35:13','2017-06-07 07:35:13'),(1037,'Las imágenes',260,1,'2017-06-07 07:35:48','2017-06-07 07:35:48'),(1038,'El aula',260,2,'2017-06-07 07:35:48','2017-06-07 07:35:48'),(1039,'Los textos',260,2,'2017-06-07 07:35:48','2017-06-07 07:35:48'),(1040,'Los colores',260,2,'2017-06-07 07:35:48','2017-06-07 07:35:48'),(1041,'La percepción ',261,2,'2017-06-07 07:36:34','2017-06-07 07:36:34'),(1042,'El cine',261,2,'2017-06-07 07:36:34','2017-06-07 07:36:34'),(1043,'El arte',261,2,'2017-06-07 07:36:34','2017-06-07 07:36:34'),(1044,'La imagen',261,1,'2017-06-07 07:36:34','2017-06-07 07:36:34'),(1045,'Colores',262,2,'2017-06-07 07:37:17','2017-06-07 07:37:17'),(1046,'Los límites del marco de la imagen',262,1,'2017-06-07 07:37:17','2017-06-07 07:37:17'),(1047,'Arte ',262,2,'2017-06-07 07:37:17','2017-06-07 07:37:17'),(1048,'Misterios de la vida',262,2,'2017-06-07 07:37:17','2017-06-07 07:37:17'),(1049,'Por el desarrollo cultural ',263,2,'2017-06-07 07:37:53','2017-06-07 07:37:53'),(1050,'Por su potencia',263,2,'2017-06-07 07:37:54','2017-06-07 07:37:54'),(1051,'Por su significado único y de varias posibilidades de significado',263,1,'2017-06-07 07:37:54','2017-06-07 07:37:54'),(1052,'Por su punto de vista educativo',263,2,'2017-06-07 07:37:54','2017-06-07 07:37:54'),(1053,'Nuestro idioma ',264,2,'2017-06-07 07:38:27','2017-06-07 07:38:27'),(1054,'La lectura de la imagen',264,2,'2017-06-07 07:38:27','2017-06-07 07:38:27'),(1055,'Imagen poética o artística',264,1,'2017-06-07 07:38:27','2017-06-07 07:38:27'),(1056,'La formación',264,2,'2017-06-07 07:38:27','2017-06-07 07:38:27'),(1057,'Pragmática',265,1,'2017-06-07 07:38:58','2017-06-07 07:38:58'),(1058,'Cultural',265,2,'2017-06-07 07:38:58','2017-06-07 07:38:58'),(1059,'Optima',265,2,'2017-06-07 07:38:58','2017-06-07 07:38:58'),(1060,'Dinámica',265,2,'2017-06-07 07:38:58','2017-06-07 07:38:58'),(1061,'Educar para la imagen',266,2,'2017-06-07 07:39:32','2017-06-07 07:39:32'),(1062,'Asociar imágenes',266,2,'2017-06-07 07:39:33','2017-06-07 07:39:33'),(1063,'cosas imaginarias',266,2,'2017-06-07 07:39:33','2017-06-07 07:39:33'),(1064,'Estratégicos y didácticos',266,1,'2017-06-07 07:39:33','2017-06-07 07:39:33'),(1065,'Creaciones humanas',267,1,'2017-06-07 07:40:18','2017-06-07 07:40:18'),(1066,'Códigos y símbolos',267,2,'2017-06-07 07:40:18','2017-06-07 07:40:18'),(1067,'Cultura',267,2,'2017-06-07 07:40:18','2017-06-07 07:40:18'),(1068,'Modalidad',267,2,'2017-06-07 07:40:18','2017-06-07 07:40:18'),(1069,'Peso muerto',268,2,'2017-06-07 07:43:30','2017-06-07 07:43:30'),(1070,'Contrapeso ',268,1,'2017-06-07 07:43:30','2017-06-07 07:43:30'),(1071,'Fuerza',268,2,'2017-06-07 07:43:30','2017-06-07 07:43:30'),(1072,'Líneas de tensión',268,2,'2017-06-07 07:43:30','2017-06-07 07:43:30'),(1073,'La pintura ',269,1,'2017-06-07 07:44:59','2017-06-07 07:44:59'),(1074,'El arte',269,2,'2017-06-07 07:44:59','2017-06-07 07:44:59'),(1075,'La música',269,2,'2017-06-07 07:44:59','2017-06-07 07:44:59'),(1076,'Las obras de teatro',269,2,'2017-06-07 07:44:59','2017-06-07 07:44:59'),(1077,'Diversidad ',270,2,'2017-06-07 07:45:53','2017-06-07 07:45:53'),(1078,'Ilustración ',270,2,'2017-06-07 07:45:53','2017-06-07 07:45:53'),(1079,'Actividad cerebral',270,2,'2017-06-07 07:45:53','2017-06-07 07:45:53'),(1080,'Composición',270,1,'2017-06-07 07:45:53','2017-06-07 07:45:53'),(1081,'La revisión',271,2,'2017-06-07 07:46:30','2017-06-07 07:46:30'),(1082,'El significado de la obra',271,2,'2017-06-07 07:46:30','2017-06-07 07:46:30'),(1083,'La formación de los pintores',271,2,'2017-06-07 07:46:30','2017-06-07 07:46:30'),(1084,'El aprendizaje de una lengua',271,1,'2017-06-07 07:46:31','2017-06-07 07:46:31'),(1085,'La ilustración ',272,2,'2017-06-07 07:47:38','2017-06-07 07:47:38'),(1086,'La percepción',272,2,'2017-06-07 07:47:38','2017-06-07 07:47:38'),(1087,'La comunicación',272,2,'2017-06-07 07:47:38','2017-06-07 07:47:38'),(1088,'La composición',272,1,'2017-06-07 07:47:38','2017-06-07 07:47:38'),(1089,'La visión y división',273,2,'2017-06-07 07:48:26','2017-06-07 07:48:26'),(1090,'Superior e inferior',273,1,'2017-06-07 07:48:26','2017-06-07 07:48:26'),(1091,'Convicción y reflexión',273,2,'2017-06-07 07:48:26','2017-06-07 07:48:26'),(1092,'Estratégicos y didácticos',273,2,'2017-06-07 07:48:26','2017-06-07 07:48:26'),(1093,'Distribución ',274,2,'2017-06-07 07:49:02','2017-06-07 07:49:02'),(1094,'Composición',274,2,'2017-06-07 07:49:02','2017-06-07 07:49:02'),(1095,'Artes plásticas',274,1,'2017-06-07 07:49:02','2017-06-07 07:49:02'),(1096,'Culturas mesoamericanas ',274,2,'2017-06-07 07:49:02','2017-06-07 07:49:02'),(1097,'De acuerdo a un plan iconográfico ',275,1,'2017-06-07 07:50:02','2017-06-07 07:50:02'),(1098,'De acuerdo al orden en la naturaleza',275,2,'2017-06-07 07:50:02','2017-06-07 07:50:02'),(1099,'De acuerdo a su proporción',275,2,'2017-06-07 07:50:02','2017-06-07 07:50:02'),(1100,'De acuerdo a la explicación',275,2,'2017-06-07 07:50:02','2017-06-07 07:50:02'),(1101,'Sucesión analítica',276,2,'2017-06-07 07:50:38','2017-06-07 07:50:38'),(1102,'Sucesión matemática determinada',276,1,'2017-06-07 07:50:38','2017-06-07 07:50:38'),(1103,'Sucesión física',276,2,'2017-06-07 07:50:38','2017-06-07 07:50:38'),(1104,'Sucesión histórica',276,2,'2017-06-07 07:50:38','2017-06-07 07:50:38'),(1105,'Su educación visual',277,2,'2017-06-07 07:51:20','2017-06-07 07:51:20'),(1106,'Su postura erguida ',277,1,'2017-06-07 07:51:20','2017-06-07 07:51:20'),(1107,'Su visión ',277,2,'2017-06-07 07:51:21','2017-06-07 07:51:21'),(1108,'Su misterio',277,2,'2017-06-07 07:51:21','2017-06-07 07:51:21'),(1109,'Por una ilustración',278,2,'2017-06-07 07:52:09','2017-06-07 07:52:09'),(1110,'Por su estabilidad',278,2,'2017-06-07 07:52:10','2017-06-07 07:52:10'),(1111,'Por un triangulo',278,1,'2017-06-07 07:52:10','2017-06-07 07:52:10'),(1112,'Por su distribución',278,2,'2017-06-07 07:52:10','2017-06-07 07:52:10'),(1113,'La pintura ',279,1,'2017-06-07 07:53:02','2017-06-07 07:53:02'),(1114,'El arte',279,2,'2017-06-07 07:53:02','2017-06-07 07:53:02'),(1115,'La música',279,2,'2017-06-07 07:53:02','2017-06-07 07:53:02'),(1116,'Las obras de teatro',279,2,'2017-06-07 07:53:02','2017-06-07 07:53:02'),(1117,'Diversidad ',280,2,'2017-06-07 07:53:33','2017-06-07 07:53:33'),(1118,'Ilustración ',280,2,'2017-06-07 07:53:33','2017-06-07 07:53:33'),(1119,'Actividad cerebral',280,2,'2017-06-07 07:53:33','2017-06-07 07:53:33'),(1120,'Composición',280,1,'2017-06-07 07:53:33','2017-06-07 07:53:33'),(1121,'La revisión',281,2,'2017-06-07 07:54:12','2017-06-07 07:54:12'),(1122,'El significado de la obra',281,2,'2017-06-07 07:54:12','2017-06-07 07:54:12'),(1123,'La formación de los pintores',281,2,'2017-06-07 07:54:12','2017-06-07 07:54:12'),(1124,'El aprendizaje de una lengua',281,1,'2017-06-07 07:54:12','2017-06-07 07:54:12'),(1125,'La ilustración ',282,2,'2017-06-07 07:54:47','2017-06-07 07:54:47'),(1126,'La percepción',282,2,'2017-06-07 07:54:47','2017-06-07 07:54:47'),(1127,'La comunicación',282,2,'2017-06-07 07:54:47','2017-06-07 07:54:47'),(1128,'La composición',282,1,'2017-06-07 07:54:47','2017-06-07 07:54:47'),(1129,'La visión y división',283,2,'2017-06-07 07:55:17','2017-06-07 07:55:17'),(1130,'Superior e inferior',283,1,'2017-06-07 07:55:17','2017-06-07 07:55:17'),(1131,'Convicción y reflexión',283,2,'2017-06-07 07:55:17','2017-06-07 07:55:17'),(1132,'Estratégicos y didácticos',283,2,'2017-06-07 07:55:17','2017-06-07 07:55:17'),(1133,'Distribución ',284,2,'2017-06-07 07:56:00','2017-06-07 07:56:00'),(1134,'Composición',284,2,'2017-06-07 07:56:00','2017-06-07 07:56:00'),(1135,'Artes plásticas',284,1,'2017-06-07 07:56:00','2017-06-07 07:56:00'),(1136,'Culturas mesoamericanas ',284,2,'2017-06-07 07:56:00','2017-06-07 07:56:00'),(1137,'De acuerdo a un plan iconográfico ',285,1,'2017-06-07 07:56:34','2017-06-07 07:56:34'),(1138,'De acuerdo al orden en la naturaleza',285,2,'2017-06-07 07:56:34','2017-06-07 07:56:34'),(1139,'De acuerdo a su proporción',285,2,'2017-06-07 07:56:34','2017-06-07 07:56:34'),(1140,'De acuerdo a la explicación',285,2,'2017-06-07 07:56:34','2017-06-07 07:56:34'),(1141,'Sucesión analítica',286,2,'2017-06-07 07:57:11','2017-06-07 07:57:11'),(1142,'Sucesión matemática determinada',286,1,'2017-06-07 07:57:11','2017-06-07 07:57:11'),(1143,'Sucesión física',286,2,'2017-06-07 07:57:11','2017-06-07 07:57:11'),(1144,'Sucesión histórica',286,2,'2017-06-07 07:57:11','2017-06-07 07:57:11'),(1145,'Su educación visual',287,2,'2017-06-07 07:57:42','2017-06-07 07:57:42'),(1146,'Su postura erguida ',287,1,'2017-06-07 07:57:42','2017-06-07 07:57:42'),(1147,'Su visión',287,2,'2017-06-07 07:57:42','2017-06-07 07:58:09'),(1148,'Su misterio',287,2,'2017-06-07 07:57:42','2017-06-07 07:57:42'),(1149,'Por una ilustración',288,2,'2017-06-07 07:58:49','2017-06-07 07:58:49'),(1150,'Por su estabilidad',288,2,'2017-06-07 07:58:49','2017-06-07 07:58:49'),(1151,'Por un triangulo',288,1,'2017-06-07 07:58:49','2017-06-07 07:58:49'),(1152,'Por su distribución',288,2,'2017-06-07 07:58:49','2017-06-07 07:58:49'),(1153,'Como un recurso expresivo',289,1,'2017-06-07 07:59:35','2017-06-07 07:59:35'),(1154,'Para educar de manera visual',289,2,'2017-06-07 07:59:36','2017-06-07 07:59:36'),(1155,'Para tener una división',289,2,'2017-06-07 07:59:36','2017-06-07 07:59:36'),(1156,'Para tener una representación icónica ',289,2,'2017-06-07 07:59:36','2017-06-07 07:59:36'),(1157,'Como un recurso expresivo',290,1,'2017-06-07 08:00:18','2017-06-07 08:00:18'),(1158,'Para educar de manera visual',290,2,'2017-06-07 08:00:18','2017-06-07 08:00:18'),(1159,'Para tener una división',290,2,'2017-06-07 08:00:19','2017-06-07 08:00:19'),(1160,'Para tener una representación icónica ',290,2,'2017-06-07 08:00:19','2017-06-07 08:00:19'),(1161,'Por una ilustración',291,2,'2017-06-07 08:00:51','2017-06-07 08:00:51'),(1162,'Por su estabilidad',291,2,'2017-06-07 08:00:51','2017-06-07 08:00:51'),(1163,'Por un triangulo',291,1,'2017-06-07 08:00:51','2017-06-07 08:00:51'),(1164,'Por su distribución',291,2,'2017-06-07 08:00:51','2017-06-07 08:00:51'),(1165,'Su educación visual',292,2,'2017-06-07 08:01:27','2017-06-07 08:01:27'),(1166,'Su postura erguida ',292,1,'2017-06-07 08:01:27','2017-06-07 08:01:27'),(1167,'Su visión ',292,2,'2017-06-07 08:01:28','2017-06-07 08:01:28'),(1168,'Su misterio',292,2,'2017-06-07 08:01:28','2017-06-07 08:01:28'),(1169,'Sucesión analítica',293,2,'2017-06-07 08:02:07','2017-06-07 08:02:07'),(1170,'Sucesión matemática determinada',293,1,'2017-06-07 08:02:07','2017-06-07 08:02:07'),(1171,'Sucesión física',293,2,'2017-06-07 08:02:07','2017-06-07 08:02:07'),(1172,'Sucesión histórica',293,2,'2017-06-07 08:02:07','2017-06-07 08:02:07'),(1173,'De acuerdo a un plan iconográfico ',294,1,'2017-06-07 08:02:40','2017-06-07 08:02:40'),(1174,'De acuerdo al orden en la naturaleza',294,2,'2017-06-07 08:02:40','2017-06-07 08:02:40'),(1175,'De acuerdo a su proporción',294,2,'2017-06-07 08:02:40','2017-06-07 08:02:40'),(1176,'De acuerdo a la explicación',294,2,'2017-06-07 08:02:40','2017-06-07 08:02:40'),(1177,'Distribución ',295,2,'2017-06-07 08:03:55','2017-06-07 08:03:55'),(1178,'Composición',295,2,'2017-06-07 08:03:55','2017-06-07 08:03:55'),(1179,'Artes plásticas',295,1,'2017-06-07 08:03:55','2017-06-07 08:03:55'),(1180,'Culturas mesoamericanas ',295,2,'2017-06-07 08:03:55','2017-06-07 08:03:55'),(1181,'La visión y división',296,2,'2017-06-07 08:04:30','2017-06-07 08:04:30'),(1182,'Superior e inferior',296,1,'2017-06-07 08:04:30','2017-06-07 08:04:30'),(1183,'Convicción y reflexión',296,2,'2017-06-07 08:04:30','2017-06-07 08:04:30'),(1184,'Estratégicos y didácticos',296,2,'2017-06-07 08:04:30','2017-06-07 08:04:30'),(1185,'La ilustración ',297,2,'2017-06-07 08:05:04','2017-06-07 08:05:04'),(1186,'La percepción',297,2,'2017-06-07 08:05:04','2017-06-07 08:05:04'),(1187,'La comunicación',297,2,'2017-06-07 08:05:04','2017-06-07 08:05:04'),(1188,'La composición',297,1,'2017-06-07 08:05:04','2017-06-07 08:05:04'),(1189,'La revisión',298,2,'2017-06-07 08:05:38','2017-06-07 08:05:38'),(1190,'El significado de la obra',298,2,'2017-06-07 08:05:38','2017-06-07 08:05:38'),(1191,'La formación de los pintores',298,2,'2017-06-07 08:05:38','2017-06-07 08:05:38'),(1192,'El aprendizaje de una lengua',298,1,'2017-06-07 08:05:38','2017-06-07 08:05:38'),(1193,'Diversidad ',299,2,'2017-06-07 08:06:06','2017-06-07 08:06:06'),(1194,'Ilustración ',299,2,'2017-06-07 08:06:06','2017-06-07 08:06:06'),(1195,'Actividad cerebral',299,2,'2017-06-07 08:06:06','2017-06-07 08:06:06'),(1196,'Composición',299,1,'2017-06-07 08:06:06','2017-06-07 08:06:06'),(1197,'La pintura ',300,1,'2017-06-07 08:06:34','2017-06-07 08:06:34'),(1198,'El arte',300,2,'2017-06-07 08:06:34','2017-06-07 08:06:34'),(1199,'La música',300,2,'2017-06-07 08:06:34','2017-06-07 08:06:34'),(1200,'Las obras de teatro',300,2,'2017-06-07 08:06:34','2017-06-07 08:06:34'),(1201,'John Herschel',301,1,'2017-06-07 08:12:41','2017-06-07 08:12:41'),(1202,'Louis Jacques Mandé Daguerre ',301,2,'2017-06-07 08:12:41','2017-06-07 08:12:41'),(1203,'Johann-Henrich Schulze',301,2,'2017-06-07 08:12:41','2017-06-07 08:12:41'),(1204,'Josef-Max Petzval ',301,2,'2017-06-07 08:12:41','2017-06-07 08:12:41'),(1205,'Sulfato',302,2,'2017-06-07 08:13:17','2017-06-07 08:13:17'),(1206,'Fosfato',302,2,'2017-06-07 08:13:17','2017-06-07 08:13:17'),(1207,'Yodo',302,1,'2017-06-07 08:13:18','2017-06-07 08:13:18'),(1208,'Vidrio',302,2,'2017-06-07 08:13:18','2017-06-07 08:13:18'),(1209,'Henry Fox Talbot ',303,2,'2017-06-07 08:13:54','2017-06-07 08:13:54'),(1210,'Josef-Max Petzval',303,1,'2017-06-07 08:13:54','2017-06-07 08:13:54'),(1211,'Hypolite Bayard',303,2,'2017-06-07 08:13:54','2017-06-07 08:13:54'),(1212,'Louis Jacques Mandé Daguerre ',303,2,'2017-06-07 08:13:54','2017-06-07 08:13:54'),(1213,'Hypolite Bayard ',304,1,'2017-06-07 08:14:37','2017-06-07 08:14:37'),(1214,'Henry Fox Talbot ',304,2,'2017-06-07 08:14:37','2017-06-07 08:14:37'),(1215,'Louis Jacques Mandé Daguerre ',304,2,'2017-06-07 08:14:37','2017-06-07 08:14:37'),(1216,'Josef-Max Petzval',304,2,'2017-06-07 08:14:37','2017-06-07 08:14:37'),(1217,'Toma diagonal de derecha a izquierda ',305,2,'2017-06-07 08:15:14','2017-06-07 08:15:14'),(1218,'Sin angulación alguna',305,1,'2017-06-07 08:15:14','2017-06-07 08:15:14'),(1219,'Toma del sujeto de arriba abajo',305,2,'2017-06-07 08:15:14','2017-06-07 08:15:14'),(1220,'Toma de los sujetos abajo',305,2,'2017-06-07 08:15:14','2017-06-07 08:15:14'),(1221,'Toma del sujeto de abajo arriba ',306,1,'2017-06-07 08:15:50','2017-06-07 08:15:50'),(1222,'Toma diagonal de izquierda a derecha',306,2,'2017-06-07 08:15:50','2017-06-07 08:15:50'),(1223,'Toma sin angulación alguna',306,2,'2017-06-07 08:15:51','2017-06-07 08:15:51'),(1224,'Toma sin angulo',306,2,'2017-06-07 08:15:51','2017-06-07 08:15:51'),(1225,'Janssen ',307,1,'2017-06-07 08:16:28','2017-06-07 08:16:28'),(1226,'Jhon J. ',307,2,'2017-06-07 08:16:28','2017-06-07 08:16:28'),(1227,'Fhelpe M.',307,2,'2017-06-07 08:16:28','2017-06-07 08:16:28'),(1228,'Hypolite Bayard ',307,2,'2017-06-07 08:16:28','2017-06-07 08:16:28'),(1229,'Eastman Kodak ',308,1,'2017-06-07 08:17:06','2017-06-07 08:17:06'),(1230,'Kingston ',308,2,'2017-06-07 08:17:06','2017-06-07 08:17:06'),(1231,'Toyota',308,2,'2017-06-07 08:17:07','2017-06-07 08:17:07'),(1232,'Samsung',308,2,'2017-06-07 08:17:07','2017-06-07 08:17:07'),(1233,'Las imágenes fijas y el video',309,2,'2017-06-07 08:17:41','2017-06-07 08:17:41'),(1234,'Las imágenes fijas o en movimiento',309,1,'2017-06-07 08:17:41','2017-06-07 08:17:41'),(1235,'Las imágenes',309,2,'2017-06-07 08:17:41','2017-06-07 08:17:41'),(1236,'Las imágenes repetidas o en movimiento ',309,2,'2017-06-07 08:17:41','2017-06-07 08:17:41'),(1237,'Toma frontal, angulación lateral izquierda, angulación lateral derecha, ángulo en picada, ángulo en contrapicada',310,1,'2017-06-07 08:18:28','2017-06-07 08:18:28'),(1238,'Toma panorámica',310,2,'2017-06-07 08:18:28','2017-06-07 08:18:28'),(1239,'Toma general ',310,2,'2017-06-07 08:18:28','2017-06-07 08:18:28'),(1240,'Toma de análisis subjetivo',310,2,'2017-06-07 08:18:28','2017-06-07 08:18:28'),(1241,'Toma frontal, angulación lateral izquierda, angulación lateral derecha, ángulo en picada, ángulo en contrapicada',311,1,'2017-06-07 08:19:11','2017-06-07 08:19:11'),(1242,'Toma panorámica',311,2,'2017-06-07 08:19:11','2017-06-07 08:19:11'),(1243,'Toma general ',311,2,'2017-06-07 08:19:11','2017-06-07 08:19:11'),(1244,'Toma de análisis subjetivo',311,2,'2017-06-07 08:19:11','2017-06-07 08:19:11'),(1245,'Las imágenes fijas y el video',312,2,'2017-06-07 08:19:52','2017-06-07 08:19:52'),(1246,'Las imágenes fijas o en movimiento',312,1,'2017-06-07 08:19:52','2017-06-07 08:19:52'),(1247,'Las imágenes',312,2,'2017-06-07 08:19:52','2017-06-07 08:19:52'),(1248,'Las imágenes repetidas o en movimiento ',312,2,'2017-06-07 08:19:52','2017-06-07 08:19:52'),(1249,'Eastman Kodak ',313,1,'2017-06-07 08:20:38','2017-06-07 08:20:38'),(1250,'Kingston ',313,2,'2017-06-07 08:20:38','2017-06-07 08:20:38'),(1251,'Toyota ',313,2,'2017-06-07 08:20:38','2017-06-07 08:20:38'),(1252,'Toyota ',313,2,'2017-06-07 08:20:38','2017-06-07 08:20:38'),(1253,'Janssen ',314,1,'2017-06-07 08:21:10','2017-06-07 08:21:10'),(1254,'Jhon J.',314,2,'2017-06-07 08:21:10','2017-06-07 08:21:10'),(1255,'Fhelpe M.',314,2,'2017-06-07 08:21:10','2017-06-07 08:21:10'),(1256,'Hypolite Bayard ',314,2,'2017-06-07 08:21:10','2017-06-07 08:21:10'),(1257,'Toma del sujeto de abajo arriba ',315,1,'2017-06-07 08:21:49','2017-06-07 08:21:49'),(1258,'Toma diagonal de izquierda a derecha',315,2,'2017-06-07 08:21:49','2017-06-07 08:21:49'),(1259,'Toma sin angulación alguna',315,2,'2017-06-07 08:21:49','2017-06-07 08:21:49'),(1260,'Toma sin angulo',315,2,'2017-06-07 08:21:49','2017-06-07 08:21:49'),(1261,'Toma diagonal de derecha a izquierda ',316,2,'2017-06-07 08:22:26','2017-06-07 08:22:26'),(1262,'Sin angulación alguna',316,1,'2017-06-07 08:22:26','2017-06-07 08:22:26'),(1263,'Toma del sujeto de arriba abajo',316,2,'2017-06-07 08:22:26','2017-06-07 08:22:26'),(1264,'Toma de los sujetos abajo ',316,2,'2017-06-07 08:22:26','2017-06-07 08:22:26'),(1265,'Hypolite Bayard ',317,1,'2017-06-07 08:23:02','2017-06-07 08:23:02'),(1266,'Henry Fox Talbot ',317,2,'2017-06-07 08:23:02','2017-06-07 08:23:02'),(1267,'Louis Jacques Mandé Daguerre ',317,2,'2017-06-07 08:23:02','2017-06-07 08:23:02'),(1268,'Josef-Max Petzval',317,2,'2017-06-07 08:23:02','2017-06-07 08:23:02'),(1269,'Henry Fox Talbot',318,2,'2017-06-07 08:23:34','2017-06-07 08:23:34'),(1270,'Josef-Max Petzval',318,1,'2017-06-07 08:23:34','2017-06-07 08:23:34'),(1271,'Hypolite Bayard',318,2,'2017-06-07 08:23:34','2017-06-07 08:23:34'),(1272,'Louis Jacques Mandé Daguerre ',318,2,'2017-06-07 08:23:34','2017-06-07 08:23:34'),(1273,'Sulfato',319,2,'2017-06-07 08:24:18','2017-06-07 08:24:18'),(1274,'Fosfato',319,2,'2017-06-07 08:24:18','2017-06-07 08:24:18'),(1275,'Yodo',319,1,'2017-06-07 08:24:18','2017-06-07 08:24:18'),(1276,'Vidrio',319,2,'2017-06-07 08:24:18','2017-06-07 08:24:18'),(1277,'Sulfato',320,2,'2017-06-07 08:25:08','2017-06-07 08:25:08'),(1278,'Fosfato',320,2,'2017-06-07 08:25:08','2017-06-07 08:25:08'),(1279,'Yodo',320,1,'2017-06-07 08:25:08','2017-06-07 08:25:08'),(1280,'Vidrio',320,2,'2017-06-07 08:25:08','2017-06-07 08:25:08'),(1281,'Henry Fox Talbot ',321,2,'2017-06-07 08:25:48','2017-06-07 08:25:48'),(1282,'Josef-Max Petzval',321,1,'2017-06-07 08:25:48','2017-06-07 08:25:48'),(1283,'Hypolite Bayard',321,2,'2017-06-07 08:25:48','2017-06-07 08:25:48'),(1284,'Louis Jacques Mandé Daguerre ',321,2,'2017-06-07 08:25:48','2017-06-07 08:25:48'),(1285,'Hypolite Bayard ',322,1,'2017-06-07 08:26:22','2017-06-07 08:26:22'),(1286,'Henry Fox Talbot ',322,2,'2017-06-07 08:26:22','2017-06-07 08:26:22'),(1287,'Louis Jacques Mandé Daguerre ',322,2,'2017-06-07 08:26:22','2017-06-07 08:26:22'),(1288,'Josef-Max Petzval',322,2,'2017-06-07 08:26:22','2017-06-07 08:26:22'),(1289,'Toma diagonal de derecha a izquierda ',323,2,'2017-06-07 08:27:00','2017-06-07 08:27:00'),(1290,'Sin angulación alguna',323,1,'2017-06-07 08:27:00','2017-06-07 08:27:00'),(1291,'Toma del sujeto de arriba abajo',323,2,'2017-06-07 08:27:00','2017-06-07 08:27:00'),(1292,'Toma de los sujetos abajo ',323,2,'2017-06-07 08:27:00','2017-06-07 08:27:00'),(1293,'Toma del sujeto de abajo arriba ',324,1,'2017-06-07 08:27:32','2017-06-07 08:27:32'),(1294,'Toma diagonal de izquierda a derecha',324,2,'2017-06-07 08:27:32','2017-06-07 08:27:32'),(1295,'Toma sin angulación alguna',324,2,'2017-06-07 08:27:32','2017-06-07 08:27:32'),(1296,'Toma sin angulo',324,2,'2017-06-07 08:27:33','2017-06-07 08:27:33'),(1297,'Janssen ',325,1,'2017-06-07 08:28:20','2017-06-07 08:28:20'),(1298,'Jhon J. ',325,2,'2017-06-07 08:28:20','2017-06-07 08:28:20'),(1299,'Fhelpe M.',325,2,'2017-06-07 08:28:20','2017-06-07 08:28:20'),(1300,'Hypolite Bayard ',325,2,'2017-06-07 08:28:20','2017-06-07 08:28:20'),(1301,'Kingston ',326,2,'2017-06-07 08:28:55','2017-06-07 08:28:55'),(1302,'Eastman Kodak ',326,1,'2017-06-07 08:28:55','2017-06-07 08:28:55'),(1303,'Toyota ',326,2,'2017-06-07 08:28:55','2017-06-07 08:28:55'),(1304,'Samsung',326,2,'2017-06-07 08:28:55','2017-06-07 08:28:55'),(1305,'Las imágenes fijas y el video',327,2,'2017-06-07 08:29:31','2017-06-07 08:29:31'),(1306,'Las imágenes fijas o en movimiento',327,1,'2017-06-07 08:29:31','2017-06-07 08:29:31'),(1307,'Las imágenes',327,2,'2017-06-07 08:29:31','2017-06-07 08:29:31'),(1308,'Las imágenes repetidas o en movimiento ',327,2,'2017-06-07 08:29:31','2017-06-07 08:29:31'),(1309,'Toma frontal, angulación lateral izquierda, angulación lateral derecha, ángulo en picada, ángulo en contrapicada',328,1,'2017-06-07 08:30:05','2017-06-07 08:30:05'),(1310,'Toma panorámica',328,2,'2017-06-07 08:30:05','2017-06-07 08:30:05'),(1311,'Toma general ',328,2,'2017-06-07 08:30:05','2017-06-07 08:30:05'),(1312,'Toma de análisis subjetivo',328,2,'2017-06-07 08:30:05','2017-06-07 08:30:05'),(1313,'La compra',329,1,'2017-06-07 08:33:41','2017-06-07 08:33:41'),(1314,'El intercambio ',329,2,'2017-06-07 08:33:41','2017-06-07 08:33:41'),(1315,'La venta',329,2,'2017-06-07 08:33:41','2017-06-07 08:33:41'),(1316,'La asimilación',329,2,'2017-06-07 08:33:41','2017-06-07 08:33:41'),(1317,'Los defectos de los productos',330,1,'2017-06-07 08:34:26','2017-06-07 08:34:26'),(1318,'La calidad del envase',330,2,'2017-06-07 08:34:26','2017-06-07 08:34:26'),(1319,'Las fallas de la marca',330,2,'2017-06-07 08:34:26','2017-06-07 08:34:26'),(1320,'La falta de color',330,2,'2017-06-07 08:34:26','2017-06-07 08:34:26'),(1321,'Los padres de familia',331,2,'2017-06-07 08:35:29','2017-06-07 08:35:29'),(1322,'Cada individuo ',331,2,'2017-06-07 08:35:29','2017-06-07 08:35:29'),(1323,'Los publicistas ',331,2,'2017-06-07 08:35:29','2017-06-07 08:35:29'),(1324,'Todas las personas ',331,1,'2017-06-07 08:35:29','2017-06-07 08:35:29'),(1325,'Estereotipos ',332,1,'2017-06-07 08:36:00','2017-06-07 08:36:00'),(1326,'Imágenes ',332,2,'2017-06-07 08:36:00','2017-06-07 08:36:00'),(1327,'Opiniones ',332,2,'2017-06-07 08:36:00','2017-06-07 08:36:00'),(1328,'Realidades ',332,2,'2017-06-07 08:36:00','2017-06-07 08:36:00'),(1329,'Objetivo',333,2,'2017-06-07 08:36:44','2017-06-07 08:36:44'),(1330,'Estereotipado ',333,2,'2017-06-07 08:36:44','2017-06-07 08:36:44'),(1331,'Subjetivo',333,2,'2017-06-07 08:36:44','2017-06-07 08:36:44'),(1332,'Implícito',333,1,'2017-06-07 08:36:44','2017-06-07 08:36:44'),(1333,'Lectura objetiva',334,2,'2017-06-07 08:37:17','2017-06-07 08:37:17'),(1334,'Lectura implícita ',334,2,'2017-06-07 08:37:17','2017-06-07 08:37:17'),(1335,'Lectura subjetiva',334,1,'2017-06-07 08:37:17','2017-06-07 08:37:17'),(1336,'Lectura reiterada',334,2,'2017-06-07 08:37:17','2017-06-07 08:37:17'),(1337,'El cine ',335,2,'2017-06-07 08:38:10','2017-06-07 08:38:10'),(1338,'Las imágenes ',335,2,'2017-06-07 08:38:10','2017-06-07 08:38:10'),(1339,'Los comerciales ',335,1,'2017-06-07 08:38:11','2017-06-07 08:38:11'),(1340,'El teatro',335,2,'2017-06-07 08:38:11','2017-06-07 08:38:11'),(1341,'Lectura objetiva',336,2,'2017-06-07 08:39:13','2017-06-07 08:39:13'),(1342,'Lectura implícita ',336,2,'2017-06-07 08:39:13','2017-06-07 08:39:13'),(1343,'Lectura subjetiva',336,1,'2017-06-07 08:39:13','2017-06-07 08:39:13'),(1344,'Lectura reiterada',336,2,'2017-06-07 08:39:13','2017-06-07 08:39:13'),(1345,'Objetivo',337,2,'2017-06-07 08:39:45','2017-06-07 08:39:45'),(1346,'Estereotipado ',337,2,'2017-06-07 08:39:45','2017-06-07 08:39:45'),(1347,'Subjetivo',337,2,'2017-06-07 08:39:45','2017-06-07 08:39:45'),(1348,'Implícito',337,1,'2017-06-07 08:39:45','2017-06-07 08:39:45'),(1349,'Estereotipos ',338,1,'2017-06-07 08:40:21','2017-06-07 08:40:21'),(1350,'Imágenes',338,2,'2017-06-07 08:40:21','2017-06-07 08:40:21'),(1351,'Opiniones ',338,2,'2017-06-07 08:40:21','2017-06-07 08:40:21'),(1352,'Realidades ',338,2,'2017-06-07 08:40:22','2017-06-07 08:40:22'),(1353,'Objetivo',339,2,'2017-06-07 08:40:56','2017-06-07 08:40:56'),(1354,'Estereotipado ',339,2,'2017-06-07 08:40:56','2017-06-07 08:40:56'),(1355,'Subjetivo',339,2,'2017-06-07 08:40:56','2017-06-07 08:40:56'),(1356,'Implícito',339,1,'2017-06-07 08:40:56','2017-06-07 08:40:56'),(1357,'Estereotipos ',340,1,'2017-06-07 08:41:33','2017-06-07 08:41:33'),(1358,'Imágenes ',340,2,'2017-06-07 08:41:33','2017-06-07 08:41:33'),(1359,'Opiniones ',340,2,'2017-06-07 08:41:33','2017-06-07 08:41:33'),(1360,'Realidades ',340,2,'2017-06-07 08:41:33','2017-06-07 08:41:33'),(1361,'La compra',341,1,'2017-06-07 08:42:15','2017-06-07 08:42:15'),(1362,'El intercambio ',341,2,'2017-06-07 08:42:15','2017-06-07 08:42:15'),(1363,'La venta',341,2,'2017-06-07 08:42:15','2017-06-07 08:42:15'),(1364,'La asimilación',341,2,'2017-06-07 08:42:16','2017-06-07 08:42:16'),(1365,'Las fallas de la marca',342,2,'2017-06-07 08:42:50','2017-06-07 08:42:50'),(1366,'Los defectos de los productos',342,1,'2017-06-07 08:42:51','2017-06-07 08:42:51'),(1367,'La calidad del envase',342,2,'2017-06-07 08:42:51','2017-06-07 08:42:51'),(1368,'La falta de color',342,2,'2017-06-07 08:42:51','2017-06-07 08:42:51'),(1369,'Los padres de familia',343,2,'2017-06-07 08:43:28','2017-06-07 08:43:28'),(1370,'Cada individuo',343,2,'2017-06-07 08:43:28','2017-06-07 08:43:28'),(1371,'Los publicistas',343,2,'2017-06-07 08:43:28','2017-06-07 08:43:28'),(1372,'Todas las personas ',343,1,'2017-06-07 08:43:28','2017-06-07 08:43:28'),(1373,'Estereotipos ',344,1,'2017-06-07 08:44:05','2017-06-07 08:44:05'),(1374,'Imágenes ',344,2,'2017-06-07 08:44:05','2017-06-07 08:44:05'),(1375,'Opiniones ',344,2,'2017-06-07 08:44:05','2017-06-07 08:44:05'),(1376,'Realidades',344,2,'2017-06-07 08:44:06','2017-06-07 08:44:06'),(1377,'Objetivo',345,2,'2017-06-07 08:44:39','2017-06-07 08:44:39'),(1378,'Estereotipado ',345,2,'2017-06-07 08:44:39','2017-06-07 08:44:39'),(1379,'Subjetivo',345,2,'2017-06-07 08:44:39','2017-06-07 08:44:39'),(1380,'Implícito',345,1,'2017-06-07 08:44:39','2017-06-07 08:44:39'),(1381,'Lectura objetiva',346,2,'2017-06-07 08:45:16','2017-06-07 08:45:16'),(1382,'Lectura implícita',346,2,'2017-06-07 08:45:16','2017-06-07 08:45:16'),(1383,'Lectura subjetiva',346,1,'2017-06-07 08:45:16','2017-06-07 08:45:16'),(1384,'Lectura reiterada',346,2,'2017-06-07 08:45:16','2017-06-07 08:45:16'),(1385,'El cine ',347,2,'2017-06-07 08:45:51','2017-06-07 08:45:51'),(1386,'Las imágenes ',347,2,'2017-06-07 08:45:51','2017-06-07 08:45:51'),(1387,'Los comerciales ',347,1,'2017-06-07 08:45:51','2017-06-07 08:45:51'),(1388,'El teatro',347,2,'2017-06-07 08:45:51','2017-06-07 08:45:51');
/*!40000 ALTER TABLE `respuestas` ENABLE KEYS */;
UNLOCK TABLES;

--
-- Table structure for table `tipos`
--

DROP TABLE IF EXISTS `tipos`;
/*!40101 SET @saved_cs_client     = @@character_set_client */;
/*!40101 SET character_set_client = utf8 */;
CREATE TABLE `tipos` (
  `TIP_id` int(10) unsigned NOT NULL AUTO_INCREMENT,
  `TIP_nombre` varchar(255) COLLATE utf8_unicode_ci DEFAULT NULL,
  `created_at` timestamp NULL DEFAULT NULL,
  `updated_at` timestamp NULL DEFAULT NULL,
  PRIMARY KEY (`TIP_id`)
) ENGINE=InnoDB AUTO_INCREMENT=6 DEFAULT CHARSET=utf8 COLLATE=utf8_unicode_ci;
/*!40101 SET character_set_client = @saved_cs_client */;

--
-- Dumping data for table `tipos`
--

LOCK TABLES `tipos` WRITE;
/*!40000 ALTER TABLE `tipos` DISABLE KEYS */;
INSERT INTO `tipos` VALUES (1,'correcta',NULL,NULL),(2,'incorrecta',NULL,NULL),(3,'prueba',NULL,NULL),(4,'final',NULL,NULL),(5,'global',NULL,NULL);
/*!40000 ALTER TABLE `tipos` ENABLE KEYS */;
UNLOCK TABLES;

--
-- Table structure for table `uni_alus`
--

DROP TABLE IF EXISTS `uni_alus`;
/*!40101 SET @saved_cs_client     = @@character_set_client */;
/*!40101 SET character_set_client = utf8 */;
CREATE TABLE `uni_alus` (
  `UNAL_id` int(10) unsigned NOT NULL AUTO_INCREMENT,
  `UNI_id` int(10) unsigned DEFAULT NULL,
  `ALU_id` int(10) unsigned DEFAULT NULL,
  `UNAL_calificacion` int(11) DEFAULT NULL,
  `UNAL_intentos` int(11) DEFAULT NULL,
  `created_at` timestamp NULL DEFAULT NULL,
  `updated_at` timestamp NULL DEFAULT NULL,
  PRIMARY KEY (`UNAL_id`),
  KEY `uni_alus_uni_id_foreign` (`UNI_id`),
  KEY `uni_alus_alu_id_foreign` (`ALU_id`),
  CONSTRAINT `uni_alus_alu_id_foreign` FOREIGN KEY (`ALU_id`) REFERENCES `alumnos` (`ALU_id`),
  CONSTRAINT `uni_alus_uni_id_foreign` FOREIGN KEY (`UNI_id`) REFERENCES `unidads` (`UNI_id`)
) ENGINE=InnoDB AUTO_INCREMENT=73 DEFAULT CHARSET=utf8 COLLATE=utf8_unicode_ci;
/*!40101 SET character_set_client = @saved_cs_client */;

--
-- Dumping data for table `uni_alus`
--

LOCK TABLES `uni_alus` WRITE;
/*!40000 ALTER TABLE `uni_alus` DISABLE KEYS */;
INSERT INTO `uni_alus` VALUES (1,1,18,2,1,'2017-06-07 05:00:04','2017-06-10 06:27:19'),(2,1,1,8,3,'2017-06-07 05:07:46','2017-06-09 20:47:13'),(3,1,7,4,2,'2017-06-07 08:47:58','2017-06-10 03:11:07'),(4,2,1,7,3,'2017-06-09 20:50:53','2017-06-09 20:58:35'),(5,3,1,8,3,'2017-06-09 21:02:51','2017-06-09 21:05:26'),(6,4,1,7,1,'2017-06-09 21:07:03','2017-06-09 21:08:08'),(7,1,2,10,1,'2017-06-09 21:17:10','2017-06-09 21:18:18'),(8,2,2,6,3,'2017-06-09 21:19:16','2017-06-09 21:24:07'),(9,3,2,6,3,'2017-06-09 21:24:23','2017-06-09 21:27:15'),(10,4,2,7,2,'2017-06-09 21:34:51','2017-06-09 21:37:52'),(11,1,3,10,3,'2017-06-09 21:45:33','2017-06-09 21:49:17'),(12,2,3,9,2,'2017-06-09 21:49:59','2017-06-09 21:53:56'),(13,3,3,7,2,'2017-06-09 21:56:31','2017-06-09 21:58:04'),(14,4,3,7,1,'2017-06-09 21:58:57','2017-06-09 22:02:03'),(15,1,4,9,1,'2017-06-09 22:06:32','2017-06-09 22:08:37'),(16,2,4,8,2,'2017-06-09 22:10:52','2017-06-09 22:13:06'),(17,3,4,7,2,'2017-06-09 22:15:53','2017-06-09 22:19:49'),(18,4,4,9,2,'2017-06-09 22:16:44','2017-06-09 22:32:17'),(19,1,5,7,2,'2017-06-09 22:44:54','2017-06-09 22:49:27'),(20,2,5,8,1,'2017-06-09 22:49:45','2017-06-09 22:51:07'),(21,3,5,8,2,'2017-06-09 22:53:43','2017-06-10 02:23:53'),(22,4,5,7,1,'2017-06-10 02:21:00','2017-06-10 02:22:36'),(23,1,6,9,2,'2017-06-10 02:46:06','2017-06-10 02:50:04'),(24,2,6,7,2,'2017-06-10 02:50:17','2017-06-10 02:59:00'),(25,3,6,6,1,'2017-06-10 03:01:22','2017-06-10 03:02:24'),(26,4,6,6,1,'2017-06-10 03:02:43','2017-06-10 03:03:36'),(27,2,7,4,2,'2017-06-10 03:11:25','2017-06-10 03:14:44'),(28,3,7,8,2,'2017-06-10 03:14:59','2017-06-10 03:15:58'),(29,4,7,10,1,'2017-06-10 03:16:18','2017-06-10 03:17:13'),(30,1,8,10,3,'2017-06-10 03:25:17','2017-06-10 03:27:51'),(31,2,8,6,2,'2017-06-10 03:29:21','2017-06-10 03:31:04'),(32,3,8,7,1,'2017-06-10 03:31:59','2017-06-10 03:32:26'),(33,4,8,8,1,'2017-06-10 03:34:09','2017-06-10 03:35:13'),(34,1,9,6,2,'2017-06-10 03:37:49','2017-06-10 03:50:12'),(35,2,9,5,1,'2017-06-10 03:42:46','2017-06-10 03:43:32'),(36,3,9,4,1,'2017-06-10 03:43:46','2017-06-10 03:44:24'),(37,4,9,2,1,'2017-06-10 03:47:53','2017-06-10 03:48:10'),(38,1,10,4,1,'2017-06-10 04:02:40','2017-06-10 04:03:03'),(39,2,10,8,3,'2017-06-10 04:03:15','2017-06-10 04:04:55'),(40,3,10,5,1,'2017-06-10 04:12:04','2017-06-10 04:12:35'),(41,4,10,8,2,'2017-06-10 04:12:50','2017-06-10 04:18:51'),(42,1,11,6,3,'2017-06-10 04:30:20','2017-06-10 04:35:04'),(43,2,11,6,2,'2017-06-10 04:40:33','2017-06-10 04:44:12'),(44,3,11,7,2,'2017-06-10 04:41:41','2017-06-10 04:46:20'),(45,4,11,9,2,'2017-06-10 04:46:36','2017-06-10 04:55:08'),(46,1,12,8,1,'2017-06-10 05:00:20','2017-06-10 05:25:08'),(47,2,12,8,1,'2017-06-10 05:26:44','2017-06-10 05:28:13'),(48,3,12,8,2,'2017-06-10 05:34:17','2017-06-10 05:37:43'),(49,4,12,5,1,'2017-06-10 05:36:13','2017-06-10 05:36:43'),(50,1,13,6,1,'2017-06-10 05:46:38','2017-06-10 05:47:06'),(51,2,13,7,3,'2017-06-10 05:47:30','2017-06-10 05:50:19'),(52,3,13,5,1,'2017-06-10 05:50:32','2017-06-10 05:51:10'),(53,4,13,2,1,'2017-06-10 06:02:27','2017-06-10 06:04:19'),(54,1,14,5,1,'2017-06-10 06:05:49','2017-06-10 06:06:11'),(55,2,14,7,1,'2017-06-10 06:06:24','2017-06-10 06:07:15'),(56,3,14,3,1,'2017-06-10 06:07:28','2017-06-10 06:07:46'),(57,4,14,3,1,'2017-06-10 06:09:30','2017-06-10 06:09:46'),(58,1,15,5,1,'2017-06-10 06:12:13','2017-06-10 06:12:29'),(59,2,15,4,1,'2017-06-10 06:12:43','2017-06-10 06:12:57'),(60,3,15,4,1,'2017-06-10 06:13:11','2017-06-10 06:13:29'),(61,4,15,3,1,'2017-06-10 06:13:43','2017-06-10 06:14:06'),(62,1,16,1,1,'2017-06-10 06:16:27','2017-06-10 06:16:43'),(63,2,16,2,2,'2017-06-10 06:17:02','2017-06-10 06:17:48'),(64,3,16,2,1,'2017-06-10 06:18:07','2017-06-10 06:18:26'),(65,4,16,5,1,'2017-06-10 06:18:38','2017-06-10 06:18:53'),(66,1,17,2,2,'2017-06-10 06:21:49','2017-06-10 06:22:36'),(67,2,17,1,1,'2017-06-10 06:22:50','2017-06-10 06:23:06'),(68,3,17,2,1,'2017-06-10 06:23:44','2017-06-10 06:24:00'),(69,4,17,2,1,'2017-06-10 06:24:20','2017-06-10 06:24:34'),(70,2,18,1,1,'2017-06-10 06:27:32','2017-06-10 06:27:48'),(71,3,18,0,1,'2017-06-10 06:28:01','2017-06-10 06:28:15'),(72,4,18,0,1,'2017-06-10 06:28:29','2017-06-10 06:28:45');
/*!40000 ALTER TABLE `uni_alus` ENABLE KEYS */;
UNLOCK TABLES;

--
-- Table structure for table `unidads`
--

DROP TABLE IF EXISTS `unidads`;
/*!40101 SET @saved_cs_client     = @@character_set_client */;
/*!40101 SET character_set_client = utf8 */;
CREATE TABLE `unidads` (
  `UNI_id` int(10) unsigned NOT NULL AUTO_INCREMENT,
  `UNI_nombre` varchar(255) COLLATE utf8_unicode_ci DEFAULT NULL,
  `UNI_material_apoyo` varchar(255) COLLATE utf8_unicode_ci DEFAULT NULL,
  `UNI_fecha_final` date DEFAULT NULL,
  `UNI_fecha_inicio` date DEFAULT NULL,
  `UNI_tiempo` varchar(255) COLLATE utf8_unicode_ci DEFAULT NULL,
  `UNI_calificacion` varchar(255) COLLATE utf8_unicode_ci DEFAULT NULL,
  `UNI_intento` varchar(255) COLLATE utf8_unicode_ci DEFAULT NULL,
  `UNI_numero_pregunta` varchar(255) COLLATE utf8_unicode_ci DEFAULT NULL,
  `CUR_id` int(10) unsigned DEFAULT NULL,
  `created_at` timestamp NULL DEFAULT NULL,
  `updated_at` timestamp NULL DEFAULT NULL,
  PRIMARY KEY (`UNI_id`),
  KEY `unidads_cur_id_foreign` (`CUR_id`),
  CONSTRAINT `unidads_cur_id_foreign` FOREIGN KEY (`CUR_id`) REFERENCES `cursos` (`CUR_id`)
) ENGINE=InnoDB AUTO_INCREMENT=15 DEFAULT CHARSET=utf8 COLLATE=utf8_unicode_ci;
/*!40101 SET character_set_client = @saved_cs_client */;

--
-- Dumping data for table `unidads`
--

LOCK TABLES `unidads` WRITE;
/*!40000 ALTER TABLE `unidads` DISABLE KEYS */;
INSERT INTO `unidads` VALUES (1,'UNIDAD 1 IMAGEN Y PEDAGOGÍA','documento_1494986692.pdf','2017-06-26','2017-05-16','20',NULL,NULL,'10',1,'2017-05-17 02:04:52','2017-05-17 02:04:52'),(2,'UNIDAD 2 COMPOSICIÓN EN LA PINTURA ','documento_1494986788.pdf','2017-06-26','2017-05-16','20',NULL,NULL,'10',1,'2017-05-17 02:06:28','2017-05-17 02:06:28'),(3,'UNIDAD 3 LA FUNCIÓN EDUCATIVA DE LA FOTOGRAFIÁ',NULL,'2017-06-26','2017-05-16','20',NULL,NULL,'10',1,'2017-05-17 02:07:37','2017-05-17 02:07:37'),(4,'UNIDAD 4 ANÁLISIS DE PUBLICIDAD GRÁFICA ','documento_1494986905.pdf','2017-06-26','2017-05-16','20',NULL,NULL,'10',1,'2017-05-17 02:08:25','2017-05-17 02:08:25'),(7,'UNIDAD 1 IMAGEN Y PEDAGOGÍA','documento_1495005694.pdf','2017-06-26','2017-05-15','20',NULL,NULL,'10',2,'2017-05-17 07:21:34','2017-05-17 07:21:34'),(8,'UNIDAD 2 COMPOSICIÓN EN LA PINTURA','documento_1495005727.pdf','2017-06-26','2017-05-15','20',NULL,NULL,'10',2,'2017-05-17 07:22:07','2017-05-17 07:22:07'),(9,'UNIDAD 3 LA FUNCIÓN EDUCATIVA DE LA FOTOGRAFIÁ',NULL,'2017-06-26','2017-05-15','20',NULL,NULL,'10',2,'2017-05-17 07:22:40','2017-05-17 07:22:40'),(10,'UNIDAD 4 ANÁLISIS DE PUBLICIDAD GRÁFICA','documento_1495005793.pdf','2017-06-26','2017-05-15','20',NULL,NULL,'10',2,'2017-05-17 07:23:13','2017-05-17 07:23:13'),(11,' UNIDAD 1 IMAGEN Y PEDAGOGÍA ','documento_1495008434.pdf','2017-06-26','2017-05-15','20',NULL,NULL,'10',3,'2017-05-17 08:07:14','2017-05-17 08:07:14'),(12,'UNIDAD 2 COMPOSICIÓN EN LA PINTURA','documento_1495008466.pdf','2017-06-26','2017-05-15','20',NULL,NULL,'10',3,'2017-05-17 08:07:46','2017-05-17 08:07:46'),(13,'UNIDAD 3 LA FUNCIÓN EDUCATIVA DE LA FOTOGRAFIÁ',NULL,'2017-06-26','2017-05-15','20',NULL,NULL,'10',3,'2017-05-17 08:08:15','2017-05-17 08:08:15'),(14,'UNIDAD 4 ANÁLISIS DE PUBLICIDAD GRÁFICA ','documento_1495008527.pdf','2017-06-26','2017-05-15','20',NULL,NULL,'10',3,'2017-05-17 08:08:47','2017-05-17 08:08:47');
/*!40000 ALTER TABLE `unidads` ENABLE KEYS */;
UNLOCK TABLES;

--
-- Table structure for table `users`
--

DROP TABLE IF EXISTS `users`;
/*!40101 SET @saved_cs_client     = @@character_set_client */;
/*!40101 SET character_set_client = utf8 */;
CREATE TABLE `users` (
  `id` int(10) unsigned NOT NULL AUTO_INCREMENT,
  `name` varchar(255) COLLATE utf8_unicode_ci NOT NULL,
  `foto` varchar(255) COLLATE utf8_unicode_ci NOT NULL,
  `email` varchar(255) COLLATE utf8_unicode_ci DEFAULT NULL,
  `password` varchar(255) COLLATE utf8_unicode_ci NOT NULL,
  `type` enum('alumno','profesor','administrador') COLLATE utf8_unicode_ci NOT NULL DEFAULT 'alumno',
  `remember_token` varchar(100) COLLATE utf8_unicode_ci DEFAULT NULL,
  `created_at` timestamp NULL DEFAULT NULL,
  `updated_at` timestamp NULL DEFAULT NULL,
  PRIMARY KEY (`id`),
  UNIQUE KEY `users_email_unique` (`email`)
) ENGINE=InnoDB AUTO_INCREMENT=62 DEFAULT CHARSET=utf8 COLLATE=utf8_unicode_ci;
/*!40101 SET character_set_client = @saved_cs_client */;

--
-- Dumping data for table `users`
--

LOCK TABLES `users` WRITE;
/*!40000 ALTER TABLE `users` DISABLE KEYS */;
INSERT INTO `users` VALUES (1,'admin','logo.png','admin@gmail.com','$2y$10$m1ulFVj1GNzfp5tE1RC7LeBk7.kyteV3ilS2elGeRZmWsc.ShPjlW','administrador','F8jeMfKO2OfBDuZMvIlU2BOXHT2cYwSsUOC6q6UJ0UsRkqUxbtbc48fyT7wP',NULL,'2017-06-08 04:37:22'),(2,'CorPorMau_1745','file.png',NULL,'$2y$10$lKLC1lwGUXOGjhPsaCMjFeoehCYjWDv5OI3ZxBDc0H93AEw2M5xfO','profesor','RAiVN9eUW84kd8ni97OCAmX3Pwlij36D86PCusefAVSgGoFJKQuZHC3PZCJk','2017-05-17 01:49:25','2017-06-09 20:43:05'),(3,'cuate','file.png','alejandro_cuate@gmail','$2y$10$zpUrNlwR5MFOcg8i3twYHeJ/0pp8Peqokk.E75jygWtxMpFxU57Se','alumno','5QcfcnflbIL5rkXBg4vC3fAnDKWKN6FXo7gLEPbkyMVmJeeycWlBKl16Zb4r','2017-05-17 22:44:43','2017-06-09 21:12:50'),(4,'flores','file.png','azucena_flores@gmail.com','$2y$10$cddKV7bEwW/D7OggLVVky.oFsQOU.L4lrAKnfFmnn2K0f6/uvCFS.','alumno','8H4Yv3p1esZEBUu8obFQ3ThRR9IGm8yrIWVdQd9aTxSzfUlMxKtSfM7RYjr2','2017-05-17 22:48:23','2017-06-09 21:39:48'),(5,'gallardo','file.png','luciveth_gallardo@gmail.com','$2y$10$NEfoeImfVTmGtTZ66Q.nKehFkBqfJf2wogPEUd81/CAu.pPsbK7iO','alumno','pYWeDgiWGN1Zy36ooj1EJHWRyTqU16I3WnX8yoTgVbrunM63fDtCVUMRJgL3','2017-05-17 22:54:23','2017-06-09 22:06:19'),(6,'garcia','file.png','delfino_garcia@gmail.com','$2y$10$e5QUrSSUvTHtF7wtS0cqeOsMwFQ5koSUFn069g.f/3Q.LqQq3GmP.','alumno','a1NM203P4ZLxpPZFyhaBSVC1EkSbq6JJlWzQKaKujexZE75bd0Ff22Cvy993','2017-05-17 22:55:56','2017-06-09 22:42:25'),(7,'herreria','file.png','kendy_herrera@gmail.com','$2y$10$pq2wuvPYsTSHWzvvQUG2LO3g17mjjhFzVusQx5sA88OoE3ai80YrK','alumno','9DNY31WdIIoCSIGq0jxXCWZfv6O4A7xKrtN8qa5XB57ItP8Hq3KVBfPamWZc','2017-05-17 22:58:09','2017-06-10 02:44:09'),(8,'jimenez','file.png','rene_jimenez@gmail.com','$2y$10$NQFBxJ0.MtDeHXrvFF4oXuUf3X4QaauhgX9h5gsA2nu6Kz8ujTo76','alumno','zaYfpr5WVBrGb0JnFlvhmLe7wLnNErpJ3vc7zJusKLRKxlr3nVqxJcoD6JNh','2017-05-17 22:59:40','2017-06-10 03:05:36'),(9,'lopez','file.png','isela_lopez@gmail.com','$2y$10$4p4lYWzDUV.QmvbbfHxvye77OpOrrUTFigFP3U2Kyg3c8QNdl0yZ2','alumno','llvWBrK0zwvtJjqYNeWaVrDNnaFgvMgEIAqUE04gfO6J8GPwYqrN1PUY8m2S','2017-05-17 23:01:58','2017-06-10 03:21:42'),(10,'maldonado','file.png','lizeth_maldonado@gmail.com','$2y$10$1jc7WKca36RzdlARtyBIMeFd8W3.mPmer1.T0vea8gc3mZwMDlzYq','alumno','YLPfjyxCyAyTe2cVoZuWJP9pEfQ0H08hDigpUGRd1HmWKm9ItYSr6mJqTyGL','2017-05-17 23:04:05','2017-06-10 03:37:29'),(11,'martinezadame','file.png','josefrancisco_martinez@gmail.com','$2y$10$ICwkYVFvCS8Twszvp/dRqeYE3VAOSC5WwTClX5AMAWu5YzjxYCMjS','alumno','hHd9vrCJL9pBY4BVin2TZTmPYM5nUEK2zwGps2kM2w4mXLC5wkhqdgnTYArw','2017-05-17 23:14:37','2017-06-10 03:58:29'),(12,'martinezjesus','file.png','jesusgeovanni_martinez@gmail.com','$2y$10$QTZqfxT08nm.xzeImPN7/efaDK3szIvbdAnMqQTs0vCz/wa9.EziK','alumno','xQ5Qe0LIOfpS2KXvxgZ5t7tX1a7rPgGRkdMXkQADZVuVb85Us2E50hgjE8Nj','2017-05-17 23:24:05','2017-06-10 04:25:56'),(13,'martinezmaricruz','file.png','maricurz_martinez@gmail.com','$2y$10$3pwrNev.PHVAuqHRBHOKNefPd1hM6uSikPdOuNcU.Una9G1Qmp6hG','alumno','VTEGAgFC1aJY6mCd2XeCb84INvC2dSzVX3jy7vvrpQmi5YcJ3nrLwn4rLxiy','2017-05-17 23:26:27','2017-06-10 04:59:02'),(14,'paulino','file.png','rocio_paulino@gmail','$2y$10$tnPxIC9m0i3CFwr62c/u7OXduDFPtAZB3MSbqdRBdGtpL88QzLer6','alumno','PbjUJxE6xSejNqvi02WKWnGf0Yx4cVksCsAmXBxDMjllfSnaxluQk5aEGdC2','2017-05-17 23:27:55','2017-06-10 05:40:09'),(15,'pascual ','file.png','caleb_pascual@gmail.com','$2y$10$mLOOovo4lRdg1ZNgVB1QZus71d..RVDVmwLhgFq15t2Hcbs4r3RLe','alumno','TNcsWZDlR81cwJUMRs2c9HjeZcFNhBpeEOAkMvmyMdxj49DTeLACmD5TbtgN','2017-05-17 23:30:16','2017-06-10 06:05:27'),(16,'portillo','file.png','alondra_portillo@gmail.com','$2y$10$Ye31kemhaY01yssOyGxYBu/.mqahT9myzOGmFb5pxr80Cwi0/Y6A2','alumno','gnMKXV5mMacTObaSxgq2vBNpaiT3MNWFvL8pzHxx2LPS1FBxoB4IU5Cr82sg','2017-05-17 23:50:30','2017-06-10 06:10:57'),(17,'ramirez','file.png','yoana_ramirez@gmail.com','$2y$10$mBNBVSHY6LyL4QMTeqIkuuVHcTWly/18PdaW9ZtPbn0HC3rJt1nge','alumno','lvMFSFUGhJ2LlLY0UULeLygqxs57I6UANamIBoHOK42Td1lQSSOCTRxpTYcF','2017-05-17 23:52:52','2017-06-10 06:15:18'),(18,'rosales','file.png','juan_rosales@gmail.com','$2y$10$htA4onwlXink3DMAjM2BDuFDY9/gB4zaczSGg1P2RdK5wLmSjfRTC','alumno','LzeXvCYMU7Sheuvp0ehy5QqWKo0HBZgIQrfd0LpHBAFMQilUOkzDzWohZbQq','2017-05-17 23:54:24','2017-06-10 06:19:42'),(19,'valadez','file.png','uriel_valadez@gmail.com','$2y$10$WqgVNB/ViEHj.fbqz2/SGuKHdu6Ofd.FvAzjYhQvTiLR4siYIU.K6','alumno','v8e72eAvJnTotIlXWvLb4PjAhjaoQJ87d7tcuwbBotEWEAJ7Y7QxXMVudlKC','2017-05-17 23:56:05','2017-06-10 06:26:04'),(20,'vela','alumno_1496894135.jpg','celia_vela@gmail.com','$2y$10$.nRFP9bFAMAe2062viM3uOZ8h/TOJztPt7Im08p/NtvaQYiZedGCO','alumno','UYhEdcGbNS4bPcJ4k9gFcNBCla3VlQhIieZZ3tEcklOtwOs2LIXHEnT0KT1G','2017-05-17 23:57:11','2017-06-08 04:20:06'),(21,'abad','file.png','angel_abad@gmail.com','$2y$10$wQr2AYbPNeYq1w0bZ0SyFO8WZvbr8SJqdVclz0WPPUJfEk7rgflgm','alumno','7BqZ5kKQI8D3QTK7y5WWW8uTdMgxzAkZmyCuvWQPrlux6nLGRRKKkiR0IxR8','2017-05-18 00:10:21','2017-06-09 20:30:59'),(22,'bartolo','file.png','heriberto_bartolo@gmail.com','$2y$10$on78xDcAaz2UlYfJXZgzxOCNhhg/9Cs70kNUg0ADhYw3h7qUIUzvC','alumno','DBzyvUMrZUMDNMC3M1kb3qEOiAgXAlSb2CEo8PFBHVQ33K2IAQydXilYyZtP','2017-05-18 00:12:12','2017-05-18 00:12:25'),(23,'benitez','file.png','cinthia_benitez@gmail.com','$2y$10$UUYZUnnGBntlwCBxMHBY/Ol0sQnC7B9g924ustfAYMgpZWt7Seosu','alumno','c60UtVuJosNlAQKdVKAgMdKVdUTql23LICNlgXQGhhtQawu3HZgcUXjolMxf','2017-05-18 00:13:52','2017-05-18 00:14:03'),(24,'bernal','file.png','lizeth_bernal@gmail.com','$2y$10$CQldcOdky3/mjDvc8/2z7O4UFf9ZJlc/C2ImJcj/GmaGuCHQZUXXa','alumno','ERVCoKZT6gLeqhuXkpe49yr1KaaeJB1UZkqllx3BcZLJwuouJMzEXnmZRQRL','2017-05-18 00:15:39','2017-05-18 00:15:50'),(25,'chauteco','file.png','lerwin_chauteco@gmail.com','$2y$10$E4KXosI9Ao0K/OWI4l6i0eXukoR0lZdmgTkifLXr0ZiDZ5e8azfaC','alumno','A72i9QwkqxXLxAthTqiQYsJBDDVtykaXNBxDeWSaQTZiquMhcaSJ1uaDytau','2017-05-18 00:17:44','2017-05-18 00:17:58'),(29,'guzman','file.png','kelvin_guzman@gmail.com','$2y$10$D/bqiRWMKLs832b8zKQ.K.LvHBmqIyF4lwjHfquPR9gtPdV3UvsFa','alumno','1Qb6t9hA5uHAAAbctt7X37tuaaSvEMoaNUOqg5GxQO0YZaNpOptV56xVd8Qy','2017-05-18 00:27:14','2017-05-18 00:27:35'),(30,'manrique','file.png','inving_manrique@gmail.com','$2y$10$FXOGe3pk0gc8T1/fFPBqqedeMBmm0K0TL0.38dbI6xBQH0TmZQW1q','alumno','5uTReIb1aZPfVrOCO47EfYXPs4kITI05ypEhpVWh8wwWPpZRCIz7cxqKoiYm','2017-05-18 00:29:31','2017-05-18 00:29:41'),(31,'marin','file.png','leidy_marin@gmail.com','$2y$10$d1yVooUbLZysaeuRx0HbbOsVDLlHo.yukmDdUw9x3VQxNdk1pdK3G','alumno','DfVZIxbEkwWEto9N1xo71NopJE1oLFEOMNRbIwda2rkMDpH54ywBJ9GiRRF5','2017-05-18 00:31:59','2017-05-18 00:32:11'),(32,'melo','file.png','graciela_melo@gmail.com','$2y$10$Z.cyUZkATF.WUzycMmvYYuD7PWIpzq/eZbujyW0tzsS47XaoiCMk2','alumno','lv1PPVO6b6luTm7AY9DvpizzymgcVV8e7iYcdSGexATTvII6H4oWVnou235G','2017-05-18 00:33:38','2017-05-18 00:33:49'),(33,'munoz','file.png','itzel_munoz@gmail.com','$2y$10$1DdUuklH8FASwJDk/VWu3.i9VbX0w0wpKHR.BxNkgjBD5MKApNUOG','alumno','TdgjFOpoCiAUjI9AnCgRhzhGL2ZwCFRJCWVdNXj7r6AVUDJYCUnJbKGO2wnw','2017-05-18 00:36:15','2017-05-18 00:36:32'),(34,'najera','file.png','luz_najera@gmail.com','$2y$10$/gRgMFCzS.QX6gOX9KaemeUR/4AytpFBRoLk5JHASPBflYeoIuTs.','alumno','errIZdIK30f7WS3YyKsKVunpABjc6yu1DIdhh9h7FIu1JUZwLbc6Ijnmaqez','2017-05-18 00:38:24','2017-05-18 00:38:34'),(35,'ojeda','file.png','gema_ojeda@gmail.com','$2y$10$26GwIfSpzQg/DSvi9T5ELOf41nsssHz6BlmutyMLfAlZStMYCzgTO','alumno','bAbxewwvpvgIlO2zRiaj0esylTambQXxF18jEslvvWx3UMHP9L0PCbhOCARA','2017-05-18 00:47:09','2017-05-18 00:47:19'),(36,'ortega','file.png','ricardo_ortega@gmail.com','$2y$10$VUT3AKWszJZNbUJbThgiCOklTR/vdTvUDTPQdLjLt1Kf1VptiNeAq','alumno','hw7MTWcc70REDMQdkJHykNcsrAQWOwCa61c1D7bf05FOrFLYhp2Wcydme0WA','2017-05-18 00:48:18','2017-05-18 00:48:30'),(37,'suastegui','file.png','jose_suastegui@gmail.com','$2y$10$u5I.05dIYwGNWP2vl2TYPupBBrM4yueTUX9qqIuA49zD.s6imWdae','alumno','eL7i66odze1oe1njLB8WJhB50zRuExDjWjBGrCh6zwtQQZNJ5eHDE5uZhWFT','2017-05-18 00:49:22','2017-05-18 00:49:37'),(38,'trigo','file.png','margarely_trigo@gmail.com','$2y$10$KuEsmmIqwWAbmvnCUIBc2eCoLfRttIChv7nPSSOg4bpzOrbFpGQ1G','alumno','4rD8QUt3bidAVy9VnQM0BLzPvqQ4ny0yfIVCjn6UVMuXyWHIS2bItD8GKU5M','2017-05-18 00:51:10','2017-05-18 00:51:23'),(39,'vazquez','file.png','diana_vazquez@gmail.com','$2y$10$YHqo6hRSR6wDPhlkeq5XN.jaaO1Hc.Jqh2vXrCxN4krHJ2dxM.qCW','alumno','F55gliJHmhXo7mhUHCUGLCsYKtQOSDRxo3LlVSrf4WZpUeMay68lA4nKI4Vj','2017-05-18 00:53:06','2017-05-18 00:53:18'),(40,'zeferino','file.png','israel_jaimes@gmail.com','$2y$10$xlJGmjFJ9lOdoxQ2Kj0IreKgbORQd7AU8yx27dwnLvPebYgTltLlS','alumno','Ll3nSh6nm4ZGUZ26pQAnEfaQheNM2L0Vs2WKRfTTMMaFeGkb208ngsEb1h4Y','2017-05-18 00:53:59','2017-05-18 00:54:10'),(41,'adame','file.png','blanca_adame@gmail.com','$2y$10$GS14tUkV3nI8BZaWWJ3QCO0HgitnzgsTN.TQNQny1eesjl/pYi1Nm','alumno','WUpKKfquSvg5Xg25UUTdBZVB78SHHcr2e3Y5icdWqqncXADX1aCZnfCXhVoe','2017-05-18 00:55:37','2017-06-07 08:59:33'),(42,'amado','file.png','teresa_amado@gmail.com','$2y$10$UTpXmf7iePd611LjpHlAG.8/6CF5MFGCT3ZwMOquvMtURDchwS9I.','alumno','tE1xbXH5nO4JWPvNcWi3QjKgDOt8agxmdcrHeLXJmtgWnenpBDYKkkCthjX2','2017-05-18 00:57:56','2017-05-18 03:26:45'),(43,'antano','file.png','luis_antano@gmail.com','$2y$10$fmEJEEgHwzSyeTKhIxwdO.7DXNJ5XGEU48iyfrZXQN0dwdNLkmcXC','alumno','SzReNfQM6YnuaB7bIIvM3Spmy4C2geE6dZiPkWuannHrYxbZ4L5srM7fyWKT','2017-05-18 01:04:01','2017-05-18 01:04:14'),(44,'bello','file.png','jocelyn_bello@gmail.com','$2y$10$pVYFmlJ.5INxgUIKXZQoh.QPgnufDWwxUjIhGiJOcU9SrFU38/Hwa','alumno','MGbeXtGPLJbbwOMR2jeqek33RRqu96JEJZFSFI0DKtF4COl0HR4782WGRYDU','2017-05-18 01:06:52','2017-05-18 01:07:03'),(45,'casarrubias','file.png','felipe_casarrubias@gmail.com','$2y$10$kw5T4rpUlYaTSk7/.w81n.RZfnY7eYXO0OhwV1NsasFmifFacfnvW','alumno','MQyYC7vh2AY39fHa5HPHTRqvCLkJkuaHIwO4HvudvfR9jgKgTH2XxZX7PA2g','2017-05-18 01:09:06','2017-05-18 01:09:18'),(46,'carrillo','file.png','rud_carrillo@gmail.com','$2y$10$WF6A3gxy4h8wapIyXLL6Xu3QaLzWwjZegAr/dj9q.5KN72/W7yksq','alumno','TDroE7kOfR8LIhYU6r6DytORePCWeeF85NlNvFPFntfPZsAjn74N409zDo4J','2017-05-18 01:10:17','2017-05-18 01:10:28'),(47,'celino','file.png','angel_celino@gmail.com','$2y$10$xemLKa9VyV/44C0Ha3kbL.v4Mm6E2Jzs8WOi8xk/G6DteAVvs0Igu','alumno','BtCiqxFXM4mYve4fgD2at5tTkeQ2DgBvwgYwOAXanJrvohustoMrdS68YMXg','2017-05-18 01:11:24','2017-05-18 01:11:44'),(48,'coronel','file.png','jesus_coronel@gmail.com','$2y$10$qgsHfNs7KMjPl/PTESuPI./3pA47IQ7yJM0.GzVHvzp3S/GTCmCqC','alumno','lCh20ebHoFxPcHBzQ6CqIxqZmZxeafpOy7RTTnpbsTsulNzgktYfIx6bYr3O','2017-05-18 01:12:28','2017-05-18 01:12:44'),(49,'cruz','file.png','elizabeth_cruz@gmail.com','$2y$10$jcOAmmEe4L1GfQraykBlMeRv8sM6F7hw3XTh/4RYWiUgQcRG/hbMm','alumno','IabhJl02iAv6pTwNLYDeSsiyy02tp1Xcwa4tkBmK0SbgjKoIScR4lejEsULb','2017-05-18 01:13:40','2017-05-18 01:13:51'),(50,'ibanez','file.png','abilene_ibanez@gmail.com','$2y$10$d0kWINPtZbKDko81OUVGUeO5VRQwrn2XGMy.vyqJCpIekRXaMbd1C','alumno','AZunaBDkJCbelZqdLXiN3hp9RyLjB7la0M1lMUPtaJP0FM6Gzk6murqJnbsl','2017-05-18 01:14:38','2017-05-18 01:14:51'),(51,'juarez','file.png','david_juarez@gmail.com','$2y$10$5jKhwPiQN5QRk3Iib5wkqekhm5KQgmpUrlEgGbtv6nhApiWI/Aa5C','alumno','j85j24dMtzSbPNjUBPDmaTDEsvNxHHNVaZJ1dvXjQhtEH4cqJHMxZdvUAFz5','2017-05-18 01:15:39','2017-05-18 01:15:51'),(52,'nava','file.png','jose_nava@gmail.com','$2y$10$kwIW0jaBOjLQyX.zW4nAMubewRljZ7QDUkwkZ7gYlOUA.5CNENYbW','alumno','EvJXVHsjtMsQC3W0puVAlFO9nrMNF7ooTHjGU4se0IRGPiHS02dJGRLm78Qg','2017-05-18 01:16:36','2017-05-18 01:16:47'),(53,'sandoval','file.png','natividad_sandoval@gmail.com','$2y$10$raKrQXmXgo6yQX4HGyiEOu8YWi9yLTEOtIB6DOy3TimSP9fqTgzKC','alumno','XlVstMgjZBFpqH33x9w0fp36gINbOR9p9UtDZpQ01vNC4G6hjdtyxdd0v6Mn','2017-05-18 01:17:34','2017-05-18 01:17:44'),(54,'suarez','file.png','luis_suarez@gmail.com','$2y$10$6BbW0MJIzJwV/joC5s/55ec2gXONtk8jBIYyTCX1jbNnChxdIkZVm','alumno','21iEa0vTxbVu0FZwaGEollW9gUISt4VEg29LhyHZBlIfJZBKPKntj01dcw8w','2017-05-18 01:18:33','2017-05-18 01:18:42'),(55,'sebastian','file.png','edith_sebastian@gmail.com','$2y$10$SKKjayFwglGpm9/g3uLYBO5mRkErd9Y8HY/GWyQePNBIOq.44g4bm','alumno','2hoN4dKxk9vXYTbwDNh8d66GfTM1pbkCB2CvqkAurBOfGynAPE6tZ8BnDK2C','2017-05-18 01:19:32','2017-05-18 01:19:43'),(56,'tizapa','file.png','erick_tizapa@gmail.com','$2y$10$DfgQ.DEXDS8NdhmtTr8oNeYuu3s25fvKuWLa1c0wMjSwSssIvAAy2','alumno','5AivYYoEqA5f9NLv2R372XODCtfJiIVKv6KVAne7vK2QPb9vsduBSGtqtogC','2017-05-18 01:20:49','2017-05-18 01:21:00'),(58,'castaneda','file.png','katia_castaneda@gmail.com','$2y$10$3dkAzRKgw8WfPxJO3Upgzem65HSn5EehegjfCQogj.dkqFb2xIIoG','alumno','MCsWt9p0P5CqSQQ8I8pML7EVtEf0jMendlpkKd6E53qWlUkbHMIVF25eK5WH','2017-05-18 01:23:24','2017-05-18 01:23:35'),(59,'villanueva','file.png','yaritza_villanueva@gmail.com','$2y$10$V836qn5N9NrtJlHhHkT1BOc2vUNp0Ap2yRcg.ZkelUlq/eIO.WKi.','alumno','m3OrSRGxQlU0rObby8OI7kVw56cmgyy642eQA68cbF1HCntInOxcF4FnkFni','2017-05-18 01:24:37','2017-05-18 01:24:47'),(60,'gonzalez','file.png','maria_gonzalez@gmail.com','$2y$10$2/WbkGWpCkBxKtm6HgDE1ug2VdvzzoGVJJGdHCW1xX4/0OEWHRHdS','alumno','aBW3NJ9vGoDs8b4O5HRwObvy77kxlFVnGRQ81rKSdA2SYcj6PmpCR8qL3lRJ','2017-05-18 01:25:53','2017-06-07 17:57:38'),(61,'abrajan','file.png','ulises_flores@gmail.com','$2y$10$MYQ3guVErWG/u9WEQ8.iN.zfwVzAFDy41.jPavgeDKezFS9Fq2bf2','alumno','4e2NoNL8i8HSEKcGTkHAwlvDxlCzagaaTR6Zut4Av8vk44k2EtJ5lVb2GVFK','2017-05-18 03:47:35','2017-06-07 05:28:33');
/*!40000 ALTER TABLE `users` ENABLE KEYS */;
UNLOCK TABLES;
/*!40103 SET TIME_ZONE=@OLD_TIME_ZONE */;

/*!40101 SET SQL_MODE=@OLD_SQL_MODE */;
/*!40014 SET FOREIGN_KEY_CHECKS=@OLD_FOREIGN_KEY_CHECKS */;
/*!40014 SET UNIQUE_CHECKS=@OLD_UNIQUE_CHECKS */;
/*!40101 SET CHARACTER_SET_CLIENT=@OLD_CHARACTER_SET_CLIENT */;
/*!40101 SET CHARACTER_SET_RESULTS=@OLD_CHARACTER_SET_RESULTS */;
/*!40101 SET COLLATION_CONNECTION=@OLD_COLLATION_CONNECTION */;
/*!40111 SET SQL_NOTES=@OLD_SQL_NOTES */;

-- Dump completed on 2017-06-10  1:32:39
